2026-06-14 00:06:14.591 +05:30 [WRN] Failed to determine the https port for redirect.
2026-06-14 00:06:14.844 +05:30 [INF] WMS Request: LoginCommand {"Username":"admin","Password":"Admin@123","$type":"LoginCommand"}
2026-06-14 00:06:16.555 +05:30 [WRN] WMS Long Running Request: LoginCommand (1679ms) {"Username":"admin","Password":"Admin@123","$type":"LoginCommand"}
2026-06-14 00:06:16.565 +05:30 [INF] WMS Response: LoginCommand {"AccessToken":"eyJhbGciOiJIUzI1NiIsInR5cCI6IkpXVCJ9.eyJzdWIiOiIxIiwidW5pcXVlX25hbWUiOiJhZG1pbiIsImh0dHA6Ly9zY2hlbWFzLm1pY3Jvc29mdC5jb20vd3MvMjAwOC8wNi9pZGVudGl0eS9jbGFpbXMvcm9sZSI6IkFkbWluIiwiZW1wbG95ZWVJZCI6IjYiLCJqdGkiOiIyMDY4NTliNi0wMjRlLTRiZDEtOTQ2YS0yM2I2ODRlMGRiMTYiLCJleHAiOjE3ODEzNzkzNzYsImlzcyI6IldNUy5BUEkiLCJhdWQiOiJXTVMuQ2xpZW50In0.o535i8IUfXi2mEyZ-fALofOn8UcU9toX-HX9bIE3YLo","RefreshToken":"xw+ue/g5szIh1ztVqlu1ZYTlKonraOwOMt2xRM/AKGtHEPbd1n9pxdp9GLK84HCnuywhi6ptKLAsaqqWNKInDA==","ExpiresAt":"2026-06-13T19:36:16.5538848Z","Username":"admin","Role":"Admin","EmployeeId":6,"$type":"LoginResponse"}
2026-06-14 00:06:16.644 +05:30 [INF] HTTP POST /api/v1/Auth/login responded 200 in 1959.1385 ms
2026-06-14 00:06:36.118 +05:30 [INF] WMS Request: GetAnnouncementsQuery {"IsActive":null,"PageNumber":1,"PageSize":10,"$type":"GetAnnouncementsQuery"}
2026-06-14 00:06:36.578 +05:30 [INF] WMS Response: GetAnnouncementsQuery {"Items":[{"AnnouncementId":1,"Title":"Welcome","Message":"Welcome to WMS","CreatedBy":1,"CreatedByName":"","CreatedOn":"2026-06-13T02:26:06.7300000","IsActive":true,"$type":"AnnouncementDto"},{"AnnouncementId":2,"Title":"Holiday","Message":"Office holiday next week","CreatedBy":1,"CreatedByName":"","CreatedOn":"2026-06-13T02:26:06.7300000","IsActive":true,"$type":"AnnouncementDto"},{"AnnouncementId":3,"Title":"Meeting","Message":"Monthly review meeting","CreatedBy":1,"CreatedByName":"","CreatedOn":"2026-06-13T02:26:06.7300000","IsActive":true,"$type":"AnnouncementDto"},{"AnnouncementId":4,"Title":"Policy Update","Message":"New HR policy released","CreatedBy":1,"CreatedByName":"","CreatedOn":"2026-06-13T02:26:06.7300000","IsActive":true,"$type":"AnnouncementDto"},{"AnnouncementId":5,"Title":"Training","Message":"AI training scheduled","CreatedBy":1,"CreatedByName":"","CreatedOn":"2026-06-13T02:26:06.7300000","IsActive":true,"$type":"AnnouncementDto"}],"TotalCount":5,"PageNumber":1,"PageSize":10,"TotalPages":1,"HasPreviousPage":false,"HasNextPage":false,"$type":"PagedResult`1"}
2026-06-14 00:06:36.647 +05:30 [INF] HTTP GET /api/v1/Announcements responded 200 in 603.4508 ms
2026-06-14 00:08:54.610 +05:30 [WRN] Failed to determine the https port for redirect.
2026-06-14 00:08:54.740 +05:30 [INF] HTTP GET /api/v1/Allocations/1 responded 401 in 53.3164 ms
2026-06-14 00:09:10.138 +05:30 [INF] WMS Request: LoginCommand {"Username":"admin","Password":"Admin@123","$type":"LoginCommand"}
2026-06-14 00:09:11.703 +05:30 [WRN] WMS Long Running Request: LoginCommand (1534ms) {"Username":"admin","Password":"Admin@123","$type":"LoginCommand"}
2026-06-14 00:09:11.712 +05:30 [INF] WMS Response: LoginCommand {"AccessToken":"eyJhbGciOiJIUzI1NiIsInR5cCI6IkpXVCJ9.eyJzdWIiOiIxIiwidW5pcXVlX25hbWUiOiJhZG1pbiIsImh0dHA6Ly9zY2hlbWFzLm1pY3Jvc29mdC5jb20vd3MvMjAwOC8wNi9pZGVudGl0eS9jbGFpbXMvcm9sZSI6IkFkbWluIiwiZW1wbG95ZWVJZCI6IjYiLCJqdGkiOiI4MTBhNzg3Yy0wNDc2LTQ1YjQtYjk3NS0xMDM5ODA4OGIxNzEiLCJleHAiOjE3ODEzNzk1NTEsImlzcyI6IldNUy5BUEkiLCJhdWQiOiJXTVMuQ2xpZW50In0.cOiIc5k1CROAoga0I8MRj9nTM1RK1NjpcrHXL3DdXbo","RefreshToken":"Vq60sOdx60KsUoUBtNYLid663hhp1QmmOZryaPv4um6hhD8BRRdlIbod8kZ1Bj4YInQDE9cj84Xy9CXBSb6Umw==","ExpiresAt":"2026-06-13T19:39:11.7021157Z","Username":"admin","Role":"Admin","EmployeeId":6,"$type":"LoginResponse"}
2026-06-14 00:09:11.782 +05:30 [INF] HTTP POST /api/v1/Auth/login responded 200 in 1753.0044 ms
2026-06-14 00:09:26.775 +05:30 [INF] WMS Request: GetAllocationByIdQuery {"AllocationId":1,"$type":"GetAllocationByIdQuery"}
2026-06-14 00:09:27.107 +05:30 [ERR] HTTP GET /api/v1/Allocations/1 responded 500 in 398.5680 ms
WMS.Application.Common.Exceptions.NotFoundException: EmployeeProjectAllocation with id '1' was not found.
   at WMS.Application.Features.Allocations.Queries.GetAllocationByIdQueryHandler.Handle(GetAllocationByIdQuery request, CancellationToken ct) in C:\Users\Hardik\Desktop\WMS-Solution\src\WMS.Application\Features\Allocations\Queries\GetAllocationByIdQuery.cs:line 39
   at WMS.Application.Common.Behaviours.PerformanceBehaviour`2.Handle(TRequest request, RequestHandlerDelegate`1 next, CancellationToken ct) in C:\Users\Hardik\Desktop\WMS-Solution\src\WMS.Application\Common\Behaviours\PerformanceBehaviour.cs:line 22
   at WMS.Application.Common.Behaviours.ValidationBehaviour`2.Handle(TRequest request, RequestHandlerDelegate`1 next, CancellationToken ct) in C:\Users\Hardik\Desktop\WMS-Solution\src\WMS.Application\Common\Behaviours\ValidationBehaviour.cs:line 20
   at WMS.Application.Common.Behaviours.LoggingBehaviour`2.Handle(TRequest request, RequestHandlerDelegate`1 next, CancellationToken ct) in C:\Users\Hardik\Desktop\WMS-Solution\src\WMS.Application\Common\Behaviours\LoggingBehaviour.cs:line 22
   at WMS.API.Controllers.v1.AllocationsController.GetById(Int32 id, CancellationToken ct) in C:\Users\Hardik\Desktop\WMS-Solution\src\WMS.API\Controllers\v1\AllocationsController.cs:line 89
   at Microsoft.AspNetCore.Mvc.Infrastructure.ActionMethodExecutor.TaskOfIActionResultExecutor.Execute(ActionContext actionContext, IActionResultTypeMapper mapper, ObjectMethodExecutor executor, Object controller, Object[] arguments)
   at Microsoft.AspNetCore.Mvc.Infrastructure.ControllerActionInvoker.<InvokeActionMethodAsync>g__Awaited|12_0(ControllerActionInvoker invoker, ValueTask`1 actionResultValueTask)
   at Microsoft.AspNetCore.Mvc.Infrastructure.ControllerActionInvoker.<InvokeNextActionFilterAsync>g__Awaited|10_0(ControllerActionInvoker invoker, Task lastTask, State next, Scope scope, Object state, Boolean isCompleted)
   at Microsoft.AspNetCore.Mvc.Infrastructure.ControllerActionInvoker.Rethrow(ActionExecutedContextSealed context)
   at Microsoft.AspNetCore.Mvc.Infrastructure.ControllerActionInvoker.Next(State& next, Scope& scope, Object& state, Boolean& isCompleted)
   at Microsoft.AspNetCore.Mvc.Infrastructure.ControllerActionInvoker.<InvokeInnerFilterAsync>g__Awaited|13_0(ControllerActionInvoker invoker, Task lastTask, State next, Scope scope, Object state, Boolean isCompleted)
   at Microsoft.AspNetCore.Mvc.Infrastructure.ResourceInvoker.<InvokeFilterPipelineAsync>g__Awaited|20_0(ResourceInvoker invoker, Task lastTask, State next, Scope scope, Object state, Boolean isCompleted)
   at Microsoft.AspNetCore.Mvc.Infrastructure.ResourceInvoker.<InvokeAsync>g__Awaited|17_0(ResourceInvoker invoker, Task task, IDisposable scope)
   at Microsoft.AspNetCore.Mvc.Infrastructure.ResourceInvoker.<InvokeAsync>g__Awaited|17_0(ResourceInvoker invoker, Task task, IDisposable scope)
   at Microsoft.AspNetCore.Authorization.AuthorizationMiddleware.Invoke(HttpContext context)
   at Microsoft.AspNetCore.Authentication.AuthenticationMiddleware.Invoke(HttpContext context)
   at Serilog.AspNetCore.RequestLoggingMiddleware.Invoke(HttpContext httpContext)
2026-06-14 00:09:27.136 +05:30 [ERR] An unhandled exception occurred: EmployeeProjectAllocation with id '1' was not found.
WMS.Application.Common.Exceptions.NotFoundException: EmployeeProjectAllocation with id '1' was not found.
   at WMS.Application.Features.Allocations.Queries.GetAllocationByIdQueryHandler.Handle(GetAllocationByIdQuery request, CancellationToken ct) in C:\Users\Hardik\Desktop\WMS-Solution\src\WMS.Application\Features\Allocations\Queries\GetAllocationByIdQuery.cs:line 39
   at WMS.Application.Common.Behaviours.PerformanceBehaviour`2.Handle(TRequest request, RequestHandlerDelegate`1 next, CancellationToken ct) in C:\Users\Hardik\Desktop\WMS-Solution\src\WMS.Application\Common\Behaviours\PerformanceBehaviour.cs:line 22
   at WMS.Application.Common.Behaviours.ValidationBehaviour`2.Handle(TRequest request, RequestHandlerDelegate`1 next, CancellationToken ct) in C:\Users\Hardik\Desktop\WMS-Solution\src\WMS.Application\Common\Behaviours\ValidationBehaviour.cs:line 20
   at WMS.Application.Common.Behaviours.LoggingBehaviour`2.Handle(TRequest request, RequestHandlerDelegate`1 next, CancellationToken ct) in C:\Users\Hardik\Desktop\WMS-Solution\src\WMS.Application\Common\Behaviours\LoggingBehaviour.cs:line 22
   at WMS.API.Controllers.v1.AllocationsController.GetById(Int32 id, CancellationToken ct) in C:\Users\Hardik\Desktop\WMS-Solution\src\WMS.API\Controllers\v1\AllocationsController.cs:line 89
   at Microsoft.AspNetCore.Mvc.Infrastructure.ActionMethodExecutor.TaskOfIActionResultExecutor.Execute(ActionContext actionContext, IActionResultTypeMapper mapper, ObjectMethodExecutor executor, Object controller, Object[] arguments)
   at Microsoft.AspNetCore.Mvc.Infrastructure.ControllerActionInvoker.<InvokeActionMethodAsync>g__Awaited|12_0(ControllerActionInvoker invoker, ValueTask`1 actionResultValueTask)
   at Microsoft.AspNetCore.Mvc.Infrastructure.ControllerActionInvoker.<InvokeNextActionFilterAsync>g__Awaited|10_0(ControllerActionInvoker invoker, Task lastTask, State next, Scope scope, Object state, Boolean isCompleted)
   at Microsoft.AspNetCore.Mvc.Infrastructure.ControllerActionInvoker.Rethrow(ActionExecutedContextSealed context)
   at Microsoft.AspNetCore.Mvc.Infrastructure.ControllerActionInvoker.Next(State& next, Scope& scope, Object& state, Boolean& isCompleted)
   at Microsoft.AspNetCore.Mvc.Infrastructure.ControllerActionInvoker.<InvokeInnerFilterAsync>g__Awaited|13_0(ControllerActionInvoker invoker, Task lastTask, State next, Scope scope, Object state, Boolean isCompleted)
   at Microsoft.AspNetCore.Mvc.Infrastructure.ResourceInvoker.<InvokeFilterPipelineAsync>g__Awaited|20_0(ResourceInvoker invoker, Task lastTask, State next, Scope scope, Object state, Boolean isCompleted)
   at Microsoft.AspNetCore.Mvc.Infrastructure.ResourceInvoker.<InvokeAsync>g__Awaited|17_0(ResourceInvoker invoker, Task task, IDisposable scope)
   at Microsoft.AspNetCore.Mvc.Infrastructure.ResourceInvoker.<InvokeAsync>g__Awaited|17_0(ResourceInvoker invoker, Task task, IDisposable scope)
   at Microsoft.AspNetCore.Authorization.AuthorizationMiddleware.Invoke(HttpContext context)
   at Microsoft.AspNetCore.Authentication.AuthenticationMiddleware.Invoke(HttpContext context)
   at Serilog.AspNetCore.RequestLoggingMiddleware.Invoke(HttpContext httpContext)
   at Swashbuckle.AspNetCore.SwaggerUI.SwaggerUIMiddleware.Invoke(HttpContext httpContext)
   at Swashbuckle.AspNetCore.Swagger.SwaggerMiddleware.Invoke(HttpContext httpContext, ISwaggerProvider swaggerProvider)
   at WMS.API.Middleware.GlobalExceptionMiddleware.InvokeAsync(HttpContext context) in C:\Users\Hardik\Desktop\WMS-Solution\src\WMS.API\Middleware\GlobalExceptionMiddleware.cs:line 26
2026-06-14 00:09:34.275 +05:30 [INF] WMS Request: GetAllocationByIdQuery {"AllocationId":3,"$type":"GetAllocationByIdQuery"}
2026-06-14 00:09:34.459 +05:30 [INF] WMS Response: GetAllocationByIdQuery {"AllocationId":3,"EmpId":1,"EmployeeName":"Hardik Patel","DepartmentName":"HR","ProjectId":2,"ProjectName":"HR Portal","AssignedOn":"2026-06-13T02:32:33.3600000","Status":true,"CreatedBy":"Admin","CreateDate":"2026-06-13T02:32:33.3600000","UpdatedBy":null,"UpdatedDate":null,"$type":"AllocationDto"}
2026-06-14 00:09:34.492 +05:30 [INF] HTTP GET /api/v1/Allocations/3 responded 200 in 222.9180 ms
2026-06-14 00:09:47.643 +05:30 [INF] WMS Request: GetAnnouncementByIdQuery {"AnnouncementId":1,"$type":"GetAnnouncementByIdQuery"}
2026-06-14 00:09:47.711 +05:30 [INF] WMS Response: GetAnnouncementByIdQuery {"AnnouncementId":1,"Title":"Welcome","Message":"Welcome to WMS","CreatedBy":1,"CreatedByName":"Hardik Patel","CreatedOn":"2026-06-13T02:26:06.7300000","IsActive":true,"$type":"AnnouncementDto"}
2026-06-14 00:09:47.722 +05:30 [INF] HTTP GET /api/v1/Announcements/1 responded 200 in 87.7141 ms
2026-06-14 00:45:07.882 +05:30 [INF] HTTP OPTIONS /api/v1/allocations responded 204 in 9.9864 ms
2026-06-14 00:45:07.963 +05:30 [INF] WMS Request: GetAllocationsQuery {"EmpId":null,"ProjectId":null,"Status":null,"PageNumber":1,"PageSize":20,"$type":"GetAllocationsQuery"}
2026-06-14 00:45:08.374 +05:30 [INF] WMS Response: GetAllocationsQuery {"Items":[{"AllocationId":6,"EmpId":3,"EmployeeName":"hardik maloo","DepartmentName":"AI-DS","ProjectId":2,"ProjectName":"HR Portal","AssignedOn":"2026-06-29T00:00:00.0000000","Status":false,"CreatedBy":"","CreateDate":"2026-06-13T17:43:55.7346527","UpdatedBy":"admin","UpdatedDate":"2026-06-13T18:29:43.0918397","$type":"AllocationDto"},{"AllocationId":7,"EmpId":2,"EmployeeName":"harsh rathore","DepartmentName":"Finance","ProjectId":2,"ProjectName":"HR Portal","AssignedOn":"2026-06-22T00:00:00.0000000","Status":true,"CreatedBy":"","CreateDate":"2026-06-13T17:52:25.6705390","UpdatedBy":null,"UpdatedDate":null,"$type":"AllocationDto"},{"AllocationId":3,"EmpId":1,"EmployeeName":"Hardik Patel","DepartmentName":"HR","ProjectId":2,"ProjectName":"HR Portal","AssignedOn":"2026-06-13T02:32:33.3600000","Status":true,"CreatedBy":"Admin","CreateDate":"2026-06-13T02:32:33.3600000","UpdatedBy":null,"UpdatedDate":null,"$type":"AllocationDto"},{"AllocationId":4,"EmpId":1,"EmployeeName":"Hardik Patel","DepartmentName":"HR","ProjectId":3,"ProjectName":"Employee App","AssignedOn":"2026-06-13T02:32:33.3600000","Status":false,"CreatedBy":"Admin","CreateDate":"2026-06-13T02:32:33.3600000","UpdatedBy":null,"UpdatedDate":"2026-06-13T17:29:12.8824343","$type":"AllocationDto"},{"AllocationId":5,"EmpId":1,"EmployeeName":"Hardik Patel","DepartmentName":"HR","ProjectId":4,"ProjectName":"Finance Dashboard","AssignedOn":"2026-06-13T02:32:33.3600000","Status":false,"CreatedBy":"Admin","CreateDate":"2026-06-13T02:32:33.3600000","UpdatedBy":null,"UpdatedDate":"2026-06-13T17:29:05.4585258","$type":"AllocationDto"}],"TotalCount":5,"PageNumber":1,"PageSize":20,"TotalPages":1,"HasPreviousPage":false,"HasNextPage":false,"$type":"PagedResult`1"}
2026-06-14 00:45:08.482 +05:30 [INF] HTTP GET /api/v1/allocations responded 200 in 589.6480 ms
2026-06-14 00:52:24.577 +05:30 [WRN] Failed to determine the https port for redirect.
2026-06-14 00:52:24.658 +05:30 [INF] HTTP OPTIONS /api/v1/allocations responded 204 in 3.9475 ms
2026-06-14 00:52:24.963 +05:30 [INF] WMS Request: GetAllocationsQuery {"EmpId":null,"ProjectId":null,"Status":null,"PageNumber":1,"PageSize":20,"$type":"GetAllocationsQuery"}
2026-06-14 00:52:26.053 +05:30 [WRN] WMS Long Running Request: GetAllocationsQuery (1072ms) {"EmpId":null,"ProjectId":null,"Status":null,"PageNumber":1,"PageSize":20,"$type":"GetAllocationsQuery"}
2026-06-14 00:52:26.062 +05:30 [INF] WMS Response: GetAllocationsQuery {"Items":[{"AllocationId":6,"EmpId":3,"EmployeeName":"hardik maloo","DepartmentName":"AI-DS","ProjectId":2,"ProjectName":"HR Portal","AssignedOn":"2026-06-29T00:00:00.0000000","Status":false,"CreatedBy":"","CreateDate":"2026-06-13T17:43:55.7346527","UpdatedBy":"admin","UpdatedDate":"2026-06-13T18:29:43.0918397","$type":"AllocationDto"},{"AllocationId":7,"EmpId":2,"EmployeeName":"harsh rathore","DepartmentName":"Finance","ProjectId":2,"ProjectName":"HR Portal","AssignedOn":"2026-06-22T00:00:00.0000000","Status":true,"CreatedBy":"","CreateDate":"2026-06-13T17:52:25.6705390","UpdatedBy":null,"UpdatedDate":null,"$type":"AllocationDto"},{"AllocationId":3,"EmpId":1,"EmployeeName":"Hardik Patel","DepartmentName":"HR","ProjectId":2,"ProjectName":"HR Portal","AssignedOn":"2026-06-13T02:32:33.3600000","Status":true,"CreatedBy":"Admin","CreateDate":"2026-06-13T02:32:33.3600000","UpdatedBy":null,"UpdatedDate":null,"$type":"AllocationDto"},{"AllocationId":4,"EmpId":1,"EmployeeName":"Hardik Patel","DepartmentName":"HR","ProjectId":3,"ProjectName":"Employee App","AssignedOn":"2026-06-13T02:32:33.3600000","Status":false,"CreatedBy":"Admin","CreateDate":"2026-06-13T02:32:33.3600000","UpdatedBy":null,"UpdatedDate":"2026-06-13T17:29:12.8824343","$type":"AllocationDto"},{"AllocationId":5,"EmpId":1,"EmployeeName":"Hardik Patel","DepartmentName":"HR","ProjectId":4,"ProjectName":"Finance Dashboard","AssignedOn":"2026-06-13T02:32:33.3600000","Status":false,"CreatedBy":"Admin","CreateDate":"2026-06-13T02:32:33.3600000","UpdatedBy":null,"UpdatedDate":"2026-06-13T17:29:05.4585258","$type":"AllocationDto"}],"TotalCount":5,"PageNumber":1,"PageSize":20,"TotalPages":1,"HasPreviousPage":false,"HasNextPage":false,"$type":"PagedResult`1"}
2026-06-14 00:52:26.191 +05:30 [INF] HTTP GET /api/v1/allocations responded 200 in 1491.0447 ms
2026-06-14 00:52:33.877 +05:30 [INF] HTTP OPTIONS /api/v1/allocations responded 204 in 0.4384 ms
2026-06-14 00:52:33.896 +05:30 [INF] WMS Request: GetAllocationsQuery {"EmpId":null,"ProjectId":null,"Status":null,"PageNumber":1,"PageSize":20,"$type":"GetAllocationsQuery"}
2026-06-14 00:52:34.076 +05:30 [INF] WMS Response: GetAllocationsQuery {"Items":[{"AllocationId":6,"EmpId":3,"EmployeeName":"hardik maloo","DepartmentName":"AI-DS","ProjectId":2,"ProjectName":"HR Portal","AssignedOn":"2026-06-29T00:00:00.0000000","Status":false,"CreatedBy":"","CreateDate":"2026-06-13T17:43:55.7346527","UpdatedBy":"admin","UpdatedDate":"2026-06-13T18:29:43.0918397","$type":"AllocationDto"},{"AllocationId":7,"EmpId":2,"EmployeeName":"harsh rathore","DepartmentName":"Finance","ProjectId":2,"ProjectName":"HR Portal","AssignedOn":"2026-06-22T00:00:00.0000000","Status":true,"CreatedBy":"","CreateDate":"2026-06-13T17:52:25.6705390","UpdatedBy":null,"UpdatedDate":null,"$type":"AllocationDto"},{"AllocationId":3,"EmpId":1,"EmployeeName":"Hardik Patel","DepartmentName":"HR","ProjectId":2,"ProjectName":"HR Portal","AssignedOn":"2026-06-13T02:32:33.3600000","Status":true,"CreatedBy":"Admin","CreateDate":"2026-06-13T02:32:33.3600000","UpdatedBy":null,"UpdatedDate":null,"$type":"AllocationDto"},{"AllocationId":4,"EmpId":1,"EmployeeName":"Hardik Patel","DepartmentName":"HR","ProjectId":3,"ProjectName":"Employee App","AssignedOn":"2026-06-13T02:32:33.3600000","Status":false,"CreatedBy":"Admin","CreateDate":"2026-06-13T02:32:33.3600000","UpdatedBy":null,"UpdatedDate":"2026-06-13T17:29:12.8824343","$type":"AllocationDto"},{"AllocationId":5,"EmpId":1,"EmployeeName":"Hardik Patel","DepartmentName":"HR","ProjectId":4,"ProjectName":"Finance Dashboard","AssignedOn":"2026-06-13T02:32:33.3600000","Status":false,"CreatedBy":"Admin","CreateDate":"2026-06-13T02:32:33.3600000","UpdatedBy":null,"UpdatedDate":"2026-06-13T17:29:05.4585258","$type":"AllocationDto"}],"TotalCount":5,"PageNumber":1,"PageSize":20,"TotalPages":1,"HasPreviousPage":false,"HasNextPage":false,"$type":"PagedResult`1"}
2026-06-14 00:52:34.158 +05:30 [INF] HTTP GET /api/v1/allocations responded 200 in 273.0613 ms
2026-06-14 00:58:31.403 +05:30 [INF] HTTP OPTIONS /api/v1/announcements responded 204 in 3.5863 ms
2026-06-14 00:58:31.512 +05:30 [INF] HTTP GET /api/v1/announcements responded 401 in 79.0836 ms
2026-06-14 00:58:36.283 +05:30 [INF] HTTP OPTIONS /api/v1/auth/refresh-token responded 204 in 0.7084 ms
2026-06-14 00:58:36.541 +05:30 [INF] WMS Request: RefreshTokenCommand {"AccessToken":"eyJhbGciOiJIUzI1NiIsInR5cCI6IkpXVCJ9.eyJzdWIiOiIxIiwidW5pcXVlX25hbWUiOiJhZG1pbiIsImh0dHA6Ly9zY2hlbWFzLm1pY3Jvc29mdC5jb20vd3MvMjAwOC8wNi9pZGVudGl0eS9jbGFpbXMvcm9sZSI6IkFkbWluIiwiZW1wbG95ZWVJZCI6IjYiLCJqdGkiOiJkNTA5MGZkMy0xZTJlLTRiMmUtODQzMi1iMTQzMzI5ZDllMzAiLCJleHAiOjE3ODEzNzg4NTksImlzcyI6IldNUy5BUEkiLCJhdWQiOiJXTVMuQ2xpZW50In0.rnO0PWSARukdfoctoVwdNnhTlqP4weS9FO1bAZjL62Y","RefreshToken":"NpNQawtvC0B7XsjLbajUjIXQdk04ix2pEqJByOu+fhzc6gGuoJ7AX0lZbGxhGHzDCEd3wQjaXfUlseSeYuA7kg==","$type":"RefreshTokenCommand"}
2026-06-14 00:58:37.172 +05:30 [ERR] HTTP POST /api/v1/auth/refresh-token responded 500 in 879.9607 ms
WMS.Application.Common.Exceptions.UnauthorizedException: Invalid or expired refresh token.
   at WMS.Application.Features.Auth.Commands.RefreshTokenCommandHandler.Handle(RefreshTokenCommand request, CancellationToken ct) in C:\Users\Hardik\Desktop\WMS-Solution\src\WMS.Application\Features\Auth\Commands\RefreshTokenCommand.cs:line 42
   at WMS.Application.Common.Behaviours.PerformanceBehaviour`2.Handle(TRequest request, RequestHandlerDelegate`1 next, CancellationToken ct) in C:\Users\Hardik\Desktop\WMS-Solution\src\WMS.Application\Common\Behaviours\PerformanceBehaviour.cs:line 22
   at WMS.Application.Common.Behaviours.ValidationBehaviour`2.Handle(TRequest request, RequestHandlerDelegate`1 next, CancellationToken ct) in C:\Users\Hardik\Desktop\WMS-Solution\src\WMS.Application\Common\Behaviours\ValidationBehaviour.cs:line 20
   at WMS.Application.Common.Behaviours.LoggingBehaviour`2.Handle(TRequest request, RequestHandlerDelegate`1 next, CancellationToken ct) in C:\Users\Hardik\Desktop\WMS-Solution\src\WMS.Application\Common\Behaviours\LoggingBehaviour.cs:line 22
   at WMS.API.Controllers.v1.AuthController.RefreshToken(RefreshTokenCommand command, CancellationToken ct) in C:\Users\Hardik\Desktop\WMS-Solution\src\WMS.API\Controllers\v1\AuthController.cs:line 38
   at Microsoft.AspNetCore.Mvc.Infrastructure.ActionMethodExecutor.TaskOfIActionResultExecutor.Execute(ActionContext actionContext, IActionResultTypeMapper mapper, ObjectMethodExecutor executor, Object controller, Object[] arguments)
   at Microsoft.AspNetCore.Mvc.Infrastructure.ControllerActionInvoker.<InvokeActionMethodAsync>g__Awaited|12_0(ControllerActionInvoker invoker, ValueTask`1 actionResultValueTask)
   at Microsoft.AspNetCore.Mvc.Infrastructure.ControllerActionInvoker.<InvokeNextActionFilterAsync>g__Awaited|10_0(ControllerActionInvoker invoker, Task lastTask, State next, Scope scope, Object state, Boolean isCompleted)
   at Microsoft.AspNetCore.Mvc.Infrastructure.ControllerActionInvoker.Rethrow(ActionExecutedContextSealed context)
   at Microsoft.AspNetCore.Mvc.Infrastructure.ControllerActionInvoker.Next(State& next, Scope& scope, Object& state, Boolean& isCompleted)
   at Microsoft.AspNetCore.Mvc.Infrastructure.ControllerActionInvoker.<InvokeInnerFilterAsync>g__Awaited|13_0(ControllerActionInvoker invoker, Task lastTask, State next, Scope scope, Object state, Boolean isCompleted)
   at Microsoft.AspNetCore.Mvc.Infrastructure.ResourceInvoker.<InvokeFilterPipelineAsync>g__Awaited|20_0(ResourceInvoker invoker, Task lastTask, State next, Scope scope, Object state, Boolean isCompleted)
   at Microsoft.AspNetCore.Mvc.Infrastructure.ResourceInvoker.<InvokeAsync>g__Awaited|17_0(ResourceInvoker invoker, Task task, IDisposable scope)
   at Microsoft.AspNetCore.Mvc.Infrastructure.ResourceInvoker.<InvokeAsync>g__Awaited|17_0(ResourceInvoker invoker, Task task, IDisposable scope)
   at Microsoft.AspNetCore.Authorization.AuthorizationMiddleware.Invoke(HttpContext context)
   at Microsoft.AspNetCore.Authentication.AuthenticationMiddleware.Invoke(HttpContext context)
   at Serilog.AspNetCore.RequestLoggingMiddleware.Invoke(HttpContext httpContext)
2026-06-14 00:58:37.218 +05:30 [ERR] An unhandled exception occurred: Invalid or expired refresh token.
WMS.Application.Common.Exceptions.UnauthorizedException: Invalid or expired refresh token.
   at WMS.Application.Features.Auth.Commands.RefreshTokenCommandHandler.Handle(RefreshTokenCommand request, CancellationToken ct) in C:\Users\Hardik\Desktop\WMS-Solution\src\WMS.Application\Features\Auth\Commands\RefreshTokenCommand.cs:line 42
   at WMS.Application.Common.Behaviours.PerformanceBehaviour`2.Handle(TRequest request, RequestHandlerDelegate`1 next, CancellationToken ct) in C:\Users\Hardik\Desktop\WMS-Solution\src\WMS.Application\Common\Behaviours\PerformanceBehaviour.cs:line 22
   at WMS.Application.Common.Behaviours.ValidationBehaviour`2.Handle(TRequest request, RequestHandlerDelegate`1 next, CancellationToken ct) in C:\Users\Hardik\Desktop\WMS-Solution\src\WMS.Application\Common\Behaviours\ValidationBehaviour.cs:line 20
   at WMS.Application.Common.Behaviours.LoggingBehaviour`2.Handle(TRequest request, RequestHandlerDelegate`1 next, CancellationToken ct) in C:\Users\Hardik\Desktop\WMS-Solution\src\WMS.Application\Common\Behaviours\LoggingBehaviour.cs:line 22
   at WMS.API.Controllers.v1.AuthController.RefreshToken(RefreshTokenCommand command, CancellationToken ct) in C:\Users\Hardik\Desktop\WMS-Solution\src\WMS.API\Controllers\v1\AuthController.cs:line 38
   at Microsoft.AspNetCore.Mvc.Infrastructure.ActionMethodExecutor.TaskOfIActionResultExecutor.Execute(ActionContext actionContext, IActionResultTypeMapper mapper, ObjectMethodExecutor executor, Object controller, Object[] arguments)
   at Microsoft.AspNetCore.Mvc.Infrastructure.ControllerActionInvoker.<InvokeActionMethodAsync>g__Awaited|12_0(ControllerActionInvoker invoker, ValueTask`1 actionResultValueTask)
   at Microsoft.AspNetCore.Mvc.Infrastructure.ControllerActionInvoker.<InvokeNextActionFilterAsync>g__Awaited|10_0(ControllerActionInvoker invoker, Task lastTask, State next, Scope scope, Object state, Boolean isCompleted)
   at Microsoft.AspNetCore.Mvc.Infrastructure.ControllerActionInvoker.Rethrow(ActionExecutedContextSealed context)
   at Microsoft.AspNetCore.Mvc.Infrastructure.ControllerActionInvoker.Next(State& next, Scope& scope, Object& state, Boolean& isCompleted)
   at Microsoft.AspNetCore.Mvc.Infrastructure.ControllerActionInvoker.<InvokeInnerFilterAsync>g__Awaited|13_0(ControllerActionInvoker invoker, Task lastTask, State next, Scope scope, Object state, Boolean isCompleted)
   at Microsoft.AspNetCore.Mvc.Infrastructure.ResourceInvoker.<InvokeFilterPipelineAsync>g__Awaited|20_0(ResourceInvoker invoker, Task lastTask, State next, Scope scope, Object state, Boolean isCompleted)
   at Microsoft.AspNetCore.Mvc.Infrastructure.ResourceInvoker.<InvokeAsync>g__Awaited|17_0(ResourceInvoker invoker, Task task, IDisposable scope)
   at Microsoft.AspNetCore.Mvc.Infrastructure.ResourceInvoker.<InvokeAsync>g__Awaited|17_0(ResourceInvoker invoker, Task task, IDisposable scope)
   at Microsoft.AspNetCore.Authorization.AuthorizationMiddleware.Invoke(HttpContext context)
   at Microsoft.AspNetCore.Authentication.AuthenticationMiddleware.Invoke(HttpContext context)
   at Serilog.AspNetCore.RequestLoggingMiddleware.Invoke(HttpContext httpContext)
   at Swashbuckle.AspNetCore.SwaggerUI.SwaggerUIMiddleware.Invoke(HttpContext httpContext)
   at Swashbuckle.AspNetCore.Swagger.SwaggerMiddleware.Invoke(HttpContext httpContext, ISwaggerProvider swaggerProvider)
   at WMS.API.Middleware.GlobalExceptionMiddleware.InvokeAsync(HttpContext context) in C:\Users\Hardik\Desktop\WMS-Solution\src\WMS.API\Middleware\GlobalExceptionMiddleware.cs:line 26
2026-06-14 00:58:37.283 +05:30 [INF] HTTP OPTIONS /api/v1/auth/logout responded 204 in 0.0529 ms
2026-06-14 00:58:37.287 +05:30 [INF] HTTP POST /api/v1/auth/logout responded 401 in 0.9602 ms
2026-06-14 04:54:58.874 +05:30 [INF] HTTP OPTIONS /api/v1/auth/login responded 204 in 6.3530 ms
2026-06-14 04:54:59.126 +05:30 [INF] WMS Request: LoginCommand {"Username":"admin","Password":"Admin@123","$type":"LoginCommand"}
2026-06-14 04:55:00.694 +05:30 [WRN] WMS Long Running Request: LoginCommand (1506ms) {"Username":"admin","Password":"Admin@123","$type":"LoginCommand"}
2026-06-14 04:55:00.705 +05:30 [INF] WMS Response: LoginCommand {"AccessToken":"eyJhbGciOiJIUzI1NiIsInR5cCI6IkpXVCJ9.eyJzdWIiOiIxIiwidW5pcXVlX25hbWUiOiJhZG1pbiIsImh0dHA6Ly9zY2hlbWFzLm1pY3Jvc29mdC5jb20vd3MvMjAwOC8wNi9pZGVudGl0eS9jbGFpbXMvcm9sZSI6IkFkbWluIiwiZW1wbG95ZWVJZCI6IjYiLCJqdGkiOiI1N2UwNzJjYi1hOGU3LTRiZDktOGY3MC1lYWJkODgzZjBiMjgiLCJleHAiOjE3ODEzOTY3MDAsImlzcyI6IldNUy5BUEkiLCJhdWQiOiJXTVMuQ2xpZW50In0.QDiGVlA_FnR5-17NUHnQAoA43FQml6aGkFyhjoPGqJ0","RefreshToken":"UYWQT1VbYz0Q6RVwupI13N48+KfqiIeKdgNA+KWT2zyVppTS7TthnNphFtM7z3qi02AzqBuyxyb06WE5IH0DYA==","ExpiresAt":"2026-06-14T00:25:00.6938056Z","Username":"admin","Role":"Admin","EmployeeId":6,"$type":"LoginResponse"}
2026-06-14 04:55:00.745 +05:30 [INF] HTTP POST /api/v1/auth/login responded 200 in 1841.7769 ms
2026-06-14 04:55:01.069 +05:30 [INF] HTTP OPTIONS /api/v1/dashboard/summary responded 204 in 0.4101 ms
2026-06-14 04:55:01.105 +05:30 [INF] WMS Request: GetDashboardSummaryQuery {"$type":"GetDashboardSummaryQuery"}
2026-06-14 04:55:01.645 +05:30 [WRN] WMS Long Running Request: GetDashboardSummaryQuery (537ms) {"$type":"GetDashboardSummaryQuery"}
2026-06-14 04:55:01.655 +05:30 [INF] WMS Response: GetDashboardSummaryQuery {"TotalEmployees":6,"ActiveEmployees":5,"TotalDepartments":4,"TotalProjects":4,"ActiveProjects":3,"TotalClients":5,"TodayAttendanceCount":3,"PendingLeaves":1,"AttendanceTrend":[{"Date":"Jun 07","Present":1,"Absent":0,"WFH":0,"WFO":1,"$type":"AttendanceTrendDto"},{"Date":"Jun 08","Present":1,"Absent":0,"WFH":1,"WFO":0,"$type":"AttendanceTrendDto"},{"Date":"Jun 09","Present":1,"Absent":0,"WFH":0,"WFO":1,"$type":"AttendanceTrendDto"},{"Date":"Jun 10","Present":1,"Absent":0,"WFH":1,"WFO":0,"$type":"AttendanceTrendDto"},{"Date":"Jun 11","Present":1,"Absent":0,"WFH":0,"WFO":1,"$type":"AttendanceTrendDto"},{"Date":"Jun 12","Present":1,"Absent":0,"WFH":1,"WFO":0,"$type":"AttendanceTrendDto"},{"Date":"Jun 13","Present":3,"Absent":0,"WFH":1,"WFO":2,"$type":"AttendanceTrendDto"}],"LeaveTrend":[{"Month":"2/2026","Approved":1,"Pending":0,"Rejected":0,"$type":"LeaveTrendDto"},{"Month":"3/2026","Approved":0,"Pending":0,"Rejected":1,"$type":"LeaveTrendDto"},{"Month":"4/2026","Approved":0,"Pending":0,"Rejected":1,"$type":"LeaveTrendDto"},{"Month":"5/2026","Approved":1,"Pending":0,"Rejected":0,"$type":"LeaveTrendDto"},{"Month":"6/2026","Approved":4,"Pending":1,"Rejected":2,"$type":"LeaveTrendDto"}],"DepartmentDistribution":[{"DepartmentName":"HR","EmployeeCount":2,"$type":"DepartmentDistributionDto"},{"DepartmentName":"Finance","EmployeeCount":1,"$type":"DepartmentDistributionDto"},{"DepartmentName":"Operations","EmployeeCount":1,"$type":"DepartmentDistributionDto"},{"DepartmentName":"AI-DS","EmployeeCount":1,"$type":"DepartmentDistributionDto"}],"ProjectStatusDistribution":[{"Status":"Active","Count":3,"$type":"ProjectStatusDto"},{"Status":"Completed","Count":1,"$type":"ProjectStatusDto"}],"RecentAnnouncements":[{"AnnouncementId":1,"Title":"Welcome","Message":"Welcome to WMS","CreatedBy":0,"CreatedByName":"Hardik Patel","CreatedOn":"2026-06-13T02:26:06.7300000","IsActive":true,"$type":"AnnouncementDto"},{"AnnouncementId":2,"Title":"Holiday","Message":"Office holiday next week","CreatedBy":0,"CreatedByName":"Hardik Patel","CreatedOn":"2026-06-13T02:26:06.7300000","IsActive":true,"$type":"AnnouncementDto"},{"AnnouncementId":3,"Title":"Meeting","Message":"Monthly review meeting","CreatedBy":0,"CreatedByName":"Hardik Patel","CreatedOn":"2026-06-13T02:26:06.7300000","IsActive":true,"$type":"AnnouncementDto"},{"AnnouncementId":4,"Title":"Policy Update","Message":"New HR policy released","CreatedBy":0,"CreatedByName":"Hardik Patel","CreatedOn":"2026-06-13T02:26:06.7300000","IsActive":true,"$type":"AnnouncementDto"},{"AnnouncementId":5,"Title":"Training","Message":"AI training scheduled","CreatedBy":0,"CreatedByName":"Hardik Patel","CreatedOn":"2026-06-13T02:26:06.7300000","IsActive":true,"$type":"AnnouncementDto"}],"$type":"DashboardSummaryDto"}
2026-06-14 04:55:01.829 +05:30 [INF] HTTP GET /api/v1/dashboard/summary responded 200 in 751.2903 ms
2026-06-14 04:55:03.501 +05:30 [INF] HTTP OPTIONS /api/v1/departments responded 204 in 0.3000 ms
2026-06-14 04:55:03.505 +05:30 [INF] HTTP OPTIONS /api/v1/employees responded 204 in 0.1329 ms
2026-06-14 04:55:03.525 +05:30 [INF] WMS Request: GetDepartmentsQuery {"$type":"GetDepartmentsQuery"}
2026-06-14 04:55:03.533 +05:30 [INF] WMS Request: GetEmployeesQuery {"Search":null,"DepartmentId":null,"RoleId":null,"Status":"Active","PageNumber":1,"PageSize":10,"$type":"GetEmployeesQuery"}
2026-06-14 04:55:03.699 +05:30 [INF] WMS Response: GetEmployeesQuery {"Items":[{"EmployeeId":1,"FirstName":"Hardik","LastName":"Patel","FullName":"Hardik Patel","Email":"hardik@test.com","PhoneNumber":"7737131410","Gender":"Male","DOB":"2004-06-21T00:00:00.0000000","DOJ":"2026-06-08T00:00:00.0000000","DepartmentId":1,"DepartmentName":"HR","RoleId":2,"RoleName":"Manager","Status":"Active","CreatedOn":"2026-06-11T15:03:58.6936554","UpdatedOn":"2026-06-13T07:04:39.6420669","$type":"EmployeeDto"},{"EmployeeId":3,"FirstName":"hardik","LastName":"maloo","FullName":"hardik maloo","Email":"hardikmaloo21@gmail.com","PhoneNumber":"8107663009","Gender":"Male","DOB":"2004-06-21T00:00:00.0000000","DOJ":"2026-06-04T00:00:00.0000000","DepartmentId":5,"DepartmentName":"AI-DS","RoleId":3,"RoleName":"Employee","Status":"Active","CreatedOn":"2026-06-12T23:10:13.1851457","UpdatedOn":null,"$type":"EmployeeDto"},{"EmployeeId":2,"FirstName":"harsh","LastName":"rathore","FullName":"harsh rathore","Email":"harsh@gmail.com","PhoneNumber":"7976681235","Gender":"Male","DOB":"2005-07-03T00:00:00.0000000","DOJ":"2026-06-12T00:00:00.0000000","DepartmentId":3,"DepartmentName":"Finance","RoleId":1,"RoleName":"Admin","Status":"Active","CreatedOn":"2026-06-12T21:25:47.5693795","UpdatedOn":"2026-06-12T23:08:27.1985056","$type":"EmployeeDto"},{"EmployeeId":5,"FirstName":"lakshya","LastName":"sharma","FullName":"lakshya sharma","Email":"lakshya@gmail.com","PhoneNumber":"8946456765","Gender":"Male","DOB":"2005-03-14T00:00:00.0000000","DOJ":"2026-04-08T00:00:00.0000000","DepartmentId":4,"DepartmentName":"Operations","RoleId":3,"RoleName":"Employee","Status":"Active","CreatedOn":"2026-06-13T08:09:44.8928080","UpdatedOn":null,"$type":"EmployeeDto"},{"EmployeeId":6,"FirstName":"System","LastName":"Admin","FullName":"System Admin","Email":"admin@wms.com","PhoneNumber":"9999999999","Gender":"Male","DOB":"1990-01-01T00:00:00.0000000","DOJ":"2026-06-13T19:06:47.4733333","DepartmentId":1,"DepartmentName":"HR","RoleId":1,"RoleName":"Admin","Status":"Active","CreatedOn":"2026-06-13T19:06:47.4733333","UpdatedOn":null,"$type":"EmployeeDto"}],"TotalCount":5,"PageNumber":1,"PageSize":10,"TotalPages":1,"HasPreviousPage":false,"HasNextPage":false,"$type":"PagedResult`1"}
2026-06-14 04:55:03.712 +05:30 [INF] WMS Response: GetDepartmentsQuery [{"DepartmentId":1,"DepartmentName":"HR","Description":"Human Resourcesss","EmployeeCount":2,"CreatedOn":"2024-01-01T00:00:00.0000000","$type":"DepartmentDto"},{"DepartmentId":3,"DepartmentName":"Finance","Description":"Finance & Accounts","EmployeeCount":1,"CreatedOn":"2024-01-01T00:00:00.0000000","$type":"DepartmentDto"},{"DepartmentId":4,"DepartmentName":"Operations","Description":"Business Operations","EmployeeCount":1,"CreatedOn":"2024-01-01T00:00:00.0000000","$type":"DepartmentDto"},{"DepartmentId":5,"DepartmentName":"AI-DS","Description":"artificial intelligence and data science","EmployeeCount":2,"CreatedOn":"2026-06-11T15:03:13.6443056","$type":"DepartmentDto"}]
2026-06-14 04:55:03.801 +05:30 [INF] HTTP GET /api/v1/employees responded 200 in 288.4485 ms
2026-06-14 04:55:03.821 +05:30 [INF] HTTP GET /api/v1/departments responded 200 in 310.0753 ms
2026-06-14 04:55:04.492 +05:30 [INF] WMS Request: GetDepartmentsQuery {"$type":"GetDepartmentsQuery"}
2026-06-14 04:55:04.514 +05:30 [INF] WMS Response: GetDepartmentsQuery [{"DepartmentId":1,"DepartmentName":"HR","Description":"Human Resourcesss","EmployeeCount":2,"CreatedOn":"2024-01-01T00:00:00.0000000","$type":"DepartmentDto"},{"DepartmentId":3,"DepartmentName":"Finance","Description":"Finance & Accounts","EmployeeCount":1,"CreatedOn":"2024-01-01T00:00:00.0000000","$type":"DepartmentDto"},{"DepartmentId":4,"DepartmentName":"Operations","Description":"Business Operations","EmployeeCount":1,"CreatedOn":"2024-01-01T00:00:00.0000000","$type":"DepartmentDto"},{"DepartmentId":5,"DepartmentName":"AI-DS","Description":"artificial intelligence and data science","EmployeeCount":2,"CreatedOn":"2026-06-11T15:03:13.6443056","$type":"DepartmentDto"}]
2026-06-14 04:55:04.544 +05:30 [INF] HTTP GET /api/v1/departments responded 200 in 55.4917 ms
2026-06-14 04:55:06.055 +05:30 [INF] HTTP OPTIONS /api/v1/employees responded 204 in 0.0705 ms
2026-06-14 04:55:06.056 +05:30 [INF] HTTP OPTIONS /api/v1/attendance/today responded 204 in 0.5572 ms
2026-06-14 04:55:06.063 +05:30 [INF] WMS Request: GetEmployeesQuery {"Search":null,"DepartmentId":null,"RoleId":null,"Status":null,"PageNumber":1,"PageSize":500,"$type":"GetEmployeesQuery"}
2026-06-14 04:55:06.077 +05:30 [INF] WMS Request: GetTodayAttendanceQuery {"$type":"GetTodayAttendanceQuery"}
2026-06-14 04:55:06.114 +05:30 [INF] WMS Response: GetEmployeesQuery {"Items":[{"EmployeeId":4,"FirstName":"aditya","LastName":"batwara","FullName":"aditya batwara","Email":"aditya21@gmail.com","PhoneNumber":"7414040730","Gender":"Male","DOB":"2004-02-21T00:00:00.0000000","DOJ":"2026-04-07T00:00:00.0000000","DepartmentId":5,"DepartmentName":"AI-DS","RoleId":3,"RoleName":"Employee","Status":"Inactive","CreatedOn":"2026-06-12T23:12:11.5907684","UpdatedOn":"2026-06-13T12:36:11.3585878","$type":"EmployeeDto"},{"EmployeeId":1,"FirstName":"Hardik","LastName":"Patel","FullName":"Hardik Patel","Email":"hardik@test.com","PhoneNumber":"7737131410","Gender":"Male","DOB":"2004-06-21T00:00:00.0000000","DOJ":"2026-06-08T00:00:00.0000000","DepartmentId":1,"DepartmentName":"HR","RoleId":2,"RoleName":"Manager","Status":"Active","CreatedOn":"2026-06-11T15:03:58.6936554","UpdatedOn":"2026-06-13T07:04:39.6420669","$type":"EmployeeDto"},{"EmployeeId":3,"FirstName":"hardik","LastName":"maloo","FullName":"hardik maloo","Email":"hardikmaloo21@gmail.com","PhoneNumber":"8107663009","Gender":"Male","DOB":"2004-06-21T00:00:00.0000000","DOJ":"2026-06-04T00:00:00.0000000","DepartmentId":5,"DepartmentName":"AI-DS","RoleId":3,"RoleName":"Employee","Status":"Active","CreatedOn":"2026-06-12T23:10:13.1851457","UpdatedOn":null,"$type":"EmployeeDto"},{"EmployeeId":2,"FirstName":"harsh","LastName":"rathore","FullName":"harsh rathore","Email":"harsh@gmail.com","PhoneNumber":"7976681235","Gender":"Male","DOB":"2005-07-03T00:00:00.0000000","DOJ":"2026-06-12T00:00:00.0000000","DepartmentId":3,"DepartmentName":"Finance","RoleId":1,"RoleName":"Admin","Status":"Active","CreatedOn":"2026-06-12T21:25:47.5693795","UpdatedOn":"2026-06-12T23:08:27.1985056","$type":"EmployeeDto"},{"EmployeeId":5,"FirstName":"lakshya","LastName":"sharma","FullName":"lakshya sharma","Email":"lakshya@gmail.com","PhoneNumber":"8946456765","Gender":"Male","DOB":"2005-03-14T00:00:00.0000000","DOJ":"2026-04-08T00:00:00.0000000","DepartmentId":4,"DepartmentName":"Operations","RoleId":3,"RoleName":"Employee","Status":"Active","CreatedOn":"2026-06-13T08:09:44.8928080","UpdatedOn":null,"$type":"EmployeeDto"},{"EmployeeId":6,"FirstName":"System","LastName":"Admin","FullName":"System Admin","Email":"admin@wms.com","PhoneNumber":"9999999999","Gender":"Male","DOB":"1990-01-01T00:00:00.0000000","DOJ":"2026-06-13T19:06:47.4733333","DepartmentId":1,"DepartmentName":"HR","RoleId":1,"RoleName":"Admin","Status":"Active","CreatedOn":"2026-06-13T19:06:47.4733333","UpdatedOn":null,"$type":"EmployeeDto"}],"TotalCount":6,"PageNumber":1,"PageSize":500,"TotalPages":1,"HasPreviousPage":false,"HasNextPage":false,"$type":"PagedResult`1"}
2026-06-14 04:55:06.183 +05:30 [INF] WMS Response: GetTodayAttendanceQuery [{"AttendanceId":7,"EmpId":1,"EmployeeName":"Hardik Patel","CheckIn":"2026-06-13T11:25:42.0866667","CheckOut":"2026-06-13T20:25:42.0866667","TotalHours":9,"WorkMode":"WFO","AttendanceDate":"2026-06-13T00:00:00.0000000","Status":"Complete","$type":"AttendanceDto"},{"AttendanceId":9,"EmpId":2,"EmployeeName":"harsh rathore","CheckIn":"2026-06-13T07:40:34.1850912","CheckOut":"2026-06-13T07:40:46.2162232","TotalHours":0,"WorkMode":"WFH","AttendanceDate":"2026-06-13T00:00:00.0000000","Status":"Complete","$type":"AttendanceDto"},{"AttendanceId":8,"EmpId":3,"EmployeeName":"hardik maloo","CheckIn":"2026-06-13T07:29:43.8752262","CheckOut":"2026-06-13T07:30:12.7045242","TotalHours":0.01,"WorkMode":"WFO","AttendanceDate":"2026-06-13T00:00:00.0000000","Status":"Complete","$type":"AttendanceDto"}]
2026-06-14 04:55:06.232 +05:30 [INF] HTTP GET /api/v1/employees responded 200 in 170.6455 ms
2026-06-14 04:55:06.286 +05:30 [INF] HTTP GET /api/v1/attendance/today responded 200 in 218.5339 ms
2026-06-14 04:55:06.965 +05:30 [INF] HTTP OPTIONS /api/v1/leaves/employee/6 responded 204 in 0.2130 ms
2026-06-14 04:55:06.969 +05:30 [INF] HTTP OPTIONS /api/v1/leaves/pending responded 204 in 0.0788 ms
2026-06-14 04:55:06.985 +05:30 [INF] WMS Request: GetPendingLeavesQuery {"$type":"GetPendingLeavesQuery"}
2026-06-14 04:55:06.986 +05:30 [INF] WMS Request: GetLeavesByEmployeeQuery {"EmployeeId":6,"PageNumber":1,"PageSize":10,"$type":"GetLeavesByEmployeeQuery"}
2026-06-14 04:55:07.037 +05:30 [INF] WMS Response: GetLeavesByEmployeeQuery {"Items":[],"TotalCount":0,"PageNumber":1,"PageSize":10,"TotalPages":0,"HasPreviousPage":false,"HasNextPage":false,"$type":"PagedResult`1"}
2026-06-14 04:55:07.057 +05:30 [INF] HTTP GET /api/v1/leaves/employee/6 responded 200 in 82.3602 ms
2026-06-14 04:55:07.062 +05:30 [INF] WMS Response: GetPendingLeavesQuery [{"LeaveId":12,"EmpId":1,"EmployeeName":"Hardik Patel","LeaveType":"Earned","Reason":"hdtdyuyiuih","FromDate":"2026-07-18T00:00:00.0000000","ToDate":"2026-07-21T00:00:00.0000000","TotalDays":4,"Status":"Pending","AppliedOn":"2026-06-13T18:16:13.0904676","ApprovedBy":null,"ApproverName":null,"ApprovedOn":null,"$type":"LeaveDto"}]
2026-06-14 04:55:07.080 +05:30 [INF] HTTP GET /api/v1/leaves/pending responded 200 in 102.9370 ms
2026-06-14 04:55:09.219 +05:30 [INF] HTTP OPTIONS /api/v1/projects responded 204 in 0.4803 ms
2026-06-14 04:55:09.245 +05:30 [INF] WMS Request: GetProjectsQuery {"Search":null,"Status":null,"ClientId":null,"PageNumber":1,"PageSize":10,"$type":"GetProjectsQuery"}
2026-06-14 04:55:09.339 +05:30 [INF] WMS Response: GetProjectsQuery {"Items":[{"ProjectId":7,"ProjectName":"CRM","ClientId":3,"ClientName":"Microsoft","StartDate":"2026-06-13T00:00:00.0000000","EndDate":"2026-06-27T00:00:00.0000000","Status":"Active","AllocatedEmployeeCount":0,"CreatedOn":"2026-06-13T17:02:39.7969376","$type":"ProjectDto"},{"ProjectId":2,"ProjectName":"HR Portal","ClientId":3,"ClientName":"Microsoft","StartDate":"2026-01-01T00:00:00.0000000","EndDate":"2026-12-31T00:00:00.0000000","Status":"Active","AllocatedEmployeeCount":3,"CreatedOn":"2026-06-13T02:30:31.6900000","$type":"ProjectDto"},{"ProjectId":3,"ProjectName":"Employee App","ClientId":6,"ClientName":"Google","StartDate":"2026-02-01T00:00:00.0000000","EndDate":"2026-11-30T00:00:00.0000000","Status":"Active","AllocatedEmployeeCount":1,"CreatedOn":"2026-06-13T02:30:31.6900000","$type":"ProjectDto"},{"ProjectId":4,"ProjectName":"Finance Dashboard","ClientId":7,"ClientName":"string","StartDate":"2026-03-01T00:00:00.0000000","EndDate":"2026-10-31T00:00:00.0000000","Status":"Completed","AllocatedEmployeeCount":1,"CreatedOn":"2026-06-13T02:30:31.6900000","$type":"ProjectDto"}],"TotalCount":4,"PageNumber":1,"PageSize":10,"TotalPages":1,"HasPreviousPage":false,"HasNextPage":false,"$type":"PagedResult`1"}
2026-06-14 04:55:09.389 +05:30 [INF] HTTP GET /api/v1/projects responded 200 in 158.6087 ms
2026-06-14 04:55:10.396 +05:30 [INF] HTTP OPTIONS /api/v1/clients responded 204 in 0.1281 ms
2026-06-14 04:55:10.422 +05:30 [INF] WMS Request: GetClientsQuery {"Search":null,"PageNumber":1,"PageSize":10,"$type":"GetClientsQuery"}
2026-06-14 04:55:10.486 +05:30 [INF] WMS Response: GetClientsQuery {"Items":[{"ClientId":6,"ClientName":"Google","ClientAddress":"California","ClientPhoneNumber":9876543211,"ClientLocation":"USA","Status":true,"CreatedOn":"2026-06-13T02:24:32.4966667","$type":"ClientDto"},{"ClientId":8,"ClientName":"Infosys","ClientAddress":"Bangalore","ClientPhoneNumber":9876543213,"ClientLocation":"India","Status":true,"CreatedOn":"2026-06-13T02:24:32.4966667","$type":"ClientDto"},{"ClientId":3,"ClientName":"Microsoft","ClientAddress":"Redmond","ClientPhoneNumber":9876543210,"ClientLocation":"USA","Status":true,"CreatedOn":"2026-06-13T02:20:16.9833333","$type":"ClientDto"},{"ClientId":5,"ClientName":"Microsoft","ClientAddress":"Redmond","ClientPhoneNumber":9876543210,"ClientLocation":"USA","Status":true,"CreatedOn":"2026-06-13T02:24:32.4966667","$type":"ClientDto"},{"ClientId":7,"ClientName":"string","ClientAddress":"string","ClientPhoneNumber":0,"ClientLocation":"string","Status":true,"CreatedOn":"2026-06-13T02:24:32.4966667","$type":"ClientDto"}],"TotalCount":5,"PageNumber":1,"PageSize":10,"TotalPages":1,"HasPreviousPage":false,"HasNextPage":false,"$type":"PagedResult`1"}
2026-06-14 04:55:10.572 +05:30 [INF] HTTP GET /api/v1/clients responded 200 in 162.5850 ms
2026-06-14 04:55:11.773 +05:30 [INF] HTTP OPTIONS /api/v1/allocations responded 204 in 0.1202 ms
2026-06-14 04:55:11.783 +05:30 [INF] WMS Request: GetAllocationsQuery {"EmpId":null,"ProjectId":null,"Status":null,"PageNumber":1,"PageSize":20,"$type":"GetAllocationsQuery"}
2026-06-14 04:55:11.827 +05:30 [INF] WMS Response: GetAllocationsQuery {"Items":[{"AllocationId":6,"EmpId":3,"EmployeeName":"hardik maloo","DepartmentName":"AI-DS","ProjectId":2,"ProjectName":"HR Portal","AssignedOn":"2026-06-29T00:00:00.0000000","Status":false,"CreatedBy":"","CreateDate":"2026-06-13T17:43:55.7346527","UpdatedBy":"admin","UpdatedDate":"2026-06-13T18:29:43.0918397","$type":"AllocationDto"},{"AllocationId":7,"EmpId":2,"EmployeeName":"harsh rathore","DepartmentName":"Finance","ProjectId":2,"ProjectName":"HR Portal","AssignedOn":"2026-06-22T00:00:00.0000000","Status":true,"CreatedBy":"","CreateDate":"2026-06-13T17:52:25.6705390","UpdatedBy":null,"UpdatedDate":null,"$type":"AllocationDto"},{"AllocationId":3,"EmpId":1,"EmployeeName":"Hardik Patel","DepartmentName":"HR","ProjectId":2,"ProjectName":"HR Portal","AssignedOn":"2026-06-13T02:32:33.3600000","Status":true,"CreatedBy":"Admin","CreateDate":"2026-06-13T02:32:33.3600000","UpdatedBy":null,"UpdatedDate":null,"$type":"AllocationDto"},{"AllocationId":4,"EmpId":1,"EmployeeName":"Hardik Patel","DepartmentName":"HR","ProjectId":3,"ProjectName":"Employee App","AssignedOn":"2026-06-13T02:32:33.3600000","Status":false,"CreatedBy":"Admin","CreateDate":"2026-06-13T02:32:33.3600000","UpdatedBy":null,"UpdatedDate":"2026-06-13T17:29:12.8824343","$type":"AllocationDto"},{"AllocationId":5,"EmpId":1,"EmployeeName":"Hardik Patel","DepartmentName":"HR","ProjectId":4,"ProjectName":"Finance Dashboard","AssignedOn":"2026-06-13T02:32:33.3600000","Status":false,"CreatedBy":"Admin","CreateDate":"2026-06-13T02:32:33.3600000","UpdatedBy":null,"UpdatedDate":"2026-06-13T17:29:05.4585258","$type":"AllocationDto"}],"TotalCount":5,"PageNumber":1,"PageSize":20,"TotalPages":1,"HasPreviousPage":false,"HasNextPage":false,"$type":"PagedResult`1"}
2026-06-14 04:55:11.902 +05:30 [INF] HTTP GET /api/v1/allocations responded 200 in 120.6173 ms
2026-06-14 04:55:13.752 +05:30 [INF] HTTP OPTIONS /api/v1/announcements responded 204 in 0.0784 ms
2026-06-14 04:55:13.780 +05:30 [INF] WMS Request: GetAnnouncementsQuery {"IsActive":null,"PageNumber":1,"PageSize":10,"$type":"GetAnnouncementsQuery"}
2026-06-14 04:55:13.842 +05:30 [INF] WMS Response: GetAnnouncementsQuery {"Items":[{"AnnouncementId":1,"Title":"Welcome","Message":"Welcome to WMS","CreatedBy":1,"CreatedByName":"Hardik Patel","CreatedOn":"2026-06-13T02:26:06.7300000","IsActive":true,"$type":"AnnouncementDto"},{"AnnouncementId":2,"Title":"Holiday","Message":"Office holiday next week","CreatedBy":1,"CreatedByName":"Hardik Patel","CreatedOn":"2026-06-13T02:26:06.7300000","IsActive":true,"$type":"AnnouncementDto"},{"AnnouncementId":3,"Title":"Meeting","Message":"Monthly review meeting","CreatedBy":1,"CreatedByName":"Hardik Patel","CreatedOn":"2026-06-13T02:26:06.7300000","IsActive":true,"$type":"AnnouncementDto"},{"AnnouncementId":4,"Title":"Policy Update","Message":"New HR policy released","CreatedBy":1,"CreatedByName":"Hardik Patel","CreatedOn":"2026-06-13T02:26:06.7300000","IsActive":true,"$type":"AnnouncementDto"},{"AnnouncementId":5,"Title":"Training","Message":"AI training scheduled","CreatedBy":1,"CreatedByName":"Hardik Patel","CreatedOn":"2026-06-13T02:26:06.7300000","IsActive":true,"$type":"AnnouncementDto"}],"TotalCount":5,"PageNumber":1,"PageSize":10,"TotalPages":1,"HasPreviousPage":false,"HasNextPage":false,"$type":"PagedResult`1"}
2026-06-14 04:55:13.920 +05:30 [INF] HTTP GET /api/v1/announcements responded 200 in 156.1762 ms
2026-06-14 04:55:19.800 +05:30 [INF] HTTP OPTIONS /api/v1/announcements/1/toggle responded 204 in 0.0747 ms
2026-06-14 04:55:19.824 +05:30 [INF] WMS Request: ToggleAnnouncementCommand {"AnnouncementId":1,"$type":"ToggleAnnouncementCommand"}
2026-06-14 04:55:19.912 +05:30 [INF] WMS Response: ToggleAnnouncementCommand {"AnnouncementId":1,"Title":"Welcome","Message":"Welcome to WMS","CreatedBy":1,"CreatedByName":null,"CreatedOn":"2026-06-13T02:26:06.7300000","IsActive":false,"$type":"AnnouncementDto"}
2026-06-14 04:55:19.924 +05:30 [INF] HTTP PATCH /api/v1/announcements/1/toggle responded 200 in 112.7609 ms
2026-06-14 04:55:19.928 +05:30 [INF] HTTP OPTIONS /api/v1/announcements responded 204 in 0.0280 ms
2026-06-14 04:55:19.932 +05:30 [INF] WMS Request: GetAnnouncementsQuery {"IsActive":null,"PageNumber":1,"PageSize":10,"$type":"GetAnnouncementsQuery"}
2026-06-14 04:55:19.941 +05:30 [INF] WMS Response: GetAnnouncementsQuery {"Items":[{"AnnouncementId":1,"Title":"Welcome","Message":"Welcome to WMS","CreatedBy":1,"CreatedByName":"Hardik Patel","CreatedOn":"2026-06-13T02:26:06.7300000","IsActive":false,"$type":"AnnouncementDto"},{"AnnouncementId":2,"Title":"Holiday","Message":"Office holiday next week","CreatedBy":1,"CreatedByName":"Hardik Patel","CreatedOn":"2026-06-13T02:26:06.7300000","IsActive":true,"$type":"AnnouncementDto"},{"AnnouncementId":3,"Title":"Meeting","Message":"Monthly review meeting","CreatedBy":1,"CreatedByName":"Hardik Patel","CreatedOn":"2026-06-13T02:26:06.7300000","IsActive":true,"$type":"AnnouncementDto"},{"AnnouncementId":4,"Title":"Policy Update","Message":"New HR policy released","CreatedBy":1,"CreatedByName":"Hardik Patel","CreatedOn":"2026-06-13T02:26:06.7300000","IsActive":true,"$type":"AnnouncementDto"},{"AnnouncementId":5,"Title":"Training","Message":"AI training scheduled","CreatedBy":1,"CreatedByName":"Hardik Patel","CreatedOn":"2026-06-13T02:26:06.7300000","IsActive":true,"$type":"AnnouncementDto"}],"TotalCount":5,"PageNumber":1,"PageSize":10,"TotalPages":1,"HasPreviousPage":false,"HasNextPage":false,"$type":"PagedResult`1"}
2026-06-14 04:55:19.976 +05:30 [INF] HTTP GET /api/v1/announcements responded 200 in 45.1489 ms
2026-06-14 04:55:23.479 +05:30 [INF] HTTP OPTIONS /api/v1/announcements/1 responded 204 in 0.0482 ms
2026-06-14 04:55:23.506 +05:30 [INF] WMS Request: DeleteAnnouncementCommand {"AnnouncementId":1,"$type":"DeleteAnnouncementCommand"}
2026-06-14 04:55:23.575 +05:30 [INF] WMS Response: DeleteAnnouncementCommand {"$type":"Unit"}
2026-06-14 04:55:23.580 +05:30 [INF] HTTP DELETE /api/v1/announcements/1 responded 200 in 89.0115 ms
2026-06-14 04:55:23.593 +05:30 [INF] WMS Request: GetAnnouncementsQuery {"IsActive":null,"PageNumber":1,"PageSize":10,"$type":"GetAnnouncementsQuery"}
2026-06-14 04:55:23.610 +05:30 [INF] WMS Response: GetAnnouncementsQuery {"Items":[{"AnnouncementId":2,"Title":"Holiday","Message":"Office holiday next week","CreatedBy":1,"CreatedByName":"Hardik Patel","CreatedOn":"2026-06-13T02:26:06.7300000","IsActive":true,"$type":"AnnouncementDto"},{"AnnouncementId":3,"Title":"Meeting","Message":"Monthly review meeting","CreatedBy":1,"CreatedByName":"Hardik Patel","CreatedOn":"2026-06-13T02:26:06.7300000","IsActive":true,"$type":"AnnouncementDto"},{"AnnouncementId":4,"Title":"Policy Update","Message":"New HR policy released","CreatedBy":1,"CreatedByName":"Hardik Patel","CreatedOn":"2026-06-13T02:26:06.7300000","IsActive":true,"$type":"AnnouncementDto"},{"AnnouncementId":5,"Title":"Training","Message":"AI training scheduled","CreatedBy":1,"CreatedByName":"Hardik Patel","CreatedOn":"2026-06-13T02:26:06.7300000","IsActive":true,"$type":"AnnouncementDto"}],"TotalCount":4,"PageNumber":1,"PageSize":10,"TotalPages":1,"HasPreviousPage":false,"HasNextPage":false,"$type":"PagedResult`1"}
2026-06-14 04:55:23.676 +05:30 [INF] HTTP GET /api/v1/announcements responded 200 in 85.2043 ms
2026-06-14 04:55:25.379 +05:30 [INF] HTTP OPTIONS /api/v1/announcements/2 responded 204 in 0.0997 ms
2026-06-14 04:55:25.403 +05:30 [INF] WMS Request: GetAnnouncementByIdQuery {"AnnouncementId":2,"$type":"GetAnnouncementByIdQuery"}
2026-06-14 04:55:25.440 +05:30 [INF] WMS Response: GetAnnouncementByIdQuery {"AnnouncementId":2,"Title":"Holiday","Message":"Office holiday next week","CreatedBy":1,"CreatedByName":"Hardik Patel","CreatedOn":"2026-06-13T02:26:06.7300000","IsActive":true,"$type":"AnnouncementDto"}
2026-06-14 04:55:25.452 +05:30 [INF] HTTP GET /api/v1/announcements/2 responded 200 in 63.5665 ms
2026-06-14 04:55:31.626 +05:30 [INF] HTTP OPTIONS /api/v1/announcements/2 responded 204 in 0.0797 ms
2026-06-14 04:55:31.652 +05:30 [INF] WMS Request: UpdateAnnouncementCommand {"Dto":{"AnnouncementId":2,"Title":"Holiday","Message":"Office holiday next week yesss","$type":"UpdateAnnouncementDto"},"$type":"UpdateAnnouncementCommand"}
2026-06-14 04:55:31.688 +05:30 [INF] WMS Response: UpdateAnnouncementCommand {"AnnouncementId":2,"Title":"Holiday","Message":"Office holiday next week yesss","CreatedBy":1,"CreatedByName":"Hardik Patel","CreatedOn":"2026-06-13T02:26:06.7300000","IsActive":true,"$type":"AnnouncementDto"}
2026-06-14 04:55:31.697 +05:30 [INF] HTTP PUT /api/v1/announcements/2 responded 200 in 65.4480 ms
2026-06-14 04:55:31.713 +05:30 [INF] HTTP OPTIONS /api/v1/announcements responded 204 in 0.0700 ms
2026-06-14 04:55:31.725 +05:30 [INF] WMS Request: GetAnnouncementsQuery {"IsActive":null,"PageNumber":1,"PageSize":10,"$type":"GetAnnouncementsQuery"}
2026-06-14 04:55:31.743 +05:30 [INF] WMS Response: GetAnnouncementsQuery {"Items":[{"AnnouncementId":2,"Title":"Holiday","Message":"Office holiday next week yesss","CreatedBy":1,"CreatedByName":"Hardik Patel","CreatedOn":"2026-06-13T02:26:06.7300000","IsActive":true,"$type":"AnnouncementDto"},{"AnnouncementId":3,"Title":"Meeting","Message":"Monthly review meeting","CreatedBy":1,"CreatedByName":"Hardik Patel","CreatedOn":"2026-06-13T02:26:06.7300000","IsActive":true,"$type":"AnnouncementDto"},{"AnnouncementId":4,"Title":"Policy Update","Message":"New HR policy released","CreatedBy":1,"CreatedByName":"Hardik Patel","CreatedOn":"2026-06-13T02:26:06.7300000","IsActive":true,"$type":"AnnouncementDto"},{"AnnouncementId":5,"Title":"Training","Message":"AI training scheduled","CreatedBy":1,"CreatedByName":"Hardik Patel","CreatedOn":"2026-06-13T02:26:06.7300000","IsActive":true,"$type":"AnnouncementDto"}],"TotalCount":4,"PageNumber":1,"PageSize":10,"TotalPages":1,"HasPreviousPage":false,"HasNextPage":false,"$type":"PagedResult`1"}
2026-06-14 04:55:31.787 +05:30 [INF] HTTP GET /api/v1/announcements responded 200 in 63.2328 ms
2026-06-14 04:55:44.393 +05:30 [INF] HTTP OPTIONS /api/v1/announcements responded 204 in 0.0841 ms
2026-06-14 04:55:44.431 +05:30 [INF] WMS Request: CreateAnnouncementCommand {"Dto":{"Title":"jnflsd","Message":"mnd f,sdflsdf","CreatedBy":1,"$type":"CreateAnnouncementDto"},"$type":"CreateAnnouncementCommand"}
2026-06-14 04:55:44.546 +05:30 [ERR] HTTP POST /api/v1/announcements responded 500 in 144.6530 ms
AutoMapper.AutoMapperMappingException: Missing type map configuration or unsupported mapping.

Mapping types:
CreateAnnouncementDto -> Announcement
WMS.Application.Features.Announcements.DTOs.CreateAnnouncementDto -> WMS.Domain.Entities.Announcement
   at lambda_method1410(Closure, Object, Announcement, ResolutionContext)
   at WMS.Application.Features.Announcements.Commands.CreateAnnouncementCommandHandler.Handle(CreateAnnouncementCommand request, CancellationToken ct) in C:\Users\Hardik\Desktop\WMS-Solution\src\WMS.Application\Features\Announcements\Commands\CreateAnnouncementCommand.cs:line 34
   at WMS.Application.Common.Behaviours.PerformanceBehaviour`2.Handle(TRequest request, RequestHandlerDelegate`1 next, CancellationToken ct) in C:\Users\Hardik\Desktop\WMS-Solution\src\WMS.Application\Common\Behaviours\PerformanceBehaviour.cs:line 22
   at WMS.Application.Common.Behaviours.ValidationBehaviour`2.Handle(TRequest request, RequestHandlerDelegate`1 next, CancellationToken ct) in C:\Users\Hardik\Desktop\WMS-Solution\src\WMS.Application\Common\Behaviours\ValidationBehaviour.cs:line 34
   at WMS.Application.Common.Behaviours.LoggingBehaviour`2.Handle(TRequest request, RequestHandlerDelegate`1 next, CancellationToken ct) in C:\Users\Hardik\Desktop\WMS-Solution\src\WMS.Application\Common\Behaviours\LoggingBehaviour.cs:line 22
   at AnnouncementsController.Create(CreateAnnouncementDto dto, CancellationToken ct) in C:\Users\Hardik\Desktop\WMS-Solution\src\WMS.API\Controllers\v1\AnnouncementsController.cs:line 48
   at Microsoft.AspNetCore.Mvc.Infrastructure.ActionMethodExecutor.TaskOfIActionResultExecutor.Execute(ActionContext actionContext, IActionResultTypeMapper mapper, ObjectMethodExecutor executor, Object controller, Object[] arguments)
   at Microsoft.AspNetCore.Mvc.Infrastructure.ControllerActionInvoker.<InvokeActionMethodAsync>g__Awaited|12_0(ControllerActionInvoker invoker, ValueTask`1 actionResultValueTask)
   at Microsoft.AspNetCore.Mvc.Infrastructure.ControllerActionInvoker.<InvokeNextActionFilterAsync>g__Awaited|10_0(ControllerActionInvoker invoker, Task lastTask, State next, Scope scope, Object state, Boolean isCompleted)
   at Microsoft.AspNetCore.Mvc.Infrastructure.ControllerActionInvoker.Rethrow(ActionExecutedContextSealed context)
   at Microsoft.AspNetCore.Mvc.Infrastructure.ControllerActionInvoker.Next(State& next, Scope& scope, Object& state, Boolean& isCompleted)
   at Microsoft.AspNetCore.Mvc.Infrastructure.ControllerActionInvoker.<InvokeInnerFilterAsync>g__Awaited|13_0(ControllerActionInvoker invoker, Task lastTask, State next, Scope scope, Object state, Boolean isCompleted)
   at Microsoft.AspNetCore.Mvc.Infrastructure.ResourceInvoker.<InvokeFilterPipelineAsync>g__Awaited|20_0(ResourceInvoker invoker, Task lastTask, State next, Scope scope, Object state, Boolean isCompleted)
   at Microsoft.AspNetCore.Mvc.Infrastructure.ResourceInvoker.<InvokeAsync>g__Awaited|17_0(ResourceInvoker invoker, Task task, IDisposable scope)
   at Microsoft.AspNetCore.Mvc.Infrastructure.ResourceInvoker.<InvokeAsync>g__Awaited|17_0(ResourceInvoker invoker, Task task, IDisposable scope)
   at Microsoft.AspNetCore.Authorization.AuthorizationMiddleware.Invoke(HttpContext context)
   at Microsoft.AspNetCore.Authentication.AuthenticationMiddleware.Invoke(HttpContext context)
   at Serilog.AspNetCore.RequestLoggingMiddleware.Invoke(HttpContext httpContext)
2026-06-14 04:55:44.576 +05:30 [ERR] An unhandled exception occurred: Missing type map configuration or unsupported mapping.

Mapping types:
CreateAnnouncementDto -> Announcement
WMS.Application.Features.Announcements.DTOs.CreateAnnouncementDto -> WMS.Domain.Entities.Announcement
AutoMapper.AutoMapperMappingException: Missing type map configuration or unsupported mapping.

Mapping types:
CreateAnnouncementDto -> Announcement
WMS.Application.Features.Announcements.DTOs.CreateAnnouncementDto -> WMS.Domain.Entities.Announcement
   at lambda_method1410(Closure, Object, Announcement, ResolutionContext)
   at WMS.Application.Features.Announcements.Commands.CreateAnnouncementCommandHandler.Handle(CreateAnnouncementCommand request, CancellationToken ct) in C:\Users\Hardik\Desktop\WMS-Solution\src\WMS.Application\Features\Announcements\Commands\CreateAnnouncementCommand.cs:line 34
   at WMS.Application.Common.Behaviours.PerformanceBehaviour`2.Handle(TRequest request, RequestHandlerDelegate`1 next, CancellationToken ct) in C:\Users\Hardik\Desktop\WMS-Solution\src\WMS.Application\Common\Behaviours\PerformanceBehaviour.cs:line 22
   at WMS.Application.Common.Behaviours.ValidationBehaviour`2.Handle(TRequest request, RequestHandlerDelegate`1 next, CancellationToken ct) in C:\Users\Hardik\Desktop\WMS-Solution\src\WMS.Application\Common\Behaviours\ValidationBehaviour.cs:line 34
   at WMS.Application.Common.Behaviours.LoggingBehaviour`2.Handle(TRequest request, RequestHandlerDelegate`1 next, CancellationToken ct) in C:\Users\Hardik\Desktop\WMS-Solution\src\WMS.Application\Common\Behaviours\LoggingBehaviour.cs:line 22
   at AnnouncementsController.Create(CreateAnnouncementDto dto, CancellationToken ct) in C:\Users\Hardik\Desktop\WMS-Solution\src\WMS.API\Controllers\v1\AnnouncementsController.cs:line 48
   at Microsoft.AspNetCore.Mvc.Infrastructure.ActionMethodExecutor.TaskOfIActionResultExecutor.Execute(ActionContext actionContext, IActionResultTypeMapper mapper, ObjectMethodExecutor executor, Object controller, Object[] arguments)
   at Microsoft.AspNetCore.Mvc.Infrastructure.ControllerActionInvoker.<InvokeActionMethodAsync>g__Awaited|12_0(ControllerActionInvoker invoker, ValueTask`1 actionResultValueTask)
   at Microsoft.AspNetCore.Mvc.Infrastructure.ControllerActionInvoker.<InvokeNextActionFilterAsync>g__Awaited|10_0(ControllerActionInvoker invoker, Task lastTask, State next, Scope scope, Object state, Boolean isCompleted)
   at Microsoft.AspNetCore.Mvc.Infrastructure.ControllerActionInvoker.Rethrow(ActionExecutedContextSealed context)
   at Microsoft.AspNetCore.Mvc.Infrastructure.ControllerActionInvoker.Next(State& next, Scope& scope, Object& state, Boolean& isCompleted)
   at Microsoft.AspNetCore.Mvc.Infrastructure.ControllerActionInvoker.<InvokeInnerFilterAsync>g__Awaited|13_0(ControllerActionInvoker invoker, Task lastTask, State next, Scope scope, Object state, Boolean isCompleted)
   at Microsoft.AspNetCore.Mvc.Infrastructure.ResourceInvoker.<InvokeFilterPipelineAsync>g__Awaited|20_0(ResourceInvoker invoker, Task lastTask, State next, Scope scope, Object state, Boolean isCompleted)
   at Microsoft.AspNetCore.Mvc.Infrastructure.ResourceInvoker.<InvokeAsync>g__Awaited|17_0(ResourceInvoker invoker, Task task, IDisposable scope)
   at Microsoft.AspNetCore.Mvc.Infrastructure.ResourceInvoker.<InvokeAsync>g__Awaited|17_0(ResourceInvoker invoker, Task task, IDisposable scope)
   at Microsoft.AspNetCore.Authorization.AuthorizationMiddleware.Invoke(HttpContext context)
   at Microsoft.AspNetCore.Authentication.AuthenticationMiddleware.Invoke(HttpContext context)
   at Serilog.AspNetCore.RequestLoggingMiddleware.Invoke(HttpContext httpContext)
   at Swashbuckle.AspNetCore.SwaggerUI.SwaggerUIMiddleware.Invoke(HttpContext httpContext)
   at Swashbuckle.AspNetCore.Swagger.SwaggerMiddleware.Invoke(HttpContext httpContext, ISwaggerProvider swaggerProvider)
   at WMS.API.Middleware.GlobalExceptionMiddleware.InvokeAsync(HttpContext context) in C:\Users\Hardik\Desktop\WMS-Solution\src\WMS.API\Middleware\GlobalExceptionMiddleware.cs:line 26
2026-06-14 04:58:27.628 +05:30 [WRN] Failed to determine the https port for redirect.
2026-06-14 04:58:27.893 +05:30 [INF] WMS Request: LoginCommand {"Username":"admin","Password":"Admin@123","$type":"LoginCommand"}
2026-06-14 04:58:29.424 +05:30 [WRN] WMS Long Running Request: LoginCommand (1491ms) {"Username":"admin","Password":"Admin@123","$type":"LoginCommand"}
2026-06-14 04:58:29.431 +05:30 [INF] WMS Response: LoginCommand {"AccessToken":"eyJhbGciOiJIUzI1NiIsInR5cCI6IkpXVCJ9.eyJzdWIiOiIxIiwidW5pcXVlX25hbWUiOiJhZG1pbiIsImh0dHA6Ly9zY2hlbWFzLm1pY3Jvc29mdC5jb20vd3MvMjAwOC8wNi9pZGVudGl0eS9jbGFpbXMvcm9sZSI6IkFkbWluIiwiZW1wbG95ZWVJZCI6IjYiLCJqdGkiOiI1M2QxOWYwZC1iZTAwLTRjZWEtYjQzNi03Nzk3MWNhMWE3NGYiLCJleHAiOjE3ODEzOTY5MDksImlzcyI6IldNUy5BUEkiLCJhdWQiOiJXTVMuQ2xpZW50In0.bx4FvlukBtor5R-Flc_88CS1i0_vMc2kIgEy7qJ0hGE","RefreshToken":"4deQx8c4ZyRg9alMYeTeBLba2wjH+qy/xe0dcbCxq6yWYEZPNBDCw+oeErdFr3GQYXIGlVFbnnScBlZPieq8eQ==","ExpiresAt":"2026-06-14T00:28:29.4242073Z","Username":"admin","Role":"Admin","EmployeeId":6,"$type":"LoginResponse"}
2026-06-14 04:58:29.494 +05:30 [INF] HTTP POST /api/v1/Auth/login responded 200 in 1802.7894 ms
2026-06-14 04:59:12.086 +05:30 [INF] WMS Request: GetAnnouncementsQuery {"IsActive":null,"PageNumber":1,"PageSize":10,"$type":"GetAnnouncementsQuery"}
2026-06-14 04:59:12.484 +05:30 [INF] WMS Response: GetAnnouncementsQuery {"Items":[{"AnnouncementId":2,"Title":"Holiday","Message":"Office holiday next week yesss","CreatedBy":1,"CreatedByName":"Hardik Patel","CreatedOn":"2026-06-13T02:26:06.7300000","IsActive":true,"$type":"AnnouncementDto"},{"AnnouncementId":3,"Title":"Meeting","Message":"Monthly review meeting","CreatedBy":1,"CreatedByName":"Hardik Patel","CreatedOn":"2026-06-13T02:26:06.7300000","IsActive":true,"$type":"AnnouncementDto"},{"AnnouncementId":4,"Title":"Policy Update","Message":"New HR policy released","CreatedBy":1,"CreatedByName":"Hardik Patel","CreatedOn":"2026-06-13T02:26:06.7300000","IsActive":true,"$type":"AnnouncementDto"},{"AnnouncementId":5,"Title":"Training","Message":"AI training scheduled","CreatedBy":1,"CreatedByName":"Hardik Patel","CreatedOn":"2026-06-13T02:26:06.7300000","IsActive":true,"$type":"AnnouncementDto"}],"TotalCount":4,"PageNumber":1,"PageSize":10,"TotalPages":1,"HasPreviousPage":false,"HasNextPage":false,"$type":"PagedResult`1"}
2026-06-14 04:59:12.594 +05:30 [INF] HTTP GET /api/v1/Announcements responded 200 in 582.7351 ms
2026-06-14 04:59:32.503 +05:30 [INF] WMS Request: CreateAnnouncementCommand {"Dto":{"Title":"jhsdfd","Message":"jhhdvdfhjhsvfsdfjs","CreatedBy":2,"$type":"CreateAnnouncementDto"},"$type":"CreateAnnouncementCommand"}
2026-06-14 04:59:32.597 +05:30 [ERR] HTTP POST /api/v1/Announcements responded 500 in 122.8233 ms
AutoMapper.AutoMapperMappingException: Missing type map configuration or unsupported mapping.

Mapping types:
CreateAnnouncementDto -> Announcement
WMS.Application.Features.Announcements.DTOs.CreateAnnouncementDto -> WMS.Domain.Entities.Announcement
   at lambda_method329(Closure, Object, Announcement, ResolutionContext)
   at WMS.Application.Features.Announcements.Commands.CreateAnnouncementCommandHandler.Handle(CreateAnnouncementCommand request, CancellationToken ct) in C:\Users\Hardik\Desktop\WMS-Solution\src\WMS.Application\Features\Announcements\Commands\CreateAnnouncementCommand.cs:line 34
   at WMS.Application.Common.Behaviours.PerformanceBehaviour`2.Handle(TRequest request, RequestHandlerDelegate`1 next, CancellationToken ct) in C:\Users\Hardik\Desktop\WMS-Solution\src\WMS.Application\Common\Behaviours\PerformanceBehaviour.cs:line 22
   at WMS.Application.Common.Behaviours.ValidationBehaviour`2.Handle(TRequest request, RequestHandlerDelegate`1 next, CancellationToken ct) in C:\Users\Hardik\Desktop\WMS-Solution\src\WMS.Application\Common\Behaviours\ValidationBehaviour.cs:line 34
   at WMS.Application.Common.Behaviours.LoggingBehaviour`2.Handle(TRequest request, RequestHandlerDelegate`1 next, CancellationToken ct) in C:\Users\Hardik\Desktop\WMS-Solution\src\WMS.Application\Common\Behaviours\LoggingBehaviour.cs:line 22
   at AnnouncementsController.Create(CreateAnnouncementDto dto, CancellationToken ct) in C:\Users\Hardik\Desktop\WMS-Solution\src\WMS.API\Controllers\v1\AnnouncementsController.cs:line 48
   at Microsoft.AspNetCore.Mvc.Infrastructure.ActionMethodExecutor.TaskOfIActionResultExecutor.Execute(ActionContext actionContext, IActionResultTypeMapper mapper, ObjectMethodExecutor executor, Object controller, Object[] arguments)
   at Microsoft.AspNetCore.Mvc.Infrastructure.ControllerActionInvoker.<InvokeActionMethodAsync>g__Awaited|12_0(ControllerActionInvoker invoker, ValueTask`1 actionResultValueTask)
   at Microsoft.AspNetCore.Mvc.Infrastructure.ControllerActionInvoker.<InvokeNextActionFilterAsync>g__Awaited|10_0(ControllerActionInvoker invoker, Task lastTask, State next, Scope scope, Object state, Boolean isCompleted)
   at Microsoft.AspNetCore.Mvc.Infrastructure.ControllerActionInvoker.Rethrow(ActionExecutedContextSealed context)
   at Microsoft.AspNetCore.Mvc.Infrastructure.ControllerActionInvoker.Next(State& next, Scope& scope, Object& state, Boolean& isCompleted)
   at Microsoft.AspNetCore.Mvc.Infrastructure.ControllerActionInvoker.<InvokeInnerFilterAsync>g__Awaited|13_0(ControllerActionInvoker invoker, Task lastTask, State next, Scope scope, Object state, Boolean isCompleted)
   at Microsoft.AspNetCore.Mvc.Infrastructure.ResourceInvoker.<InvokeFilterPipelineAsync>g__Awaited|20_0(ResourceInvoker invoker, Task lastTask, State next, Scope scope, Object state, Boolean isCompleted)
   at Microsoft.AspNetCore.Mvc.Infrastructure.ResourceInvoker.<InvokeAsync>g__Awaited|17_0(ResourceInvoker invoker, Task task, IDisposable scope)
   at Microsoft.AspNetCore.Mvc.Infrastructure.ResourceInvoker.<InvokeAsync>g__Awaited|17_0(ResourceInvoker invoker, Task task, IDisposable scope)
   at Microsoft.AspNetCore.Authorization.AuthorizationMiddleware.Invoke(HttpContext context)
   at Microsoft.AspNetCore.Authentication.AuthenticationMiddleware.Invoke(HttpContext context)
   at Serilog.AspNetCore.RequestLoggingMiddleware.Invoke(HttpContext httpContext)
2026-06-14 04:59:32.633 +05:30 [ERR] An unhandled exception occurred: Missing type map configuration or unsupported mapping.

Mapping types:
CreateAnnouncementDto -> Announcement
WMS.Application.Features.Announcements.DTOs.CreateAnnouncementDto -> WMS.Domain.Entities.Announcement
AutoMapper.AutoMapperMappingException: Missing type map configuration or unsupported mapping.

Mapping types:
CreateAnnouncementDto -> Announcement
WMS.Application.Features.Announcements.DTOs.CreateAnnouncementDto -> WMS.Domain.Entities.Announcement
   at lambda_method329(Closure, Object, Announcement, ResolutionContext)
   at WMS.Application.Features.Announcements.Commands.CreateAnnouncementCommandHandler.Handle(CreateAnnouncementCommand request, CancellationToken ct) in C:\Users\Hardik\Desktop\WMS-Solution\src\WMS.Application\Features\Announcements\Commands\CreateAnnouncementCommand.cs:line 34
   at WMS.Application.Common.Behaviours.PerformanceBehaviour`2.Handle(TRequest request, RequestHandlerDelegate`1 next, CancellationToken ct) in C:\Users\Hardik\Desktop\WMS-Solution\src\WMS.Application\Common\Behaviours\PerformanceBehaviour.cs:line 22
   at WMS.Application.Common.Behaviours.ValidationBehaviour`2.Handle(TRequest request, RequestHandlerDelegate`1 next, CancellationToken ct) in C:\Users\Hardik\Desktop\WMS-Solution\src\WMS.Application\Common\Behaviours\ValidationBehaviour.cs:line 34
   at WMS.Application.Common.Behaviours.LoggingBehaviour`2.Handle(TRequest request, RequestHandlerDelegate`1 next, CancellationToken ct) in C:\Users\Hardik\Desktop\WMS-Solution\src\WMS.Application\Common\Behaviours\LoggingBehaviour.cs:line 22
   at AnnouncementsController.Create(CreateAnnouncementDto dto, CancellationToken ct) in C:\Users\Hardik\Desktop\WMS-Solution\src\WMS.API\Controllers\v1\AnnouncementsController.cs:line 48
   at Microsoft.AspNetCore.Mvc.Infrastructure.ActionMethodExecutor.TaskOfIActionResultExecutor.Execute(ActionContext actionContext, IActionResultTypeMapper mapper, ObjectMethodExecutor executor, Object controller, Object[] arguments)
   at Microsoft.AspNetCore.Mvc.Infrastructure.ControllerActionInvoker.<InvokeActionMethodAsync>g__Awaited|12_0(ControllerActionInvoker invoker, ValueTask`1 actionResultValueTask)
   at Microsoft.AspNetCore.Mvc.Infrastructure.ControllerActionInvoker.<InvokeNextActionFilterAsync>g__Awaited|10_0(ControllerActionInvoker invoker, Task lastTask, State next, Scope scope, Object state, Boolean isCompleted)
   at Microsoft.AspNetCore.Mvc.Infrastructure.ControllerActionInvoker.Rethrow(ActionExecutedContextSealed context)
   at Microsoft.AspNetCore.Mvc.Infrastructure.ControllerActionInvoker.Next(State& next, Scope& scope, Object& state, Boolean& isCompleted)
   at Microsoft.AspNetCore.Mvc.Infrastructure.ControllerActionInvoker.<InvokeInnerFilterAsync>g__Awaited|13_0(ControllerActionInvoker invoker, Task lastTask, State next, Scope scope, Object state, Boolean isCompleted)
   at Microsoft.AspNetCore.Mvc.Infrastructure.ResourceInvoker.<InvokeFilterPipelineAsync>g__Awaited|20_0(ResourceInvoker invoker, Task lastTask, State next, Scope scope, Object state, Boolean isCompleted)
   at Microsoft.AspNetCore.Mvc.Infrastructure.ResourceInvoker.<InvokeAsync>g__Awaited|17_0(ResourceInvoker invoker, Task task, IDisposable scope)
   at Microsoft.AspNetCore.Mvc.Infrastructure.ResourceInvoker.<InvokeAsync>g__Awaited|17_0(ResourceInvoker invoker, Task task, IDisposable scope)
   at Microsoft.AspNetCore.Authorization.AuthorizationMiddleware.Invoke(HttpContext context)
   at Microsoft.AspNetCore.Authentication.AuthenticationMiddleware.Invoke(HttpContext context)
   at Serilog.AspNetCore.RequestLoggingMiddleware.Invoke(HttpContext httpContext)
   at Swashbuckle.AspNetCore.SwaggerUI.SwaggerUIMiddleware.Invoke(HttpContext httpContext)
   at Swashbuckle.AspNetCore.Swagger.SwaggerMiddleware.Invoke(HttpContext httpContext, ISwaggerProvider swaggerProvider)
   at WMS.API.Middleware.GlobalExceptionMiddleware.InvokeAsync(HttpContext context) in C:\Users\Hardik\Desktop\WMS-Solution\src\WMS.API\Middleware\GlobalExceptionMiddleware.cs:line 26
2026-06-14 05:03:44.556 +05:30 [WRN] Failed to determine the https port for redirect.
2026-06-14 05:03:44.636 +05:30 [INF] HTTP OPTIONS /api/v1/announcements responded 204 in 5.4965 ms
2026-06-14 05:03:45.095 +05:30 [INF] WMS Request: CreateAnnouncementCommand {"Dto":{"Title":"sjkjfdjkfb","Message":"ghadfdhsbdfkfnldfd","CreatedBy":1,"$type":"CreateAnnouncementDto"},"$type":"CreateAnnouncementCommand"}
2026-06-14 05:03:46.560 +05:30 [WRN] WMS Long Running Request: CreateAnnouncementCommand (1400ms) {"Dto":{"Title":"sjkjfdjkfb","Message":"ghadfdhsbdfkfnldfd","CreatedBy":1,"$type":"CreateAnnouncementDto"},"$type":"CreateAnnouncementCommand"}
2026-06-14 05:03:46.570 +05:30 [INF] WMS Response: CreateAnnouncementCommand {"AnnouncementId":6,"Title":"sjkjfdjkfb","Message":"ghadfdhsbdfkfnldfd","CreatedBy":1,"CreatedByName":"Hardik Patel","CreatedOn":"2026-06-13T23:33:45.9970570Z","IsActive":true,"$type":"AnnouncementDto"}
2026-06-14 05:03:46.623 +05:30 [INF] HTTP POST /api/v1/announcements responded 200 in 1945.4291 ms
2026-06-14 05:03:46.662 +05:30 [INF] HTTP OPTIONS /api/v1/announcements responded 204 in 0.3736 ms
2026-06-14 05:03:46.702 +05:30 [INF] WMS Request: GetAnnouncementsQuery {"IsActive":null,"PageNumber":1,"PageSize":10,"$type":"GetAnnouncementsQuery"}
2026-06-14 05:03:46.965 +05:30 [INF] WMS Response: GetAnnouncementsQuery {"Items":[{"AnnouncementId":6,"Title":"sjkjfdjkfb","Message":"ghadfdhsbdfkfnldfd","CreatedBy":1,"CreatedByName":"Hardik Patel","CreatedOn":"2026-06-13T23:33:45.9970570","IsActive":true,"$type":"AnnouncementDto"},{"AnnouncementId":2,"Title":"Holiday","Message":"Office holiday next week yesss","CreatedBy":1,"CreatedByName":"Hardik Patel","CreatedOn":"2026-06-13T02:26:06.7300000","IsActive":true,"$type":"AnnouncementDto"},{"AnnouncementId":3,"Title":"Meeting","Message":"Monthly review meeting","CreatedBy":1,"CreatedByName":"Hardik Patel","CreatedOn":"2026-06-13T02:26:06.7300000","IsActive":true,"$type":"AnnouncementDto"},{"AnnouncementId":4,"Title":"Policy Update","Message":"New HR policy released","CreatedBy":1,"CreatedByName":"Hardik Patel","CreatedOn":"2026-06-13T02:26:06.7300000","IsActive":true,"$type":"AnnouncementDto"},{"AnnouncementId":5,"Title":"Training","Message":"AI training scheduled","CreatedBy":1,"CreatedByName":"Hardik Patel","CreatedOn":"2026-06-13T02:26:06.7300000","IsActive":true,"$type":"AnnouncementDto"}],"TotalCount":5,"PageNumber":1,"PageSize":10,"TotalPages":1,"HasPreviousPage":false,"HasNextPage":false,"$type":"PagedResult`1"}
2026-06-14 05:03:47.084 +05:30 [INF] HTTP GET /api/v1/announcements responded 200 in 409.7559 ms
2026-06-14 05:03:51.127 +05:30 [INF] HTTP OPTIONS /api/v1/announcements/6 responded 204 in 0.3939 ms
2026-06-14 05:03:51.187 +05:30 [INF] WMS Request: DeleteAnnouncementCommand {"AnnouncementId":6,"$type":"DeleteAnnouncementCommand"}
2026-06-14 05:03:51.338 +05:30 [INF] WMS Response: DeleteAnnouncementCommand {"$type":"Unit"}
2026-06-14 05:03:51.347 +05:30 [INF] HTTP DELETE /api/v1/announcements/6 responded 200 in 202.2311 ms
2026-06-14 05:03:51.367 +05:30 [INF] WMS Request: GetAnnouncementsQuery {"IsActive":null,"PageNumber":1,"PageSize":10,"$type":"GetAnnouncementsQuery"}
2026-06-14 05:03:51.411 +05:30 [INF] WMS Response: GetAnnouncementsQuery {"Items":[{"AnnouncementId":2,"Title":"Holiday","Message":"Office holiday next week yesss","CreatedBy":1,"CreatedByName":"Hardik Patel","CreatedOn":"2026-06-13T02:26:06.7300000","IsActive":true,"$type":"AnnouncementDto"},{"AnnouncementId":3,"Title":"Meeting","Message":"Monthly review meeting","CreatedBy":1,"CreatedByName":"Hardik Patel","CreatedOn":"2026-06-13T02:26:06.7300000","IsActive":true,"$type":"AnnouncementDto"},{"AnnouncementId":4,"Title":"Policy Update","Message":"New HR policy released","CreatedBy":1,"CreatedByName":"Hardik Patel","CreatedOn":"2026-06-13T02:26:06.7300000","IsActive":true,"$type":"AnnouncementDto"},{"AnnouncementId":5,"Title":"Training","Message":"AI training scheduled","CreatedBy":1,"CreatedByName":"Hardik Patel","CreatedOn":"2026-06-13T02:26:06.7300000","IsActive":true,"$type":"AnnouncementDto"}],"TotalCount":4,"PageNumber":1,"PageSize":10,"TotalPages":1,"HasPreviousPage":false,"HasNextPage":false,"$type":"PagedResult`1"}
2026-06-14 05:03:51.462 +05:30 [INF] HTTP GET /api/v1/announcements responded 200 in 100.7127 ms
2026-06-14 05:03:59.705 +05:30 [INF] HTTP OPTIONS /api/v1/announcements responded 204 in 0.1515 ms
2026-06-14 05:03:59.724 +05:30 [INF] WMS Request: CreateAnnouncementCommand {"Dto":{"Title":"jbdsgkj","Message":"ajdbghabdgvkasd ","CreatedBy":1,"$type":"CreateAnnouncementDto"},"$type":"CreateAnnouncementCommand"}
2026-06-14 05:03:59.784 +05:30 [INF] WMS Response: CreateAnnouncementCommand {"AnnouncementId":7,"Title":"jbdsgkj","Message":"ajdbghabdgvkasd ","CreatedBy":1,"CreatedByName":"Hardik Patel","CreatedOn":"2026-06-13T23:33:59.7551704Z","IsActive":true,"$type":"AnnouncementDto"}
2026-06-14 05:03:59.801 +05:30 [INF] HTTP POST /api/v1/announcements responded 200 in 83.9832 ms
2026-06-14 05:03:59.829 +05:30 [INF] HTTP OPTIONS /api/v1/announcements responded 204 in 0.2521 ms
2026-06-14 05:03:59.852 +05:30 [INF] WMS Request: GetAnnouncementsQuery {"IsActive":null,"PageNumber":1,"PageSize":10,"$type":"GetAnnouncementsQuery"}
2026-06-14 05:03:59.879 +05:30 [INF] WMS Response: GetAnnouncementsQuery {"Items":[{"AnnouncementId":7,"Title":"jbdsgkj","Message":"ajdbghabdgvkasd ","CreatedBy":1,"CreatedByName":"Hardik Patel","CreatedOn":"2026-06-13T23:33:59.7551704","IsActive":true,"$type":"AnnouncementDto"},{"AnnouncementId":2,"Title":"Holiday","Message":"Office holiday next week yesss","CreatedBy":1,"CreatedByName":"Hardik Patel","CreatedOn":"2026-06-13T02:26:06.7300000","IsActive":true,"$type":"AnnouncementDto"},{"AnnouncementId":3,"Title":"Meeting","Message":"Monthly review meeting","CreatedBy":1,"CreatedByName":"Hardik Patel","CreatedOn":"2026-06-13T02:26:06.7300000","IsActive":true,"$type":"AnnouncementDto"},{"AnnouncementId":4,"Title":"Policy Update","Message":"New HR policy released","CreatedBy":1,"CreatedByName":"Hardik Patel","CreatedOn":"2026-06-13T02:26:06.7300000","IsActive":true,"$type":"AnnouncementDto"},{"AnnouncementId":5,"Title":"Training","Message":"AI training scheduled","CreatedBy":1,"CreatedByName":"Hardik Patel","CreatedOn":"2026-06-13T02:26:06.7300000","IsActive":true,"$type":"AnnouncementDto"}],"TotalCount":5,"PageNumber":1,"PageSize":10,"TotalPages":1,"HasPreviousPage":false,"HasNextPage":false,"$type":"PagedResult`1"}
2026-06-14 05:03:59.933 +05:30 [INF] HTTP GET /api/v1/announcements responded 200 in 86.4367 ms
2026-06-14 05:04:01.370 +05:30 [INF] HTTP OPTIONS /api/v1/dashboard/summary responded 204 in 0.0860 ms
2026-06-14 05:04:01.398 +05:30 [INF] WMS Request: GetDashboardSummaryQuery {"$type":"GetDashboardSummaryQuery"}
2026-06-14 05:04:01.818 +05:30 [INF] WMS Response: GetDashboardSummaryQuery {"TotalEmployees":6,"ActiveEmployees":5,"TotalDepartments":4,"TotalProjects":4,"ActiveProjects":3,"TotalClients":5,"TodayAttendanceCount":3,"PendingLeaves":1,"AttendanceTrend":[{"Date":"Jun 07","Present":1,"Absent":0,"WFH":0,"WFO":1,"$type":"AttendanceTrendDto"},{"Date":"Jun 08","Present":1,"Absent":0,"WFH":1,"WFO":0,"$type":"AttendanceTrendDto"},{"Date":"Jun 09","Present":1,"Absent":0,"WFH":0,"WFO":1,"$type":"AttendanceTrendDto"},{"Date":"Jun 10","Present":1,"Absent":0,"WFH":1,"WFO":0,"$type":"AttendanceTrendDto"},{"Date":"Jun 11","Present":1,"Absent":0,"WFH":0,"WFO":1,"$type":"AttendanceTrendDto"},{"Date":"Jun 12","Present":1,"Absent":0,"WFH":1,"WFO":0,"$type":"AttendanceTrendDto"},{"Date":"Jun 13","Present":3,"Absent":0,"WFH":1,"WFO":2,"$type":"AttendanceTrendDto"}],"LeaveTrend":[{"Month":"2/2026","Approved":1,"Pending":0,"Rejected":0,"$type":"LeaveTrendDto"},{"Month":"3/2026","Approved":0,"Pending":0,"Rejected":1,"$type":"LeaveTrendDto"},{"Month":"4/2026","Approved":0,"Pending":0,"Rejected":1,"$type":"LeaveTrendDto"},{"Month":"5/2026","Approved":1,"Pending":0,"Rejected":0,"$type":"LeaveTrendDto"},{"Month":"6/2026","Approved":4,"Pending":1,"Rejected":2,"$type":"LeaveTrendDto"}],"DepartmentDistribution":[{"DepartmentName":"HR","EmployeeCount":2,"$type":"DepartmentDistributionDto"},{"DepartmentName":"Finance","EmployeeCount":1,"$type":"DepartmentDistributionDto"},{"DepartmentName":"Operations","EmployeeCount":1,"$type":"DepartmentDistributionDto"},{"DepartmentName":"AI-DS","EmployeeCount":1,"$type":"DepartmentDistributionDto"}],"ProjectStatusDistribution":[{"Status":"Active","Count":3,"$type":"ProjectStatusDto"},{"Status":"Completed","Count":1,"$type":"ProjectStatusDto"}],"RecentAnnouncements":[{"AnnouncementId":7,"Title":"jbdsgkj","Message":"ajdbghabdgvkasd ","CreatedBy":0,"CreatedByName":"Hardik Patel","CreatedOn":"2026-06-13T23:33:59.7551704","IsActive":true,"$type":"AnnouncementDto"},{"AnnouncementId":2,"Title":"Holiday","Message":"Office holiday next week yesss","CreatedBy":0,"CreatedByName":"Hardik Patel","CreatedOn":"2026-06-13T02:26:06.7300000","IsActive":true,"$type":"AnnouncementDto"},{"AnnouncementId":3,"Title":"Meeting","Message":"Monthly review meeting","CreatedBy":0,"CreatedByName":"Hardik Patel","CreatedOn":"2026-06-13T02:26:06.7300000","IsActive":true,"$type":"AnnouncementDto"},{"AnnouncementId":4,"Title":"Policy Update","Message":"New HR policy released","CreatedBy":0,"CreatedByName":"Hardik Patel","CreatedOn":"2026-06-13T02:26:06.7300000","IsActive":true,"$type":"AnnouncementDto"},{"AnnouncementId":5,"Title":"Training","Message":"AI training scheduled","CreatedBy":0,"CreatedByName":"Hardik Patel","CreatedOn":"2026-06-13T02:26:06.7300000","IsActive":true,"$type":"AnnouncementDto"}],"$type":"DashboardSummaryDto"}
2026-06-14 05:04:01.990 +05:30 [INF] HTTP GET /api/v1/dashboard/summary responded 200 in 609.2440 ms
2026-06-14 05:04:05.291 +05:30 [INF] HTTP OPTIONS /api/v1/announcements responded 204 in 0.1636 ms
2026-06-14 05:04:05.304 +05:30 [INF] WMS Request: GetAnnouncementsQuery {"IsActive":null,"PageNumber":1,"PageSize":10,"$type":"GetAnnouncementsQuery"}
2026-06-14 05:04:05.332 +05:30 [INF] WMS Response: GetAnnouncementsQuery {"Items":[{"AnnouncementId":7,"Title":"jbdsgkj","Message":"ajdbghabdgvkasd ","CreatedBy":1,"CreatedByName":"Hardik Patel","CreatedOn":"2026-06-13T23:33:59.7551704","IsActive":true,"$type":"AnnouncementDto"},{"AnnouncementId":2,"Title":"Holiday","Message":"Office holiday next week yesss","CreatedBy":1,"CreatedByName":"Hardik Patel","CreatedOn":"2026-06-13T02:26:06.7300000","IsActive":true,"$type":"AnnouncementDto"},{"AnnouncementId":3,"Title":"Meeting","Message":"Monthly review meeting","CreatedBy":1,"CreatedByName":"Hardik Patel","CreatedOn":"2026-06-13T02:26:06.7300000","IsActive":true,"$type":"AnnouncementDto"},{"AnnouncementId":4,"Title":"Policy Update","Message":"New HR policy released","CreatedBy":1,"CreatedByName":"Hardik Patel","CreatedOn":"2026-06-13T02:26:06.7300000","IsActive":true,"$type":"AnnouncementDto"},{"AnnouncementId":5,"Title":"Training","Message":"AI training scheduled","CreatedBy":1,"CreatedByName":"Hardik Patel","CreatedOn":"2026-06-13T02:26:06.7300000","IsActive":true,"$type":"AnnouncementDto"}],"TotalCount":5,"PageNumber":1,"PageSize":10,"TotalPages":1,"HasPreviousPage":false,"HasNextPage":false,"$type":"PagedResult`1"}
2026-06-14 05:04:05.397 +05:30 [INF] HTTP GET /api/v1/announcements responded 200 in 94.7736 ms
2026-06-14 05:04:08.641 +05:30 [INF] HTTP OPTIONS /api/v1/announcements/7 responded 204 in 0.1382 ms
2026-06-14 05:04:08.650 +05:30 [INF] WMS Request: DeleteAnnouncementCommand {"AnnouncementId":7,"$type":"DeleteAnnouncementCommand"}
2026-06-14 05:04:08.672 +05:30 [INF] WMS Response: DeleteAnnouncementCommand {"$type":"Unit"}
2026-06-14 05:04:08.675 +05:30 [INF] HTTP DELETE /api/v1/announcements/7 responded 200 in 27.5980 ms
2026-06-14 05:04:08.685 +05:30 [INF] WMS Request: GetAnnouncementsQuery {"IsActive":null,"PageNumber":1,"PageSize":10,"$type":"GetAnnouncementsQuery"}
2026-06-14 05:04:08.706 +05:30 [INF] WMS Response: GetAnnouncementsQuery {"Items":[{"AnnouncementId":2,"Title":"Holiday","Message":"Office holiday next week yesss","CreatedBy":1,"CreatedByName":"Hardik Patel","CreatedOn":"2026-06-13T02:26:06.7300000","IsActive":true,"$type":"AnnouncementDto"},{"AnnouncementId":3,"Title":"Meeting","Message":"Monthly review meeting","CreatedBy":1,"CreatedByName":"Hardik Patel","CreatedOn":"2026-06-13T02:26:06.7300000","IsActive":true,"$type":"AnnouncementDto"},{"AnnouncementId":4,"Title":"Policy Update","Message":"New HR policy released","CreatedBy":1,"CreatedByName":"Hardik Patel","CreatedOn":"2026-06-13T02:26:06.7300000","IsActive":true,"$type":"AnnouncementDto"},{"AnnouncementId":5,"Title":"Training","Message":"AI training scheduled","CreatedBy":1,"CreatedByName":"Hardik Patel","CreatedOn":"2026-06-13T02:26:06.7300000","IsActive":true,"$type":"AnnouncementDto"}],"TotalCount":4,"PageNumber":1,"PageSize":10,"TotalPages":1,"HasPreviousPage":false,"HasNextPage":false,"$type":"PagedResult`1"}
2026-06-14 05:04:08.752 +05:30 [INF] HTTP GET /api/v1/announcements responded 200 in 67.4143 ms
2026-06-14 05:04:10.277 +05:30 [INF] HTTP OPTIONS /api/v1/dashboard/summary responded 204 in 0.1129 ms
2026-06-14 05:04:10.293 +05:30 [INF] WMS Request: GetDashboardSummaryQuery {"$type":"GetDashboardSummaryQuery"}
2026-06-14 05:04:10.421 +05:30 [INF] WMS Response: GetDashboardSummaryQuery {"TotalEmployees":6,"ActiveEmployees":5,"TotalDepartments":4,"TotalProjects":4,"ActiveProjects":3,"TotalClients":5,"TodayAttendanceCount":3,"PendingLeaves":1,"AttendanceTrend":[{"Date":"Jun 07","Present":1,"Absent":0,"WFH":0,"WFO":1,"$type":"AttendanceTrendDto"},{"Date":"Jun 08","Present":1,"Absent":0,"WFH":1,"WFO":0,"$type":"AttendanceTrendDto"},{"Date":"Jun 09","Present":1,"Absent":0,"WFH":0,"WFO":1,"$type":"AttendanceTrendDto"},{"Date":"Jun 10","Present":1,"Absent":0,"WFH":1,"WFO":0,"$type":"AttendanceTrendDto"},{"Date":"Jun 11","Present":1,"Absent":0,"WFH":0,"WFO":1,"$type":"AttendanceTrendDto"},{"Date":"Jun 12","Present":1,"Absent":0,"WFH":1,"WFO":0,"$type":"AttendanceTrendDto"},{"Date":"Jun 13","Present":3,"Absent":0,"WFH":1,"WFO":2,"$type":"AttendanceTrendDto"}],"LeaveTrend":[{"Month":"2/2026","Approved":1,"Pending":0,"Rejected":0,"$type":"LeaveTrendDto"},{"Month":"3/2026","Approved":0,"Pending":0,"Rejected":1,"$type":"LeaveTrendDto"},{"Month":"4/2026","Approved":0,"Pending":0,"Rejected":1,"$type":"LeaveTrendDto"},{"Month":"5/2026","Approved":1,"Pending":0,"Rejected":0,"$type":"LeaveTrendDto"},{"Month":"6/2026","Approved":4,"Pending":1,"Rejected":2,"$type":"LeaveTrendDto"}],"DepartmentDistribution":[{"DepartmentName":"HR","EmployeeCount":2,"$type":"DepartmentDistributionDto"},{"DepartmentName":"Finance","EmployeeCount":1,"$type":"DepartmentDistributionDto"},{"DepartmentName":"Operations","EmployeeCount":1,"$type":"DepartmentDistributionDto"},{"DepartmentName":"AI-DS","EmployeeCount":1,"$type":"DepartmentDistributionDto"}],"ProjectStatusDistribution":[{"Status":"Active","Count":3,"$type":"ProjectStatusDto"},{"Status":"Completed","Count":1,"$type":"ProjectStatusDto"}],"RecentAnnouncements":[{"AnnouncementId":2,"Title":"Holiday","Message":"Office holiday next week yesss","CreatedBy":0,"CreatedByName":"Hardik Patel","CreatedOn":"2026-06-13T02:26:06.7300000","IsActive":true,"$type":"AnnouncementDto"},{"AnnouncementId":3,"Title":"Meeting","Message":"Monthly review meeting","CreatedBy":0,"CreatedByName":"Hardik Patel","CreatedOn":"2026-06-13T02:26:06.7300000","IsActive":true,"$type":"AnnouncementDto"},{"AnnouncementId":4,"Title":"Policy Update","Message":"New HR policy released","CreatedBy":0,"CreatedByName":"Hardik Patel","CreatedOn":"2026-06-13T02:26:06.7300000","IsActive":true,"$type":"AnnouncementDto"},{"AnnouncementId":5,"Title":"Training","Message":"AI training scheduled","CreatedBy":0,"CreatedByName":"Hardik Patel","CreatedOn":"2026-06-13T02:26:06.7300000","IsActive":true,"$type":"AnnouncementDto"}],"$type":"DashboardSummaryDto"}
2026-06-14 05:04:10.594 +05:30 [INF] HTTP GET /api/v1/dashboard/summary responded 200 in 304.2545 ms
2026-06-14 05:04:12.965 +05:30 [INF] HTTP OPTIONS /api/v1/departments responded 204 in 0.0904 ms
2026-06-14 05:04:12.967 +05:30 [INF] HTTP OPTIONS /api/v1/employees responded 204 in 0.0469 ms
2026-06-14 05:04:12.982 +05:30 [INF] WMS Request: GetDepartmentsQuery {"$type":"GetDepartmentsQuery"}
2026-06-14 05:04:12.989 +05:30 [INF] WMS Request: GetEmployeesQuery {"Search":null,"DepartmentId":null,"RoleId":null,"Status":"Active","PageNumber":1,"PageSize":10,"$type":"GetEmployeesQuery"}
2026-06-14 05:04:13.075 +05:30 [INF] WMS Response: GetEmployeesQuery {"Items":[{"EmployeeId":1,"FirstName":"Hardik","LastName":"Patel","FullName":"Hardik Patel","Email":"hardik@test.com","PhoneNumber":"7737131410","Gender":"Male","DOB":"2004-06-21T00:00:00.0000000","DOJ":"2026-06-08T00:00:00.0000000","DepartmentId":1,"DepartmentName":"HR","RoleId":2,"RoleName":"Manager","Status":"Active","CreatedOn":"2026-06-11T15:03:58.6936554","UpdatedOn":"2026-06-13T07:04:39.6420669","$type":"EmployeeDto"},{"EmployeeId":3,"FirstName":"hardik","LastName":"maloo","FullName":"hardik maloo","Email":"hardikmaloo21@gmail.com","PhoneNumber":"8107663009","Gender":"Male","DOB":"2004-06-21T00:00:00.0000000","DOJ":"2026-06-04T00:00:00.0000000","DepartmentId":5,"DepartmentName":"AI-DS","RoleId":3,"RoleName":"Employee","Status":"Active","CreatedOn":"2026-06-12T23:10:13.1851457","UpdatedOn":null,"$type":"EmployeeDto"},{"EmployeeId":2,"FirstName":"harsh","LastName":"rathore","FullName":"harsh rathore","Email":"harsh@gmail.com","PhoneNumber":"7976681235","Gender":"Male","DOB":"2005-07-03T00:00:00.0000000","DOJ":"2026-06-12T00:00:00.0000000","DepartmentId":3,"DepartmentName":"Finance","RoleId":1,"RoleName":"Admin","Status":"Active","CreatedOn":"2026-06-12T21:25:47.5693795","UpdatedOn":"2026-06-12T23:08:27.1985056","$type":"EmployeeDto"},{"EmployeeId":5,"FirstName":"lakshya","LastName":"sharma","FullName":"lakshya sharma","Email":"lakshya@gmail.com","PhoneNumber":"8946456765","Gender":"Male","DOB":"2005-03-14T00:00:00.0000000","DOJ":"2026-04-08T00:00:00.0000000","DepartmentId":4,"DepartmentName":"Operations","RoleId":3,"RoleName":"Employee","Status":"Active","CreatedOn":"2026-06-13T08:09:44.8928080","UpdatedOn":null,"$type":"EmployeeDto"},{"EmployeeId":6,"FirstName":"System","LastName":"Admin","FullName":"System Admin","Email":"admin@wms.com","PhoneNumber":"9999999999","Gender":"Male","DOB":"1990-01-01T00:00:00.0000000","DOJ":"2026-06-13T19:06:47.4733333","DepartmentId":1,"DepartmentName":"HR","RoleId":1,"RoleName":"Admin","Status":"Active","CreatedOn":"2026-06-13T19:06:47.4733333","UpdatedOn":null,"$type":"EmployeeDto"}],"TotalCount":5,"PageNumber":1,"PageSize":10,"TotalPages":1,"HasPreviousPage":false,"HasNextPage":false,"$type":"PagedResult`1"}
2026-06-14 05:04:13.171 +05:30 [INF] WMS Response: GetDepartmentsQuery [{"DepartmentId":1,"DepartmentName":"HR","Description":"Human Resourcesss","EmployeeCount":2,"CreatedOn":"2024-01-01T00:00:00.0000000","$type":"DepartmentDto"},{"DepartmentId":3,"DepartmentName":"Finance","Description":"Finance & Accounts","EmployeeCount":1,"CreatedOn":"2024-01-01T00:00:00.0000000","$type":"DepartmentDto"},{"DepartmentId":4,"DepartmentName":"Operations","Description":"Business Operations","EmployeeCount":1,"CreatedOn":"2024-01-01T00:00:00.0000000","$type":"DepartmentDto"},{"DepartmentId":5,"DepartmentName":"AI-DS","Description":"artificial intelligence and data science","EmployeeCount":2,"CreatedOn":"2026-06-11T15:03:13.6443056","$type":"DepartmentDto"}]
2026-06-14 05:04:13.203 +05:30 [INF] HTTP GET /api/v1/employees responded 200 in 228.8636 ms
2026-06-14 05:04:13.221 +05:30 [INF] HTTP GET /api/v1/departments responded 200 in 249.4402 ms
2026-06-14 05:04:15.126 +05:30 [INF] WMS Request: GetDepartmentsQuery {"$type":"GetDepartmentsQuery"}
2026-06-14 05:04:15.150 +05:30 [INF] WMS Response: GetDepartmentsQuery [{"DepartmentId":1,"DepartmentName":"HR","Description":"Human Resourcesss","EmployeeCount":2,"CreatedOn":"2024-01-01T00:00:00.0000000","$type":"DepartmentDto"},{"DepartmentId":3,"DepartmentName":"Finance","Description":"Finance & Accounts","EmployeeCount":1,"CreatedOn":"2024-01-01T00:00:00.0000000","$type":"DepartmentDto"},{"DepartmentId":4,"DepartmentName":"Operations","Description":"Business Operations","EmployeeCount":1,"CreatedOn":"2024-01-01T00:00:00.0000000","$type":"DepartmentDto"},{"DepartmentId":5,"DepartmentName":"AI-DS","Description":"artificial intelligence and data science","EmployeeCount":2,"CreatedOn":"2026-06-11T15:03:13.6443056","$type":"DepartmentDto"}]
2026-06-14 05:04:15.191 +05:30 [INF] HTTP GET /api/v1/departments responded 200 in 67.3193 ms
2026-06-14 05:04:16.504 +05:30 [INF] HTTP OPTIONS /api/v1/attendance/today responded 204 in 0.4184 ms
2026-06-14 05:04:16.504 +05:30 [INF] HTTP OPTIONS /api/v1/employees responded 204 in 0.0596 ms
2026-06-14 05:04:16.527 +05:30 [INF] WMS Request: GetEmployeesQuery {"Search":null,"DepartmentId":null,"RoleId":null,"Status":null,"PageNumber":1,"PageSize":500,"$type":"GetEmployeesQuery"}
2026-06-14 05:04:16.529 +05:30 [INF] WMS Request: GetTodayAttendanceQuery {"$type":"GetTodayAttendanceQuery"}
2026-06-14 05:04:16.588 +05:30 [INF] WMS Response: GetEmployeesQuery {"Items":[{"EmployeeId":4,"FirstName":"aditya","LastName":"batwara","FullName":"aditya batwara","Email":"aditya21@gmail.com","PhoneNumber":"7414040730","Gender":"Male","DOB":"2004-02-21T00:00:00.0000000","DOJ":"2026-04-07T00:00:00.0000000","DepartmentId":5,"DepartmentName":"AI-DS","RoleId":3,"RoleName":"Employee","Status":"Inactive","CreatedOn":"2026-06-12T23:12:11.5907684","UpdatedOn":"2026-06-13T12:36:11.3585878","$type":"EmployeeDto"},{"EmployeeId":1,"FirstName":"Hardik","LastName":"Patel","FullName":"Hardik Patel","Email":"hardik@test.com","PhoneNumber":"7737131410","Gender":"Male","DOB":"2004-06-21T00:00:00.0000000","DOJ":"2026-06-08T00:00:00.0000000","DepartmentId":1,"DepartmentName":"HR","RoleId":2,"RoleName":"Manager","Status":"Active","CreatedOn":"2026-06-11T15:03:58.6936554","UpdatedOn":"2026-06-13T07:04:39.6420669","$type":"EmployeeDto"},{"EmployeeId":3,"FirstName":"hardik","LastName":"maloo","FullName":"hardik maloo","Email":"hardikmaloo21@gmail.com","PhoneNumber":"8107663009","Gender":"Male","DOB":"2004-06-21T00:00:00.0000000","DOJ":"2026-06-04T00:00:00.0000000","DepartmentId":5,"DepartmentName":"AI-DS","RoleId":3,"RoleName":"Employee","Status":"Active","CreatedOn":"2026-06-12T23:10:13.1851457","UpdatedOn":null,"$type":"EmployeeDto"},{"EmployeeId":2,"FirstName":"harsh","LastName":"rathore","FullName":"harsh rathore","Email":"harsh@gmail.com","PhoneNumber":"7976681235","Gender":"Male","DOB":"2005-07-03T00:00:00.0000000","DOJ":"2026-06-12T00:00:00.0000000","DepartmentId":3,"DepartmentName":"Finance","RoleId":1,"RoleName":"Admin","Status":"Active","CreatedOn":"2026-06-12T21:25:47.5693795","UpdatedOn":"2026-06-12T23:08:27.1985056","$type":"EmployeeDto"},{"EmployeeId":5,"FirstName":"lakshya","LastName":"sharma","FullName":"lakshya sharma","Email":"lakshya@gmail.com","PhoneNumber":"8946456765","Gender":"Male","DOB":"2005-03-14T00:00:00.0000000","DOJ":"2026-04-08T00:00:00.0000000","DepartmentId":4,"DepartmentName":"Operations","RoleId":3,"RoleName":"Employee","Status":"Active","CreatedOn":"2026-06-13T08:09:44.8928080","UpdatedOn":null,"$type":"EmployeeDto"},{"EmployeeId":6,"FirstName":"System","LastName":"Admin","FullName":"System Admin","Email":"admin@wms.com","PhoneNumber":"9999999999","Gender":"Male","DOB":"1990-01-01T00:00:00.0000000","DOJ":"2026-06-13T19:06:47.4733333","DepartmentId":1,"DepartmentName":"HR","RoleId":1,"RoleName":"Admin","Status":"Active","CreatedOn":"2026-06-13T19:06:47.4733333","UpdatedOn":null,"$type":"EmployeeDto"}],"TotalCount":6,"PageNumber":1,"PageSize":500,"TotalPages":1,"HasPreviousPage":false,"HasNextPage":false,"$type":"PagedResult`1"}
2026-06-14 05:04:16.628 +05:30 [INF] WMS Response: GetTodayAttendanceQuery [{"AttendanceId":7,"EmpId":1,"EmployeeName":"Hardik Patel","CheckIn":"2026-06-13T11:25:42.0866667","CheckOut":"2026-06-13T20:25:42.0866667","TotalHours":9,"WorkMode":"WFO","AttendanceDate":"2026-06-13T00:00:00.0000000","Status":"Complete","$type":"AttendanceDto"},{"AttendanceId":9,"EmpId":2,"EmployeeName":"harsh rathore","CheckIn":"2026-06-13T07:40:34.1850912","CheckOut":"2026-06-13T07:40:46.2162232","TotalHours":0,"WorkMode":"WFH","AttendanceDate":"2026-06-13T00:00:00.0000000","Status":"Complete","$type":"AttendanceDto"},{"AttendanceId":8,"EmpId":3,"EmployeeName":"hardik maloo","CheckIn":"2026-06-13T07:29:43.8752262","CheckOut":"2026-06-13T07:30:12.7045242","TotalHours":0.01,"WorkMode":"WFO","AttendanceDate":"2026-06-13T00:00:00.0000000","Status":"Complete","$type":"AttendanceDto"}]
2026-06-14 05:04:16.690 +05:30 [INF] HTTP GET /api/v1/employees responded 200 in 167.1601 ms
2026-06-14 05:04:16.741 +05:30 [INF] HTTP GET /api/v1/attendance/today responded 200 in 226.0610 ms
2026-06-14 05:04:18.763 +05:30 [INF] HTTP OPTIONS /api/v1/leaves/employee/6 responded 204 in 0.1471 ms
2026-06-14 05:04:18.766 +05:30 [INF] HTTP OPTIONS /api/v1/leaves/pending responded 204 in 0.1066 ms
2026-06-14 05:04:18.789 +05:30 [INF] WMS Request: GetPendingLeavesQuery {"$type":"GetPendingLeavesQuery"}
2026-06-14 05:04:18.793 +05:30 [INF] WMS Request: GetLeavesByEmployeeQuery {"EmployeeId":6,"PageNumber":1,"PageSize":10,"$type":"GetLeavesByEmployeeQuery"}
2026-06-14 05:04:18.850 +05:30 [INF] WMS Response: GetLeavesByEmployeeQuery {"Items":[],"TotalCount":0,"PageNumber":1,"PageSize":10,"TotalPages":0,"HasPreviousPage":false,"HasNextPage":false,"$type":"PagedResult`1"}
2026-06-14 05:04:18.864 +05:30 [INF] WMS Response: GetPendingLeavesQuery [{"LeaveId":12,"EmpId":1,"EmployeeName":"Hardik Patel","LeaveType":"Earned","Reason":"hdtdyuyiuih","FromDate":"2026-07-18T00:00:00.0000000","ToDate":"2026-07-21T00:00:00.0000000","TotalDays":4,"Status":"Pending","AppliedOn":"2026-06-13T18:16:13.0904676","ApprovedBy":null,"ApproverName":null,"ApprovedOn":null,"$type":"LeaveDto"}]
2026-06-14 05:04:18.867 +05:30 [INF] HTTP GET /api/v1/leaves/employee/6 responded 200 in 89.1641 ms
2026-06-14 05:04:18.886 +05:30 [INF] HTTP GET /api/v1/leaves/pending responded 200 in 105.2997 ms
2026-06-14 05:04:19.734 +05:30 [INF] WMS Request: GetEmployeesQuery {"Search":null,"DepartmentId":null,"RoleId":null,"Status":null,"PageNumber":1,"PageSize":500,"$type":"GetEmployeesQuery"}
2026-06-14 05:04:19.735 +05:30 [INF] WMS Request: GetTodayAttendanceQuery {"$type":"GetTodayAttendanceQuery"}
2026-06-14 05:04:19.763 +05:30 [INF] WMS Response: GetTodayAttendanceQuery [{"AttendanceId":7,"EmpId":1,"EmployeeName":"Hardik Patel","CheckIn":"2026-06-13T11:25:42.0866667","CheckOut":"2026-06-13T20:25:42.0866667","TotalHours":9,"WorkMode":"WFO","AttendanceDate":"2026-06-13T00:00:00.0000000","Status":"Complete","$type":"AttendanceDto"},{"AttendanceId":9,"EmpId":2,"EmployeeName":"harsh rathore","CheckIn":"2026-06-13T07:40:34.1850912","CheckOut":"2026-06-13T07:40:46.2162232","TotalHours":0,"WorkMode":"WFH","AttendanceDate":"2026-06-13T00:00:00.0000000","Status":"Complete","$type":"AttendanceDto"},{"AttendanceId":8,"EmpId":3,"EmployeeName":"hardik maloo","CheckIn":"2026-06-13T07:29:43.8752262","CheckOut":"2026-06-13T07:30:12.7045242","TotalHours":0.01,"WorkMode":"WFO","AttendanceDate":"2026-06-13T00:00:00.0000000","Status":"Complete","$type":"AttendanceDto"}]
2026-06-14 05:04:19.764 +05:30 [INF] WMS Response: GetEmployeesQuery {"Items":[{"EmployeeId":4,"FirstName":"aditya","LastName":"batwara","FullName":"aditya batwara","Email":"aditya21@gmail.com","PhoneNumber":"7414040730","Gender":"Male","DOB":"2004-02-21T00:00:00.0000000","DOJ":"2026-04-07T00:00:00.0000000","DepartmentId":5,"DepartmentName":"AI-DS","RoleId":3,"RoleName":"Employee","Status":"Inactive","CreatedOn":"2026-06-12T23:12:11.5907684","UpdatedOn":"2026-06-13T12:36:11.3585878","$type":"EmployeeDto"},{"EmployeeId":1,"FirstName":"Hardik","LastName":"Patel","FullName":"Hardik Patel","Email":"hardik@test.com","PhoneNumber":"7737131410","Gender":"Male","DOB":"2004-06-21T00:00:00.0000000","DOJ":"2026-06-08T00:00:00.0000000","DepartmentId":1,"DepartmentName":"HR","RoleId":2,"RoleName":"Manager","Status":"Active","CreatedOn":"2026-06-11T15:03:58.6936554","UpdatedOn":"2026-06-13T07:04:39.6420669","$type":"EmployeeDto"},{"EmployeeId":3,"FirstName":"hardik","LastName":"maloo","FullName":"hardik maloo","Email":"hardikmaloo21@gmail.com","PhoneNumber":"8107663009","Gender":"Male","DOB":"2004-06-21T00:00:00.0000000","DOJ":"2026-06-04T00:00:00.0000000","DepartmentId":5,"DepartmentName":"AI-DS","RoleId":3,"RoleName":"Employee","Status":"Active","CreatedOn":"2026-06-12T23:10:13.1851457","UpdatedOn":null,"$type":"EmployeeDto"},{"EmployeeId":2,"FirstName":"harsh","LastName":"rathore","FullName":"harsh rathore","Email":"harsh@gmail.com","PhoneNumber":"7976681235","Gender":"Male","DOB":"2005-07-03T00:00:00.0000000","DOJ":"2026-06-12T00:00:00.0000000","DepartmentId":3,"DepartmentName":"Finance","RoleId":1,"RoleName":"Admin","Status":"Active","CreatedOn":"2026-06-12T21:25:47.5693795","UpdatedOn":"2026-06-12T23:08:27.1985056","$type":"EmployeeDto"},{"EmployeeId":5,"FirstName":"lakshya","LastName":"sharma","FullName":"lakshya sharma","Email":"lakshya@gmail.com","PhoneNumber":"8946456765","Gender":"Male","DOB":"2005-03-14T00:00:00.0000000","DOJ":"2026-04-08T00:00:00.0000000","DepartmentId":4,"DepartmentName":"Operations","RoleId":3,"RoleName":"Employee","Status":"Active","CreatedOn":"2026-06-13T08:09:44.8928080","UpdatedOn":null,"$type":"EmployeeDto"},{"EmployeeId":6,"FirstName":"System","LastName":"Admin","FullName":"System Admin","Email":"admin@wms.com","PhoneNumber":"9999999999","Gender":"Male","DOB":"1990-01-01T00:00:00.0000000","DOJ":"2026-06-13T19:06:47.4733333","DepartmentId":1,"DepartmentName":"HR","RoleId":1,"RoleName":"Admin","Status":"Active","CreatedOn":"2026-06-13T19:06:47.4733333","UpdatedOn":null,"$type":"EmployeeDto"}],"TotalCount":6,"PageNumber":1,"PageSize":500,"TotalPages":1,"HasPreviousPage":false,"HasNextPage":false,"$type":"PagedResult`1"}
2026-06-14 05:04:19.792 +05:30 [INF] HTTP GET /api/v1/attendance/today responded 200 in 58.2565 ms
2026-06-14 05:04:19.884 +05:30 [INF] HTTP GET /api/v1/employees responded 200 in 150.8437 ms
2026-06-14 05:04:20.587 +05:30 [INF] WMS Request: GetLeavesByEmployeeQuery {"EmployeeId":6,"PageNumber":1,"PageSize":10,"$type":"GetLeavesByEmployeeQuery"}
2026-06-14 05:04:20.587 +05:30 [INF] WMS Request: GetPendingLeavesQuery {"$type":"GetPendingLeavesQuery"}
2026-06-14 05:04:20.611 +05:30 [INF] WMS Response: GetLeavesByEmployeeQuery {"Items":[],"TotalCount":0,"PageNumber":1,"PageSize":10,"TotalPages":0,"HasPreviousPage":false,"HasNextPage":false,"$type":"PagedResult`1"}
2026-06-14 05:04:20.617 +05:30 [INF] WMS Response: GetPendingLeavesQuery [{"LeaveId":12,"EmpId":1,"EmployeeName":"Hardik Patel","LeaveType":"Earned","Reason":"hdtdyuyiuih","FromDate":"2026-07-18T00:00:00.0000000","ToDate":"2026-07-21T00:00:00.0000000","TotalDays":4,"Status":"Pending","AppliedOn":"2026-06-13T18:16:13.0904676","ApprovedBy":null,"ApproverName":null,"ApprovedOn":null,"$type":"LeaveDto"}]
2026-06-14 05:04:20.626 +05:30 [INF] HTTP GET /api/v1/leaves/employee/6 responded 200 in 41.1656 ms
2026-06-14 05:04:20.647 +05:30 [INF] HTTP GET /api/v1/leaves/pending responded 200 in 62.1635 ms
2026-06-14 05:04:21.478 +05:30 [INF] HTTP OPTIONS /api/v1/projects responded 204 in 0.0650 ms
2026-06-14 05:04:21.499 +05:30 [INF] WMS Request: GetProjectsQuery {"Search":null,"Status":null,"ClientId":null,"PageNumber":1,"PageSize":10,"$type":"GetProjectsQuery"}
2026-06-14 05:04:21.586 +05:30 [INF] WMS Response: GetProjectsQuery {"Items":[{"ProjectId":7,"ProjectName":"CRM","ClientId":3,"ClientName":"Microsoft","StartDate":"2026-06-13T00:00:00.0000000","EndDate":"2026-06-27T00:00:00.0000000","Status":"Active","AllocatedEmployeeCount":0,"CreatedOn":"2026-06-13T17:02:39.7969376","$type":"ProjectDto"},{"ProjectId":2,"ProjectName":"HR Portal","ClientId":3,"ClientName":"Microsoft","StartDate":"2026-01-01T00:00:00.0000000","EndDate":"2026-12-31T00:00:00.0000000","Status":"Active","AllocatedEmployeeCount":3,"CreatedOn":"2026-06-13T02:30:31.6900000","$type":"ProjectDto"},{"ProjectId":3,"ProjectName":"Employee App","ClientId":6,"ClientName":"Google","StartDate":"2026-02-01T00:00:00.0000000","EndDate":"2026-11-30T00:00:00.0000000","Status":"Active","AllocatedEmployeeCount":1,"CreatedOn":"2026-06-13T02:30:31.6900000","$type":"ProjectDto"},{"ProjectId":4,"ProjectName":"Finance Dashboard","ClientId":7,"ClientName":"string","StartDate":"2026-03-01T00:00:00.0000000","EndDate":"2026-10-31T00:00:00.0000000","Status":"Completed","AllocatedEmployeeCount":1,"CreatedOn":"2026-06-13T02:30:31.6900000","$type":"ProjectDto"}],"TotalCount":4,"PageNumber":1,"PageSize":10,"TotalPages":1,"HasPreviousPage":false,"HasNextPage":false,"$type":"PagedResult`1"}
2026-06-14 05:04:21.680 +05:30 [INF] HTTP GET /api/v1/projects responded 200 in 194.9081 ms
2026-06-14 05:04:22.921 +05:30 [INF] HTTP OPTIONS /api/v1/clients responded 204 in 0.0578 ms
2026-06-14 05:04:22.939 +05:30 [INF] WMS Request: GetClientsQuery {"Search":null,"PageNumber":1,"PageSize":10,"$type":"GetClientsQuery"}
2026-06-14 05:04:22.980 +05:30 [INF] WMS Response: GetClientsQuery {"Items":[{"ClientId":6,"ClientName":"Google","ClientAddress":"California","ClientPhoneNumber":9876543211,"ClientLocation":"USA","Status":true,"CreatedOn":"2026-06-13T02:24:32.4966667","$type":"ClientDto"},{"ClientId":8,"ClientName":"Infosys","ClientAddress":"Bangalore","ClientPhoneNumber":9876543213,"ClientLocation":"India","Status":true,"CreatedOn":"2026-06-13T02:24:32.4966667","$type":"ClientDto"},{"ClientId":3,"ClientName":"Microsoft","ClientAddress":"Redmond","ClientPhoneNumber":9876543210,"ClientLocation":"USA","Status":true,"CreatedOn":"2026-06-13T02:20:16.9833333","$type":"ClientDto"},{"ClientId":5,"ClientName":"Microsoft","ClientAddress":"Redmond","ClientPhoneNumber":9876543210,"ClientLocation":"USA","Status":true,"CreatedOn":"2026-06-13T02:24:32.4966667","$type":"ClientDto"},{"ClientId":7,"ClientName":"string","ClientAddress":"string","ClientPhoneNumber":0,"ClientLocation":"string","Status":true,"CreatedOn":"2026-06-13T02:24:32.4966667","$type":"ClientDto"}],"TotalCount":5,"PageNumber":1,"PageSize":10,"TotalPages":1,"HasPreviousPage":false,"HasNextPage":false,"$type":"PagedResult`1"}
2026-06-14 05:04:23.035 +05:30 [INF] HTTP GET /api/v1/clients responded 200 in 107.1533 ms
2026-06-14 05:04:23.855 +05:30 [INF] HTTP OPTIONS /api/v1/allocations responded 204 in 0.0503 ms
2026-06-14 05:04:23.870 +05:30 [INF] WMS Request: GetAllocationsQuery {"EmpId":null,"ProjectId":null,"Status":null,"PageNumber":1,"PageSize":20,"$type":"GetAllocationsQuery"}
2026-06-14 05:04:23.960 +05:30 [INF] WMS Response: GetAllocationsQuery {"Items":[{"AllocationId":6,"EmpId":3,"EmployeeName":"hardik maloo","DepartmentName":"AI-DS","ProjectId":2,"ProjectName":"HR Portal","AssignedOn":"2026-06-29T00:00:00.0000000","Status":false,"CreatedBy":"","CreateDate":"2026-06-13T17:43:55.7346527","UpdatedBy":"admin","UpdatedDate":"2026-06-13T18:29:43.0918397","$type":"AllocationDto"},{"AllocationId":7,"EmpId":2,"EmployeeName":"harsh rathore","DepartmentName":"Finance","ProjectId":2,"ProjectName":"HR Portal","AssignedOn":"2026-06-22T00:00:00.0000000","Status":true,"CreatedBy":"","CreateDate":"2026-06-13T17:52:25.6705390","UpdatedBy":null,"UpdatedDate":null,"$type":"AllocationDto"},{"AllocationId":3,"EmpId":1,"EmployeeName":"Hardik Patel","DepartmentName":"HR","ProjectId":2,"ProjectName":"HR Portal","AssignedOn":"2026-06-13T02:32:33.3600000","Status":true,"CreatedBy":"Admin","CreateDate":"2026-06-13T02:32:33.3600000","UpdatedBy":null,"UpdatedDate":null,"$type":"AllocationDto"},{"AllocationId":4,"EmpId":1,"EmployeeName":"Hardik Patel","DepartmentName":"HR","ProjectId":3,"ProjectName":"Employee App","AssignedOn":"2026-06-13T02:32:33.3600000","Status":false,"CreatedBy":"Admin","CreateDate":"2026-06-13T02:32:33.3600000","UpdatedBy":null,"UpdatedDate":"2026-06-13T17:29:12.8824343","$type":"AllocationDto"},{"AllocationId":5,"EmpId":1,"EmployeeName":"Hardik Patel","DepartmentName":"HR","ProjectId":4,"ProjectName":"Finance Dashboard","AssignedOn":"2026-06-13T02:32:33.3600000","Status":false,"CreatedBy":"Admin","CreateDate":"2026-06-13T02:32:33.3600000","UpdatedBy":null,"UpdatedDate":"2026-06-13T17:29:05.4585258","$type":"AllocationDto"}],"TotalCount":5,"PageNumber":1,"PageSize":20,"TotalPages":1,"HasPreviousPage":false,"HasNextPage":false,"$type":"PagedResult`1"}
2026-06-14 05:04:24.057 +05:30 [INF] HTTP GET /api/v1/allocations responded 200 in 196.4375 ms
2026-06-14 05:04:24.832 +05:30 [INF] HTTP OPTIONS /api/v1/announcements responded 204 in 0.1261 ms
2026-06-14 05:04:24.842 +05:30 [INF] WMS Request: GetAnnouncementsQuery {"IsActive":null,"PageNumber":1,"PageSize":10,"$type":"GetAnnouncementsQuery"}
2026-06-14 05:04:24.875 +05:30 [INF] WMS Response: GetAnnouncementsQuery {"Items":[{"AnnouncementId":2,"Title":"Holiday","Message":"Office holiday next week yesss","CreatedBy":1,"CreatedByName":"Hardik Patel","CreatedOn":"2026-06-13T02:26:06.7300000","IsActive":true,"$type":"AnnouncementDto"},{"AnnouncementId":3,"Title":"Meeting","Message":"Monthly review meeting","CreatedBy":1,"CreatedByName":"Hardik Patel","CreatedOn":"2026-06-13T02:26:06.7300000","IsActive":true,"$type":"AnnouncementDto"},{"AnnouncementId":4,"Title":"Policy Update","Message":"New HR policy released","CreatedBy":1,"CreatedByName":"Hardik Patel","CreatedOn":"2026-06-13T02:26:06.7300000","IsActive":true,"$type":"AnnouncementDto"},{"AnnouncementId":5,"Title":"Training","Message":"AI training scheduled","CreatedBy":1,"CreatedByName":"Hardik Patel","CreatedOn":"2026-06-13T02:26:06.7300000","IsActive":true,"$type":"AnnouncementDto"}],"TotalCount":4,"PageNumber":1,"PageSize":10,"TotalPages":1,"HasPreviousPage":false,"HasNextPage":false,"$type":"PagedResult`1"}
2026-06-14 05:04:24.921 +05:30 [INF] HTTP GET /api/v1/announcements responded 200 in 80.2562 ms
2026-06-14 05:13:06.491 +05:30 [INF] HTTP OPTIONS /api/v1/announcements responded 204 in 10.7463 ms
2026-06-14 05:13:06.573 +05:30 [INF] WMS Request: GetAnnouncementsQuery {"IsActive":null,"PageNumber":1,"PageSize":10,"$type":"GetAnnouncementsQuery"}
2026-06-14 05:13:06.948 +05:30 [INF] WMS Response: GetAnnouncementsQuery {"Items":[{"AnnouncementId":2,"Title":"Holiday","Message":"Office holiday next week yesss","CreatedBy":1,"CreatedByName":"Hardik Patel","CreatedOn":"2026-06-13T02:26:06.7300000","IsActive":true,"$type":"AnnouncementDto"},{"AnnouncementId":3,"Title":"Meeting","Message":"Monthly review meeting","CreatedBy":1,"CreatedByName":"Hardik Patel","CreatedOn":"2026-06-13T02:26:06.7300000","IsActive":true,"$type":"AnnouncementDto"},{"AnnouncementId":4,"Title":"Policy Update","Message":"New HR policy released","CreatedBy":1,"CreatedByName":"Hardik Patel","CreatedOn":"2026-06-13T02:26:06.7300000","IsActive":true,"$type":"AnnouncementDto"},{"AnnouncementId":5,"Title":"Training","Message":"AI training scheduled","CreatedBy":1,"CreatedByName":"Hardik Patel","CreatedOn":"2026-06-13T02:26:06.7300000","IsActive":true,"$type":"AnnouncementDto"}],"TotalCount":4,"PageNumber":1,"PageSize":10,"TotalPages":1,"HasPreviousPage":false,"HasNextPage":false,"$type":"PagedResult`1"}
2026-06-14 05:13:06.973 +05:30 [INF] HTTP GET /api/v1/announcements responded 200 in 455.9196 ms
2026-06-14 05:13:57.182 +05:30 [INF] HTTP OPTIONS /api/v1/announcements responded 204 in 0.7720 ms
2026-06-14 05:13:57.194 +05:30 [INF] WMS Request: GetAnnouncementsQuery {"IsActive":null,"PageNumber":1,"PageSize":10,"$type":"GetAnnouncementsQuery"}
2026-06-14 05:13:57.223 +05:30 [INF] WMS Response: GetAnnouncementsQuery {"Items":[{"AnnouncementId":2,"Title":"Holiday","Message":"Office holiday next week yesss","CreatedBy":1,"CreatedByName":"Hardik Patel","CreatedOn":"2026-06-13T02:26:06.7300000","IsActive":true,"$type":"AnnouncementDto"},{"AnnouncementId":3,"Title":"Meeting","Message":"Monthly review meeting","CreatedBy":1,"CreatedByName":"Hardik Patel","CreatedOn":"2026-06-13T02:26:06.7300000","IsActive":true,"$type":"AnnouncementDto"},{"AnnouncementId":4,"Title":"Policy Update","Message":"New HR policy released","CreatedBy":1,"CreatedByName":"Hardik Patel","CreatedOn":"2026-06-13T02:26:06.7300000","IsActive":true,"$type":"AnnouncementDto"},{"AnnouncementId":5,"Title":"Training","Message":"AI training scheduled","CreatedBy":1,"CreatedByName":"Hardik Patel","CreatedOn":"2026-06-13T02:26:06.7300000","IsActive":true,"$type":"AnnouncementDto"}],"TotalCount":4,"PageNumber":1,"PageSize":10,"TotalPages":1,"HasPreviousPage":false,"HasNextPage":false,"$type":"PagedResult`1"}
2026-06-14 05:13:57.277 +05:30 [INF] HTTP GET /api/v1/announcements responded 200 in 87.6250 ms
2026-06-14 05:13:58.918 +05:30 [INF] HTTP OPTIONS /api/v1/dashboard/summary responded 204 in 0.0841 ms
2026-06-14 05:13:58.938 +05:30 [INF] WMS Request: GetDashboardSummaryQuery {"$type":"GetDashboardSummaryQuery"}
2026-06-14 05:13:59.211 +05:30 [INF] WMS Response: GetDashboardSummaryQuery {"TotalEmployees":6,"ActiveEmployees":5,"TotalDepartments":4,"TotalProjects":4,"ActiveProjects":3,"TotalClients":5,"TodayAttendanceCount":3,"PendingLeaves":1,"AttendanceTrend":[{"Date":"Jun 07","Present":1,"Absent":0,"WFH":0,"WFO":1,"$type":"AttendanceTrendDto"},{"Date":"Jun 08","Present":1,"Absent":0,"WFH":1,"WFO":0,"$type":"AttendanceTrendDto"},{"Date":"Jun 09","Present":1,"Absent":0,"WFH":0,"WFO":1,"$type":"AttendanceTrendDto"},{"Date":"Jun 10","Present":1,"Absent":0,"WFH":1,"WFO":0,"$type":"AttendanceTrendDto"},{"Date":"Jun 11","Present":1,"Absent":0,"WFH":0,"WFO":1,"$type":"AttendanceTrendDto"},{"Date":"Jun 12","Present":1,"Absent":0,"WFH":1,"WFO":0,"$type":"AttendanceTrendDto"},{"Date":"Jun 13","Present":3,"Absent":0,"WFH":1,"WFO":2,"$type":"AttendanceTrendDto"}],"LeaveTrend":[{"Month":"2/2026","Approved":1,"Pending":0,"Rejected":0,"$type":"LeaveTrendDto"},{"Month":"3/2026","Approved":0,"Pending":0,"Rejected":1,"$type":"LeaveTrendDto"},{"Month":"4/2026","Approved":0,"Pending":0,"Rejected":1,"$type":"LeaveTrendDto"},{"Month":"5/2026","Approved":1,"Pending":0,"Rejected":0,"$type":"LeaveTrendDto"},{"Month":"6/2026","Approved":4,"Pending":1,"Rejected":2,"$type":"LeaveTrendDto"}],"DepartmentDistribution":[{"DepartmentName":"HR","EmployeeCount":2,"$type":"DepartmentDistributionDto"},{"DepartmentName":"Finance","EmployeeCount":1,"$type":"DepartmentDistributionDto"},{"DepartmentName":"Operations","EmployeeCount":1,"$type":"DepartmentDistributionDto"},{"DepartmentName":"AI-DS","EmployeeCount":1,"$type":"DepartmentDistributionDto"}],"ProjectStatusDistribution":[{"Status":"Active","Count":3,"$type":"ProjectStatusDto"},{"Status":"Completed","Count":1,"$type":"ProjectStatusDto"}],"RecentAnnouncements":[{"AnnouncementId":2,"Title":"Holiday","Message":"Office holiday next week yesss","CreatedBy":0,"CreatedByName":"Hardik Patel","CreatedOn":"2026-06-13T02:26:06.7300000","IsActive":true,"$type":"AnnouncementDto"},{"AnnouncementId":3,"Title":"Meeting","Message":"Monthly review meeting","CreatedBy":0,"CreatedByName":"Hardik Patel","CreatedOn":"2026-06-13T02:26:06.7300000","IsActive":true,"$type":"AnnouncementDto"},{"AnnouncementId":4,"Title":"Policy Update","Message":"New HR policy released","CreatedBy":0,"CreatedByName":"Hardik Patel","CreatedOn":"2026-06-13T02:26:06.7300000","IsActive":true,"$type":"AnnouncementDto"},{"AnnouncementId":5,"Title":"Training","Message":"AI training scheduled","CreatedBy":0,"CreatedByName":"Hardik Patel","CreatedOn":"2026-06-13T02:26:06.7300000","IsActive":true,"$type":"AnnouncementDto"}],"$type":"DashboardSummaryDto"}
2026-06-14 05:13:59.344 +05:30 [INF] HTTP GET /api/v1/dashboard/summary responded 200 in 418.7563 ms
2026-06-14 05:14:51.530 +05:30 [INF] HTTP OPTIONS /api/v1/dashboard/summary responded 204 in 0.3143 ms
2026-06-14 05:14:51.544 +05:30 [INF] WMS Request: GetDashboardSummaryQuery {"$type":"GetDashboardSummaryQuery"}
2026-06-14 05:14:51.771 +05:30 [INF] WMS Response: GetDashboardSummaryQuery {"TotalEmployees":6,"ActiveEmployees":5,"TotalDepartments":4,"TotalProjects":4,"ActiveProjects":3,"TotalClients":5,"TodayAttendanceCount":3,"PendingLeaves":1,"AttendanceTrend":[{"Date":"Jun 07","Present":1,"Absent":0,"WFH":0,"WFO":1,"$type":"AttendanceTrendDto"},{"Date":"Jun 08","Present":1,"Absent":0,"WFH":1,"WFO":0,"$type":"AttendanceTrendDto"},{"Date":"Jun 09","Present":1,"Absent":0,"WFH":0,"WFO":1,"$type":"AttendanceTrendDto"},{"Date":"Jun 10","Present":1,"Absent":0,"WFH":1,"WFO":0,"$type":"AttendanceTrendDto"},{"Date":"Jun 11","Present":1,"Absent":0,"WFH":0,"WFO":1,"$type":"AttendanceTrendDto"},{"Date":"Jun 12","Present":1,"Absent":0,"WFH":1,"WFO":0,"$type":"AttendanceTrendDto"},{"Date":"Jun 13","Present":3,"Absent":0,"WFH":1,"WFO":2,"$type":"AttendanceTrendDto"}],"LeaveTrend":[{"Month":"2/2026","Approved":1,"Pending":0,"Rejected":0,"$type":"LeaveTrendDto"},{"Month":"3/2026","Approved":0,"Pending":0,"Rejected":1,"$type":"LeaveTrendDto"},{"Month":"4/2026","Approved":0,"Pending":0,"Rejected":1,"$type":"LeaveTrendDto"},{"Month":"5/2026","Approved":1,"Pending":0,"Rejected":0,"$type":"LeaveTrendDto"},{"Month":"6/2026","Approved":4,"Pending":1,"Rejected":2,"$type":"LeaveTrendDto"}],"DepartmentDistribution":[{"DepartmentName":"HR","EmployeeCount":2,"$type":"DepartmentDistributionDto"},{"DepartmentName":"Finance","EmployeeCount":1,"$type":"DepartmentDistributionDto"},{"DepartmentName":"Operations","EmployeeCount":1,"$type":"DepartmentDistributionDto"},{"DepartmentName":"AI-DS","EmployeeCount":1,"$type":"DepartmentDistributionDto"}],"ProjectStatusDistribution":[{"Status":"Active","Count":3,"$type":"ProjectStatusDto"},{"Status":"Completed","Count":1,"$type":"ProjectStatusDto"}],"RecentAnnouncements":[{"AnnouncementId":2,"Title":"Holiday","Message":"Office holiday next week yesss","CreatedBy":0,"CreatedByName":"Hardik Patel","CreatedOn":"2026-06-13T02:26:06.7300000","IsActive":true,"$type":"AnnouncementDto"},{"AnnouncementId":3,"Title":"Meeting","Message":"Monthly review meeting","CreatedBy":0,"CreatedByName":"Hardik Patel","CreatedOn":"2026-06-13T02:26:06.7300000","IsActive":true,"$type":"AnnouncementDto"},{"AnnouncementId":4,"Title":"Policy Update","Message":"New HR policy released","CreatedBy":0,"CreatedByName":"Hardik Patel","CreatedOn":"2026-06-13T02:26:06.7300000","IsActive":true,"$type":"AnnouncementDto"},{"AnnouncementId":5,"Title":"Training","Message":"AI training scheduled","CreatedBy":0,"CreatedByName":"Hardik Patel","CreatedOn":"2026-06-13T02:26:06.7300000","IsActive":true,"$type":"AnnouncementDto"}],"$type":"DashboardSummaryDto"}
2026-06-14 05:14:51.910 +05:30 [INF] HTTP GET /api/v1/dashboard/summary responded 200 in 372.5904 ms
2026-06-14 05:14:57.308 +05:30 [INF] HTTP OPTIONS /api/v1/dashboard/summary responded 204 in 0.0503 ms
2026-06-14 05:14:57.316 +05:30 [INF] WMS Request: GetDashboardSummaryQuery {"$type":"GetDashboardSummaryQuery"}
2026-06-14 05:14:57.407 +05:30 [INF] WMS Response: GetDashboardSummaryQuery {"TotalEmployees":6,"ActiveEmployees":5,"TotalDepartments":4,"TotalProjects":4,"ActiveProjects":3,"TotalClients":5,"TodayAttendanceCount":3,"PendingLeaves":1,"AttendanceTrend":[{"Date":"Jun 07","Present":1,"Absent":0,"WFH":0,"WFO":1,"$type":"AttendanceTrendDto"},{"Date":"Jun 08","Present":1,"Absent":0,"WFH":1,"WFO":0,"$type":"AttendanceTrendDto"},{"Date":"Jun 09","Present":1,"Absent":0,"WFH":0,"WFO":1,"$type":"AttendanceTrendDto"},{"Date":"Jun 10","Present":1,"Absent":0,"WFH":1,"WFO":0,"$type":"AttendanceTrendDto"},{"Date":"Jun 11","Present":1,"Absent":0,"WFH":0,"WFO":1,"$type":"AttendanceTrendDto"},{"Date":"Jun 12","Present":1,"Absent":0,"WFH":1,"WFO":0,"$type":"AttendanceTrendDto"},{"Date":"Jun 13","Present":3,"Absent":0,"WFH":1,"WFO":2,"$type":"AttendanceTrendDto"}],"LeaveTrend":[{"Month":"2/2026","Approved":1,"Pending":0,"Rejected":0,"$type":"LeaveTrendDto"},{"Month":"3/2026","Approved":0,"Pending":0,"Rejected":1,"$type":"LeaveTrendDto"},{"Month":"4/2026","Approved":0,"Pending":0,"Rejected":1,"$type":"LeaveTrendDto"},{"Month":"5/2026","Approved":1,"Pending":0,"Rejected":0,"$type":"LeaveTrendDto"},{"Month":"6/2026","Approved":4,"Pending":1,"Rejected":2,"$type":"LeaveTrendDto"}],"DepartmentDistribution":[{"DepartmentName":"HR","EmployeeCount":2,"$type":"DepartmentDistributionDto"},{"DepartmentName":"Finance","EmployeeCount":1,"$type":"DepartmentDistributionDto"},{"DepartmentName":"Operations","EmployeeCount":1,"$type":"DepartmentDistributionDto"},{"DepartmentName":"AI-DS","EmployeeCount":1,"$type":"DepartmentDistributionDto"}],"ProjectStatusDistribution":[{"Status":"Active","Count":3,"$type":"ProjectStatusDto"},{"Status":"Completed","Count":1,"$type":"ProjectStatusDto"}],"RecentAnnouncements":[{"AnnouncementId":2,"Title":"Holiday","Message":"Office holiday next week yesss","CreatedBy":0,"CreatedByName":"Hardik Patel","CreatedOn":"2026-06-13T02:26:06.7300000","IsActive":true,"$type":"AnnouncementDto"},{"AnnouncementId":3,"Title":"Meeting","Message":"Monthly review meeting","CreatedBy":0,"CreatedByName":"Hardik Patel","CreatedOn":"2026-06-13T02:26:06.7300000","IsActive":true,"$type":"AnnouncementDto"},{"AnnouncementId":4,"Title":"Policy Update","Message":"New HR policy released","CreatedBy":0,"CreatedByName":"Hardik Patel","CreatedOn":"2026-06-13T02:26:06.7300000","IsActive":true,"$type":"AnnouncementDto"},{"AnnouncementId":5,"Title":"Training","Message":"AI training scheduled","CreatedBy":0,"CreatedByName":"Hardik Patel","CreatedOn":"2026-06-13T02:26:06.7300000","IsActive":true,"$type":"AnnouncementDto"}],"$type":"DashboardSummaryDto"}
2026-06-14 05:14:57.531 +05:30 [INF] HTTP GET /api/v1/dashboard/summary responded 200 in 216.6262 ms
2026-06-14 05:18:51.877 +05:30 [INF] HTTP OPTIONS /api/v1/dashboard/summary responded 204 in 17.6026 ms
2026-06-14 05:18:52.160 +05:30 [INF] WMS Request: GetDashboardSummaryQuery {"$type":"GetDashboardSummaryQuery"}
2026-06-14 05:18:52.754 +05:30 [WRN] WMS Long Running Request: GetDashboardSummaryQuery (585ms) {"$type":"GetDashboardSummaryQuery"}
2026-06-14 05:18:52.768 +05:30 [INF] WMS Response: GetDashboardSummaryQuery {"TotalEmployees":6,"ActiveEmployees":5,"TotalDepartments":4,"TotalProjects":4,"ActiveProjects":3,"TotalClients":5,"TodayAttendanceCount":3,"PendingLeaves":1,"AttendanceTrend":[{"Date":"Jun 07","Present":1,"Absent":0,"WFH":0,"WFO":1,"$type":"AttendanceTrendDto"},{"Date":"Jun 08","Present":1,"Absent":0,"WFH":1,"WFO":0,"$type":"AttendanceTrendDto"},{"Date":"Jun 09","Present":1,"Absent":0,"WFH":0,"WFO":1,"$type":"AttendanceTrendDto"},{"Date":"Jun 10","Present":1,"Absent":0,"WFH":1,"WFO":0,"$type":"AttendanceTrendDto"},{"Date":"Jun 11","Present":1,"Absent":0,"WFH":0,"WFO":1,"$type":"AttendanceTrendDto"},{"Date":"Jun 12","Present":1,"Absent":0,"WFH":1,"WFO":0,"$type":"AttendanceTrendDto"},{"Date":"Jun 13","Present":3,"Absent":0,"WFH":1,"WFO":2,"$type":"AttendanceTrendDto"}],"LeaveTrend":[{"Month":"2/2026","Approved":1,"Pending":0,"Rejected":0,"$type":"LeaveTrendDto"},{"Month":"3/2026","Approved":0,"Pending":0,"Rejected":1,"$type":"LeaveTrendDto"},{"Month":"4/2026","Approved":0,"Pending":0,"Rejected":1,"$type":"LeaveTrendDto"},{"Month":"5/2026","Approved":1,"Pending":0,"Rejected":0,"$type":"LeaveTrendDto"},{"Month":"6/2026","Approved":4,"Pending":1,"Rejected":2,"$type":"LeaveTrendDto"}],"DepartmentDistribution":[{"DepartmentName":"HR","EmployeeCount":2,"$type":"DepartmentDistributionDto"},{"DepartmentName":"Finance","EmployeeCount":1,"$type":"DepartmentDistributionDto"},{"DepartmentName":"Operations","EmployeeCount":1,"$type":"DepartmentDistributionDto"},{"DepartmentName":"AI-DS","EmployeeCount":1,"$type":"DepartmentDistributionDto"}],"ProjectStatusDistribution":[{"Status":"Active","Count":3,"$type":"ProjectStatusDto"},{"Status":"Completed","Count":1,"$type":"ProjectStatusDto"}],"RecentAnnouncements":[{"AnnouncementId":2,"Title":"Holiday","Message":"Office holiday next week yesss","CreatedBy":0,"CreatedByName":"Hardik Patel","CreatedOn":"2026-06-13T02:26:06.7300000","IsActive":true,"$type":"AnnouncementDto"},{"AnnouncementId":3,"Title":"Meeting","Message":"Monthly review meeting","CreatedBy":0,"CreatedByName":"Hardik Patel","CreatedOn":"2026-06-13T02:26:06.7300000","IsActive":true,"$type":"AnnouncementDto"},{"AnnouncementId":4,"Title":"Policy Update","Message":"New HR policy released","CreatedBy":0,"CreatedByName":"Hardik Patel","CreatedOn":"2026-06-13T02:26:06.7300000","IsActive":true,"$type":"AnnouncementDto"},{"AnnouncementId":5,"Title":"Training","Message":"AI training scheduled","CreatedBy":0,"CreatedByName":"Hardik Patel","CreatedOn":"2026-06-13T02:26:06.7300000","IsActive":true,"$type":"AnnouncementDto"}],"$type":"DashboardSummaryDto"}
2026-06-14 05:18:52.903 +05:30 [INF] HTTP GET /api/v1/dashboard/summary responded 200 in 926.7995 ms
2026-06-14 05:19:02.858 +05:30 [INF] HTTP OPTIONS /api/v1/dashboard/summary responded 204 in 0.0513 ms
2026-06-14 05:19:02.883 +05:30 [INF] WMS Request: GetDashboardSummaryQuery {"$type":"GetDashboardSummaryQuery"}
2026-06-14 05:19:02.981 +05:30 [INF] WMS Response: GetDashboardSummaryQuery {"TotalEmployees":6,"ActiveEmployees":5,"TotalDepartments":4,"TotalProjects":4,"ActiveProjects":3,"TotalClients":5,"TodayAttendanceCount":3,"PendingLeaves":1,"AttendanceTrend":[{"Date":"Jun 07","Present":1,"Absent":0,"WFH":0,"WFO":1,"$type":"AttendanceTrendDto"},{"Date":"Jun 08","Present":1,"Absent":0,"WFH":1,"WFO":0,"$type":"AttendanceTrendDto"},{"Date":"Jun 09","Present":1,"Absent":0,"WFH":0,"WFO":1,"$type":"AttendanceTrendDto"},{"Date":"Jun 10","Present":1,"Absent":0,"WFH":1,"WFO":0,"$type":"AttendanceTrendDto"},{"Date":"Jun 11","Present":1,"Absent":0,"WFH":0,"WFO":1,"$type":"AttendanceTrendDto"},{"Date":"Jun 12","Present":1,"Absent":0,"WFH":1,"WFO":0,"$type":"AttendanceTrendDto"},{"Date":"Jun 13","Present":3,"Absent":0,"WFH":1,"WFO":2,"$type":"AttendanceTrendDto"}],"LeaveTrend":[{"Month":"2/2026","Approved":1,"Pending":0,"Rejected":0,"$type":"LeaveTrendDto"},{"Month":"3/2026","Approved":0,"Pending":0,"Rejected":1,"$type":"LeaveTrendDto"},{"Month":"4/2026","Approved":0,"Pending":0,"Rejected":1,"$type":"LeaveTrendDto"},{"Month":"5/2026","Approved":1,"Pending":0,"Rejected":0,"$type":"LeaveTrendDto"},{"Month":"6/2026","Approved":4,"Pending":1,"Rejected":2,"$type":"LeaveTrendDto"}],"DepartmentDistribution":[{"DepartmentName":"HR","EmployeeCount":2,"$type":"DepartmentDistributionDto"},{"DepartmentName":"Finance","EmployeeCount":1,"$type":"DepartmentDistributionDto"},{"DepartmentName":"Operations","EmployeeCount":1,"$type":"DepartmentDistributionDto"},{"DepartmentName":"AI-DS","EmployeeCount":1,"$type":"DepartmentDistributionDto"}],"ProjectStatusDistribution":[{"Status":"Active","Count":3,"$type":"ProjectStatusDto"},{"Status":"Completed","Count":1,"$type":"ProjectStatusDto"}],"RecentAnnouncements":[{"AnnouncementId":2,"Title":"Holiday","Message":"Office holiday next week yesss","CreatedBy":0,"CreatedByName":"Hardik Patel","CreatedOn":"2026-06-13T02:26:06.7300000","IsActive":true,"$type":"AnnouncementDto"},{"AnnouncementId":3,"Title":"Meeting","Message":"Monthly review meeting","CreatedBy":0,"CreatedByName":"Hardik Patel","CreatedOn":"2026-06-13T02:26:06.7300000","IsActive":true,"$type":"AnnouncementDto"},{"AnnouncementId":4,"Title":"Policy Update","Message":"New HR policy released","CreatedBy":0,"CreatedByName":"Hardik Patel","CreatedOn":"2026-06-13T02:26:06.7300000","IsActive":true,"$type":"AnnouncementDto"},{"AnnouncementId":5,"Title":"Training","Message":"AI training scheduled","CreatedBy":0,"CreatedByName":"Hardik Patel","CreatedOn":"2026-06-13T02:26:06.7300000","IsActive":true,"$type":"AnnouncementDto"}],"$type":"DashboardSummaryDto"}
2026-06-14 05:19:03.129 +05:30 [INF] HTTP GET /api/v1/dashboard/summary responded 200 in 260.9355 ms
2026-06-14 05:19:05.028 +05:30 [INF] HTTP OPTIONS /api/v1/departments responded 204 in 0.0545 ms
2026-06-14 05:19:05.030 +05:30 [INF] HTTP OPTIONS /api/v1/employees responded 204 in 0.0420 ms
2026-06-14 05:19:05.039 +05:30 [INF] WMS Request: GetDepartmentsQuery {"$type":"GetDepartmentsQuery"}
2026-06-14 05:19:05.040 +05:30 [INF] WMS Request: GetEmployeesQuery {"Search":null,"DepartmentId":null,"RoleId":null,"Status":"Active","PageNumber":1,"PageSize":10,"$type":"GetEmployeesQuery"}
2026-06-14 05:19:05.093 +05:30 [INF] WMS Response: GetDepartmentsQuery [{"DepartmentId":1,"DepartmentName":"HR","Description":"Human Resourcesss","EmployeeCount":2,"CreatedOn":"2024-01-01T00:00:00.0000000","$type":"DepartmentDto"},{"DepartmentId":3,"DepartmentName":"Finance","Description":"Finance & Accounts","EmployeeCount":1,"CreatedOn":"2024-01-01T00:00:00.0000000","$type":"DepartmentDto"},{"DepartmentId":4,"DepartmentName":"Operations","Description":"Business Operations","EmployeeCount":1,"CreatedOn":"2024-01-01T00:00:00.0000000","$type":"DepartmentDto"},{"DepartmentId":5,"DepartmentName":"AI-DS","Description":"artificial intelligence and data science","EmployeeCount":2,"CreatedOn":"2026-06-11T15:03:13.6443056","$type":"DepartmentDto"}]
2026-06-14 05:19:05.128 +05:30 [INF] HTTP GET /api/v1/departments responded 200 in 94.8564 ms
2026-06-14 05:19:05.173 +05:30 [INF] WMS Response: GetEmployeesQuery {"Items":[{"EmployeeId":1,"FirstName":"Hardik","LastName":"Patel","FullName":"Hardik Patel","Email":"hardik@test.com","PhoneNumber":"7737131410","Gender":"Male","DOB":"2004-06-21T00:00:00.0000000","DOJ":"2026-06-08T00:00:00.0000000","DepartmentId":1,"DepartmentName":"HR","RoleId":2,"RoleName":"Manager","Status":"Active","CreatedOn":"2026-06-11T15:03:58.6936554","UpdatedOn":"2026-06-13T07:04:39.6420669","$type":"EmployeeDto"},{"EmployeeId":3,"FirstName":"hardik","LastName":"maloo","FullName":"hardik maloo","Email":"hardikmaloo21@gmail.com","PhoneNumber":"8107663009","Gender":"Male","DOB":"2004-06-21T00:00:00.0000000","DOJ":"2026-06-04T00:00:00.0000000","DepartmentId":5,"DepartmentName":"AI-DS","RoleId":3,"RoleName":"Employee","Status":"Active","CreatedOn":"2026-06-12T23:10:13.1851457","UpdatedOn":null,"$type":"EmployeeDto"},{"EmployeeId":2,"FirstName":"harsh","LastName":"rathore","FullName":"harsh rathore","Email":"harsh@gmail.com","PhoneNumber":"7976681235","Gender":"Male","DOB":"2005-07-03T00:00:00.0000000","DOJ":"2026-06-12T00:00:00.0000000","DepartmentId":3,"DepartmentName":"Finance","RoleId":1,"RoleName":"Admin","Status":"Active","CreatedOn":"2026-06-12T21:25:47.5693795","UpdatedOn":"2026-06-12T23:08:27.1985056","$type":"EmployeeDto"},{"EmployeeId":5,"FirstName":"lakshya","LastName":"sharma","FullName":"lakshya sharma","Email":"lakshya@gmail.com","PhoneNumber":"8946456765","Gender":"Male","DOB":"2005-03-14T00:00:00.0000000","DOJ":"2026-04-08T00:00:00.0000000","DepartmentId":4,"DepartmentName":"Operations","RoleId":3,"RoleName":"Employee","Status":"Active","CreatedOn":"2026-06-13T08:09:44.8928080","UpdatedOn":null,"$type":"EmployeeDto"},{"EmployeeId":6,"FirstName":"System","LastName":"Admin","FullName":"System Admin","Email":"admin@wms.com","PhoneNumber":"9999999999","Gender":"Male","DOB":"1990-01-01T00:00:00.0000000","DOJ":"2026-06-13T19:06:47.4733333","DepartmentId":1,"DepartmentName":"HR","RoleId":1,"RoleName":"Admin","Status":"Active","CreatedOn":"2026-06-13T19:06:47.4733333","UpdatedOn":null,"$type":"EmployeeDto"}],"TotalCount":5,"PageNumber":1,"PageSize":10,"TotalPages":1,"HasPreviousPage":false,"HasNextPage":false,"$type":"PagedResult`1"}
2026-06-14 05:19:05.266 +05:30 [INF] HTTP GET /api/v1/employees responded 200 in 230.3731 ms
2026-06-14 05:19:09.096 +05:30 [INF] HTTP OPTIONS /api/v1/employees/1/status responded 204 in 2.2839 ms
2026-06-14 05:19:09.206 +05:30 [INF] WMS Request: UpdateEmployeeStatusCommand {"EmployeeId":1,"Status":"Inactive","$type":"UpdateEmployeeStatusCommand"}
2026-06-14 05:19:09.421 +05:30 [INF] WMS Response: UpdateEmployeeStatusCommand {"$type":"Unit"}
2026-06-14 05:19:09.426 +05:30 [INF] HTTP PUT /api/v1/employees/1/status responded 200 in 318.6837 ms
2026-06-14 05:19:09.434 +05:30 [INF] WMS Request: GetEmployeesQuery {"Search":null,"DepartmentId":null,"RoleId":null,"Status":"Active","PageNumber":1,"PageSize":10,"$type":"GetEmployeesQuery"}
2026-06-14 05:19:09.454 +05:30 [INF] WMS Response: GetEmployeesQuery {"Items":[{"EmployeeId":3,"FirstName":"hardik","LastName":"maloo","FullName":"hardik maloo","Email":"hardikmaloo21@gmail.com","PhoneNumber":"8107663009","Gender":"Male","DOB":"2004-06-21T00:00:00.0000000","DOJ":"2026-06-04T00:00:00.0000000","DepartmentId":5,"DepartmentName":"AI-DS","RoleId":3,"RoleName":"Employee","Status":"Active","CreatedOn":"2026-06-12T23:10:13.1851457","UpdatedOn":null,"$type":"EmployeeDto"},{"EmployeeId":2,"FirstName":"harsh","LastName":"rathore","FullName":"harsh rathore","Email":"harsh@gmail.com","PhoneNumber":"7976681235","Gender":"Male","DOB":"2005-07-03T00:00:00.0000000","DOJ":"2026-06-12T00:00:00.0000000","DepartmentId":3,"DepartmentName":"Finance","RoleId":1,"RoleName":"Admin","Status":"Active","CreatedOn":"2026-06-12T21:25:47.5693795","UpdatedOn":"2026-06-12T23:08:27.1985056","$type":"EmployeeDto"},{"EmployeeId":5,"FirstName":"lakshya","LastName":"sharma","FullName":"lakshya sharma","Email":"lakshya@gmail.com","PhoneNumber":"8946456765","Gender":"Male","DOB":"2005-03-14T00:00:00.0000000","DOJ":"2026-04-08T00:00:00.0000000","DepartmentId":4,"DepartmentName":"Operations","RoleId":3,"RoleName":"Employee","Status":"Active","CreatedOn":"2026-06-13T08:09:44.8928080","UpdatedOn":null,"$type":"EmployeeDto"},{"EmployeeId":6,"FirstName":"System","LastName":"Admin","FullName":"System Admin","Email":"admin@wms.com","PhoneNumber":"9999999999","Gender":"Male","DOB":"1990-01-01T00:00:00.0000000","DOJ":"2026-06-13T19:06:47.4733333","DepartmentId":1,"DepartmentName":"HR","RoleId":1,"RoleName":"Admin","Status":"Active","CreatedOn":"2026-06-13T19:06:47.4733333","UpdatedOn":null,"$type":"EmployeeDto"}],"TotalCount":4,"PageNumber":1,"PageSize":10,"TotalPages":1,"HasPreviousPage":false,"HasNextPage":false,"$type":"PagedResult`1"}
2026-06-14 05:19:09.504 +05:30 [INF] HTTP GET /api/v1/employees responded 200 in 71.5706 ms
2026-06-14 05:19:13.369 +05:30 [INF] HTTP OPTIONS /api/v1/departments responded 204 in 0.0854 ms
2026-06-14 05:19:13.382 +05:30 [INF] WMS Request: GetDepartmentsQuery {"$type":"GetDepartmentsQuery"}
2026-06-14 05:19:13.414 +05:30 [INF] WMS Response: GetDepartmentsQuery [{"DepartmentId":1,"DepartmentName":"HR","Description":"Human Resourcesss","EmployeeCount":2,"CreatedOn":"2024-01-01T00:00:00.0000000","$type":"DepartmentDto"},{"DepartmentId":3,"DepartmentName":"Finance","Description":"Finance & Accounts","EmployeeCount":1,"CreatedOn":"2024-01-01T00:00:00.0000000","$type":"DepartmentDto"},{"DepartmentId":4,"DepartmentName":"Operations","Description":"Business Operations","EmployeeCount":1,"CreatedOn":"2024-01-01T00:00:00.0000000","$type":"DepartmentDto"},{"DepartmentId":5,"DepartmentName":"AI-DS","Description":"artificial intelligence and data science","EmployeeCount":2,"CreatedOn":"2026-06-11T15:03:13.6443056","$type":"DepartmentDto"}]
2026-06-14 05:19:13.469 +05:30 [INF] HTTP GET /api/v1/departments responded 200 in 88.0403 ms
2026-06-14 05:19:14.835 +05:30 [INF] HTTP OPTIONS /api/v1/attendance/today responded 204 in 0.0330 ms
2026-06-14 05:19:14.835 +05:30 [INF] HTTP OPTIONS /api/v1/employees responded 204 in 0.0221 ms
2026-06-14 05:19:14.844 +05:30 [INF] WMS Request: GetTodayAttendanceQuery {"$type":"GetTodayAttendanceQuery"}
2026-06-14 05:19:14.846 +05:30 [INF] WMS Request: GetEmployeesQuery {"Search":null,"DepartmentId":null,"RoleId":null,"Status":null,"PageNumber":1,"PageSize":500,"$type":"GetEmployeesQuery"}
2026-06-14 05:19:14.867 +05:30 [INF] WMS Response: GetTodayAttendanceQuery [{"AttendanceId":7,"EmpId":1,"EmployeeName":"Hardik Patel","CheckIn":"2026-06-13T11:25:42.0866667","CheckOut":"2026-06-13T20:25:42.0866667","TotalHours":9,"WorkMode":"WFO","AttendanceDate":"2026-06-13T00:00:00.0000000","Status":"Complete","$type":"AttendanceDto"},{"AttendanceId":9,"EmpId":2,"EmployeeName":"harsh rathore","CheckIn":"2026-06-13T07:40:34.1850912","CheckOut":"2026-06-13T07:40:46.2162232","TotalHours":0,"WorkMode":"WFH","AttendanceDate":"2026-06-13T00:00:00.0000000","Status":"Complete","$type":"AttendanceDto"},{"AttendanceId":8,"EmpId":3,"EmployeeName":"hardik maloo","CheckIn":"2026-06-13T07:29:43.8752262","CheckOut":"2026-06-13T07:30:12.7045242","TotalHours":0.01,"WorkMode":"WFO","AttendanceDate":"2026-06-13T00:00:00.0000000","Status":"Complete","$type":"AttendanceDto"}]
2026-06-14 05:19:14.874 +05:30 [INF] WMS Response: GetEmployeesQuery {"Items":[{"EmployeeId":4,"FirstName":"aditya","LastName":"batwara","FullName":"aditya batwara","Email":"aditya21@gmail.com","PhoneNumber":"7414040730","Gender":"Male","DOB":"2004-02-21T00:00:00.0000000","DOJ":"2026-04-07T00:00:00.0000000","DepartmentId":5,"DepartmentName":"AI-DS","RoleId":3,"RoleName":"Employee","Status":"Inactive","CreatedOn":"2026-06-12T23:12:11.5907684","UpdatedOn":"2026-06-13T12:36:11.3585878","$type":"EmployeeDto"},{"EmployeeId":1,"FirstName":"Hardik","LastName":"Patel","FullName":"Hardik Patel","Email":"hardik@test.com","PhoneNumber":"7737131410","Gender":"Male","DOB":"2004-06-21T00:00:00.0000000","DOJ":"2026-06-08T00:00:00.0000000","DepartmentId":1,"DepartmentName":"HR","RoleId":2,"RoleName":"Manager","Status":"Inactive","CreatedOn":"2026-06-11T15:03:58.6936554","UpdatedOn":"2026-06-13T23:49:09.2801027","$type":"EmployeeDto"},{"EmployeeId":3,"FirstName":"hardik","LastName":"maloo","FullName":"hardik maloo","Email":"hardikmaloo21@gmail.com","PhoneNumber":"8107663009","Gender":"Male","DOB":"2004-06-21T00:00:00.0000000","DOJ":"2026-06-04T00:00:00.0000000","DepartmentId":5,"DepartmentName":"AI-DS","RoleId":3,"RoleName":"Employee","Status":"Active","CreatedOn":"2026-06-12T23:10:13.1851457","UpdatedOn":null,"$type":"EmployeeDto"},{"EmployeeId":2,"FirstName":"harsh","LastName":"rathore","FullName":"harsh rathore","Email":"harsh@gmail.com","PhoneNumber":"7976681235","Gender":"Male","DOB":"2005-07-03T00:00:00.0000000","DOJ":"2026-06-12T00:00:00.0000000","DepartmentId":3,"DepartmentName":"Finance","RoleId":1,"RoleName":"Admin","Status":"Active","CreatedOn":"2026-06-12T21:25:47.5693795","UpdatedOn":"2026-06-12T23:08:27.1985056","$type":"EmployeeDto"},{"EmployeeId":5,"FirstName":"lakshya","LastName":"sharma","FullName":"lakshya sharma","Email":"lakshya@gmail.com","PhoneNumber":"8946456765","Gender":"Male","DOB":"2005-03-14T00:00:00.0000000","DOJ":"2026-04-08T00:00:00.0000000","DepartmentId":4,"DepartmentName":"Operations","RoleId":3,"RoleName":"Employee","Status":"Active","CreatedOn":"2026-06-13T08:09:44.8928080","UpdatedOn":null,"$type":"EmployeeDto"},{"EmployeeId":6,"FirstName":"System","LastName":"Admin","FullName":"System Admin","Email":"admin@wms.com","PhoneNumber":"9999999999","Gender":"Male","DOB":"1990-01-01T00:00:00.0000000","DOJ":"2026-06-13T19:06:47.4733333","DepartmentId":1,"DepartmentName":"HR","RoleId":1,"RoleName":"Admin","Status":"Active","CreatedOn":"2026-06-13T19:06:47.4733333","UpdatedOn":null,"$type":"EmployeeDto"}],"TotalCount":6,"PageNumber":1,"PageSize":500,"TotalPages":1,"HasPreviousPage":false,"HasNextPage":false,"$type":"PagedResult`1"}
2026-06-14 05:19:14.916 +05:30 [INF] HTTP GET /api/v1/attendance/today responded 200 in 73.6676 ms
2026-06-14 05:19:14.999 +05:30 [INF] HTTP GET /api/v1/employees responded 200 in 154.3992 ms
2026-06-14 05:19:18.602 +05:30 [INF] WMS Request: GetTodayAttendanceQuery {"$type":"GetTodayAttendanceQuery"}
2026-06-14 05:19:18.611 +05:30 [INF] WMS Response: GetTodayAttendanceQuery [{"AttendanceId":7,"EmpId":1,"EmployeeName":"Hardik Patel","CheckIn":"2026-06-13T11:25:42.0866667","CheckOut":"2026-06-13T20:25:42.0866667","TotalHours":9,"WorkMode":"WFO","AttendanceDate":"2026-06-13T00:00:00.0000000","Status":"Complete","$type":"AttendanceDto"},{"AttendanceId":9,"EmpId":2,"EmployeeName":"harsh rathore","CheckIn":"2026-06-13T07:40:34.1850912","CheckOut":"2026-06-13T07:40:46.2162232","TotalHours":0,"WorkMode":"WFH","AttendanceDate":"2026-06-13T00:00:00.0000000","Status":"Complete","$type":"AttendanceDto"},{"AttendanceId":8,"EmpId":3,"EmployeeName":"hardik maloo","CheckIn":"2026-06-13T07:29:43.8752262","CheckOut":"2026-06-13T07:30:12.7045242","TotalHours":0.01,"WorkMode":"WFO","AttendanceDate":"2026-06-13T00:00:00.0000000","Status":"Complete","$type":"AttendanceDto"}]
2026-06-14 05:19:18.642 +05:30 [INF] HTTP GET /api/v1/attendance/today responded 200 in 40.4296 ms
2026-06-14 05:19:20.270 +05:30 [INF] HTTP OPTIONS /api/v1/leaves/employee/6 responded 204 in 0.0318 ms
2026-06-14 05:19:20.270 +05:30 [INF] HTTP OPTIONS /api/v1/leaves/pending responded 204 in 0.0242 ms
2026-06-14 05:19:20.281 +05:30 [INF] WMS Request: GetLeavesByEmployeeQuery {"EmployeeId":6,"PageNumber":1,"PageSize":10,"$type":"GetLeavesByEmployeeQuery"}
2026-06-14 05:19:20.284 +05:30 [INF] WMS Request: GetPendingLeavesQuery {"$type":"GetPendingLeavesQuery"}
2026-06-14 05:19:20.297 +05:30 [INF] WMS Response: GetLeavesByEmployeeQuery {"Items":[],"TotalCount":0,"PageNumber":1,"PageSize":10,"TotalPages":0,"HasPreviousPage":false,"HasNextPage":false,"$type":"PagedResult`1"}
2026-06-14 05:19:20.306 +05:30 [INF] WMS Response: GetPendingLeavesQuery [{"LeaveId":12,"EmpId":1,"EmployeeName":"Hardik Patel","LeaveType":"Earned","Reason":"hdtdyuyiuih","FromDate":"2026-07-18T00:00:00.0000000","ToDate":"2026-07-21T00:00:00.0000000","TotalDays":4,"Status":"Pending","AppliedOn":"2026-06-13T18:16:13.0904676","ApprovedBy":null,"ApproverName":null,"ApprovedOn":null,"$type":"LeaveDto"}]
2026-06-14 05:19:20.309 +05:30 [INF] HTTP GET /api/v1/leaves/employee/6 responded 200 in 30.8682 ms
2026-06-14 05:19:20.324 +05:30 [INF] HTTP GET /api/v1/leaves/pending responded 200 in 42.1609 ms
2026-06-14 05:19:21.449 +05:30 [INF] HTTP OPTIONS /api/v1/projects responded 204 in 0.0410 ms
2026-06-14 05:19:21.465 +05:30 [INF] WMS Request: GetProjectsQuery {"Search":null,"Status":null,"ClientId":null,"PageNumber":1,"PageSize":10,"$type":"GetProjectsQuery"}
2026-06-14 05:19:21.491 +05:30 [INF] WMS Response: GetProjectsQuery {"Items":[{"ProjectId":7,"ProjectName":"CRM","ClientId":3,"ClientName":"Microsoft","StartDate":"2026-06-13T00:00:00.0000000","EndDate":"2026-06-27T00:00:00.0000000","Status":"Active","AllocatedEmployeeCount":0,"CreatedOn":"2026-06-13T17:02:39.7969376","$type":"ProjectDto"},{"ProjectId":2,"ProjectName":"HR Portal","ClientId":3,"ClientName":"Microsoft","StartDate":"2026-01-01T00:00:00.0000000","EndDate":"2026-12-31T00:00:00.0000000","Status":"Active","AllocatedEmployeeCount":3,"CreatedOn":"2026-06-13T02:30:31.6900000","$type":"ProjectDto"},{"ProjectId":3,"ProjectName":"Employee App","ClientId":6,"ClientName":"Google","StartDate":"2026-02-01T00:00:00.0000000","EndDate":"2026-11-30T00:00:00.0000000","Status":"Active","AllocatedEmployeeCount":1,"CreatedOn":"2026-06-13T02:30:31.6900000","$type":"ProjectDto"},{"ProjectId":4,"ProjectName":"Finance Dashboard","ClientId":7,"ClientName":"string","StartDate":"2026-03-01T00:00:00.0000000","EndDate":"2026-10-31T00:00:00.0000000","Status":"Completed","AllocatedEmployeeCount":1,"CreatedOn":"2026-06-13T02:30:31.6900000","$type":"ProjectDto"}],"TotalCount":4,"PageNumber":1,"PageSize":10,"TotalPages":1,"HasPreviousPage":false,"HasNextPage":false,"$type":"PagedResult`1"}
2026-06-14 05:19:21.550 +05:30 [INF] HTTP GET /api/v1/projects responded 200 in 87.2498 ms
2026-06-14 05:19:29.624 +05:30 [INF] HTTP OPTIONS /api/v1/allocations responded 204 in 0.0499 ms
2026-06-14 05:19:29.639 +05:30 [INF] WMS Request: GetAllocationsQuery {"EmpId":null,"ProjectId":null,"Status":null,"PageNumber":1,"PageSize":20,"$type":"GetAllocationsQuery"}
2026-06-14 05:19:29.672 +05:30 [INF] WMS Response: GetAllocationsQuery {"Items":[{"AllocationId":6,"EmpId":3,"EmployeeName":"hardik maloo","DepartmentName":"AI-DS","ProjectId":2,"ProjectName":"HR Portal","AssignedOn":"2026-06-29T00:00:00.0000000","Status":false,"CreatedBy":"","CreateDate":"2026-06-13T17:43:55.7346527","UpdatedBy":"admin","UpdatedDate":"2026-06-13T18:29:43.0918397","$type":"AllocationDto"},{"AllocationId":7,"EmpId":2,"EmployeeName":"harsh rathore","DepartmentName":"Finance","ProjectId":2,"ProjectName":"HR Portal","AssignedOn":"2026-06-22T00:00:00.0000000","Status":true,"CreatedBy":"","CreateDate":"2026-06-13T17:52:25.6705390","UpdatedBy":null,"UpdatedDate":null,"$type":"AllocationDto"},{"AllocationId":3,"EmpId":1,"EmployeeName":"Hardik Patel","DepartmentName":"HR","ProjectId":2,"ProjectName":"HR Portal","AssignedOn":"2026-06-13T02:32:33.3600000","Status":true,"CreatedBy":"Admin","CreateDate":"2026-06-13T02:32:33.3600000","UpdatedBy":null,"UpdatedDate":null,"$type":"AllocationDto"},{"AllocationId":4,"EmpId":1,"EmployeeName":"Hardik Patel","DepartmentName":"HR","ProjectId":3,"ProjectName":"Employee App","AssignedOn":"2026-06-13T02:32:33.3600000","Status":false,"CreatedBy":"Admin","CreateDate":"2026-06-13T02:32:33.3600000","UpdatedBy":null,"UpdatedDate":"2026-06-13T17:29:12.8824343","$type":"AllocationDto"},{"AllocationId":5,"EmpId":1,"EmployeeName":"Hardik Patel","DepartmentName":"HR","ProjectId":4,"ProjectName":"Finance Dashboard","AssignedOn":"2026-06-13T02:32:33.3600000","Status":false,"CreatedBy":"Admin","CreateDate":"2026-06-13T02:32:33.3600000","UpdatedBy":null,"UpdatedDate":"2026-06-13T17:29:05.4585258","$type":"AllocationDto"}],"TotalCount":5,"PageNumber":1,"PageSize":20,"TotalPages":1,"HasPreviousPage":false,"HasNextPage":false,"$type":"PagedResult`1"}
2026-06-14 05:19:29.760 +05:30 [INF] HTTP GET /api/v1/allocations responded 200 in 123.6804 ms
2026-06-14 05:19:31.738 +05:30 [INF] HTTP OPTIONS /api/v1/employees responded 204 in 0.0306 ms
2026-06-14 05:19:31.738 +05:30 [INF] HTTP OPTIONS /api/v1/projects responded 204 in 0.0109 ms
2026-06-14 05:19:31.744 +05:30 [INF] WMS Request: GetEmployeesQuery {"Search":null,"DepartmentId":null,"RoleId":null,"Status":null,"PageNumber":1,"PageSize":100,"$type":"GetEmployeesQuery"}
2026-06-14 05:19:31.749 +05:30 [INF] WMS Request: GetProjectsQuery {"Search":null,"Status":null,"ClientId":null,"PageNumber":1,"PageSize":100,"$type":"GetProjectsQuery"}
2026-06-14 05:19:31.773 +05:30 [INF] WMS Response: GetEmployeesQuery {"Items":[{"EmployeeId":4,"FirstName":"aditya","LastName":"batwara","FullName":"aditya batwara","Email":"aditya21@gmail.com","PhoneNumber":"7414040730","Gender":"Male","DOB":"2004-02-21T00:00:00.0000000","DOJ":"2026-04-07T00:00:00.0000000","DepartmentId":5,"DepartmentName":"AI-DS","RoleId":3,"RoleName":"Employee","Status":"Inactive","CreatedOn":"2026-06-12T23:12:11.5907684","UpdatedOn":"2026-06-13T12:36:11.3585878","$type":"EmployeeDto"},{"EmployeeId":1,"FirstName":"Hardik","LastName":"Patel","FullName":"Hardik Patel","Email":"hardik@test.com","PhoneNumber":"7737131410","Gender":"Male","DOB":"2004-06-21T00:00:00.0000000","DOJ":"2026-06-08T00:00:00.0000000","DepartmentId":1,"DepartmentName":"HR","RoleId":2,"RoleName":"Manager","Status":"Inactive","CreatedOn":"2026-06-11T15:03:58.6936554","UpdatedOn":"2026-06-13T23:49:09.2801027","$type":"EmployeeDto"},{"EmployeeId":3,"FirstName":"hardik","LastName":"maloo","FullName":"hardik maloo","Email":"hardikmaloo21@gmail.com","PhoneNumber":"8107663009","Gender":"Male","DOB":"2004-06-21T00:00:00.0000000","DOJ":"2026-06-04T00:00:00.0000000","DepartmentId":5,"DepartmentName":"AI-DS","RoleId":3,"RoleName":"Employee","Status":"Active","CreatedOn":"2026-06-12T23:10:13.1851457","UpdatedOn":null,"$type":"EmployeeDto"},{"EmployeeId":2,"FirstName":"harsh","LastName":"rathore","FullName":"harsh rathore","Email":"harsh@gmail.com","PhoneNumber":"7976681235","Gender":"Male","DOB":"2005-07-03T00:00:00.0000000","DOJ":"2026-06-12T00:00:00.0000000","DepartmentId":3,"DepartmentName":"Finance","RoleId":1,"RoleName":"Admin","Status":"Active","CreatedOn":"2026-06-12T21:25:47.5693795","UpdatedOn":"2026-06-12T23:08:27.1985056","$type":"EmployeeDto"},{"EmployeeId":5,"FirstName":"lakshya","LastName":"sharma","FullName":"lakshya sharma","Email":"lakshya@gmail.com","PhoneNumber":"8946456765","Gender":"Male","DOB":"2005-03-14T00:00:00.0000000","DOJ":"2026-04-08T00:00:00.0000000","DepartmentId":4,"DepartmentName":"Operations","RoleId":3,"RoleName":"Employee","Status":"Active","CreatedOn":"2026-06-13T08:09:44.8928080","UpdatedOn":null,"$type":"EmployeeDto"},{"EmployeeId":6,"FirstName":"System","LastName":"Admin","FullName":"System Admin","Email":"admin@wms.com","PhoneNumber":"9999999999","Gender":"Male","DOB":"1990-01-01T00:00:00.0000000","DOJ":"2026-06-13T19:06:47.4733333","DepartmentId":1,"DepartmentName":"HR","RoleId":1,"RoleName":"Admin","Status":"Active","CreatedOn":"2026-06-13T19:06:47.4733333","UpdatedOn":null,"$type":"EmployeeDto"}],"TotalCount":6,"PageNumber":1,"PageSize":100,"TotalPages":1,"HasPreviousPage":false,"HasNextPage":false,"$type":"PagedResult`1"}
2026-06-14 05:19:31.777 +05:30 [INF] WMS Response: GetProjectsQuery {"Items":[{"ProjectId":7,"ProjectName":"CRM","ClientId":3,"ClientName":"Microsoft","StartDate":"2026-06-13T00:00:00.0000000","EndDate":"2026-06-27T00:00:00.0000000","Status":"Active","AllocatedEmployeeCount":0,"CreatedOn":"2026-06-13T17:02:39.7969376","$type":"ProjectDto"},{"ProjectId":2,"ProjectName":"HR Portal","ClientId":3,"ClientName":"Microsoft","StartDate":"2026-01-01T00:00:00.0000000","EndDate":"2026-12-31T00:00:00.0000000","Status":"Active","AllocatedEmployeeCount":3,"CreatedOn":"2026-06-13T02:30:31.6900000","$type":"ProjectDto"},{"ProjectId":3,"ProjectName":"Employee App","ClientId":6,"ClientName":"Google","StartDate":"2026-02-01T00:00:00.0000000","EndDate":"2026-11-30T00:00:00.0000000","Status":"Active","AllocatedEmployeeCount":1,"CreatedOn":"2026-06-13T02:30:31.6900000","$type":"ProjectDto"},{"ProjectId":4,"ProjectName":"Finance Dashboard","ClientId":7,"ClientName":"string","StartDate":"2026-03-01T00:00:00.0000000","EndDate":"2026-10-31T00:00:00.0000000","Status":"Completed","AllocatedEmployeeCount":1,"CreatedOn":"2026-06-13T02:30:31.6900000","$type":"ProjectDto"}],"TotalCount":4,"PageNumber":1,"PageSize":100,"TotalPages":1,"HasPreviousPage":false,"HasNextPage":false,"$type":"PagedResult`1"}
2026-06-14 05:19:31.904 +05:30 [INF] HTTP GET /api/v1/employees responded 200 in 160.7367 ms
2026-06-14 05:19:31.949 +05:30 [INF] HTTP GET /api/v1/projects responded 200 in 202.0548 ms
2026-06-14 05:19:42.487 +05:30 [INF] HTTP OPTIONS /api/v1/allocations/assign responded 204 in 0.0295 ms
2026-06-14 05:19:42.522 +05:30 [INF] WMS Request: AssignEmployeeCommand {"Dto":{"EmpId":5,"ProjectId":4,"AssignedOn":"2026-08-15T00:00:00.0000000","CreatedBy":"","$type":"AssignEmployeeDto"},"$type":"AssignEmployeeCommand"}
2026-06-14 05:19:42.587 +05:30 [ERR] HTTP POST /api/v1/allocations/assign responded 500 in 94.9227 ms
WMS.Application.Common.Exceptions.ConflictException: Cannot assign employees to a completed project.
   at WMS.Application.Features.Allocations.Commands.AssignEmployeeCommandHandler.Handle(AssignEmployeeCommand request, CancellationToken ct) in C:\Users\Hardik\Desktop\WMS-Solution\src\WMS.Application\Features\Allocations\Commands\AssignEmployeeCommand.cs:line 40
   at WMS.Application.Common.Behaviours.PerformanceBehaviour`2.Handle(TRequest request, RequestHandlerDelegate`1 next, CancellationToken ct) in C:\Users\Hardik\Desktop\WMS-Solution\src\WMS.Application\Common\Behaviours\PerformanceBehaviour.cs:line 22
   at WMS.Application.Common.Behaviours.ValidationBehaviour`2.Handle(TRequest request, RequestHandlerDelegate`1 next, CancellationToken ct) in C:\Users\Hardik\Desktop\WMS-Solution\src\WMS.Application\Common\Behaviours\ValidationBehaviour.cs:line 20
   at WMS.Application.Common.Behaviours.LoggingBehaviour`2.Handle(TRequest request, RequestHandlerDelegate`1 next, CancellationToken ct) in C:\Users\Hardik\Desktop\WMS-Solution\src\WMS.Application\Common\Behaviours\LoggingBehaviour.cs:line 22
   at WMS.API.Controllers.v1.AllocationsController.Assign(AssignEmployeeDto dto, CancellationToken ct) in C:\Users\Hardik\Desktop\WMS-Solution\src\WMS.API\Controllers\v1\AllocationsController.cs:line 53
   at Microsoft.AspNetCore.Mvc.Infrastructure.ActionMethodExecutor.TaskOfIActionResultExecutor.Execute(ActionContext actionContext, IActionResultTypeMapper mapper, ObjectMethodExecutor executor, Object controller, Object[] arguments)
   at Microsoft.AspNetCore.Mvc.Infrastructure.ControllerActionInvoker.<InvokeActionMethodAsync>g__Awaited|12_0(ControllerActionInvoker invoker, ValueTask`1 actionResultValueTask)
   at Microsoft.AspNetCore.Mvc.Infrastructure.ControllerActionInvoker.<InvokeNextActionFilterAsync>g__Awaited|10_0(ControllerActionInvoker invoker, Task lastTask, State next, Scope scope, Object state, Boolean isCompleted)
   at Microsoft.AspNetCore.Mvc.Infrastructure.ControllerActionInvoker.Rethrow(ActionExecutedContextSealed context)
   at Microsoft.AspNetCore.Mvc.Infrastructure.ControllerActionInvoker.Next(State& next, Scope& scope, Object& state, Boolean& isCompleted)
   at Microsoft.AspNetCore.Mvc.Infrastructure.ControllerActionInvoker.<InvokeInnerFilterAsync>g__Awaited|13_0(ControllerActionInvoker invoker, Task lastTask, State next, Scope scope, Object state, Boolean isCompleted)
   at Microsoft.AspNetCore.Mvc.Infrastructure.ResourceInvoker.<InvokeFilterPipelineAsync>g__Awaited|20_0(ResourceInvoker invoker, Task lastTask, State next, Scope scope, Object state, Boolean isCompleted)
   at Microsoft.AspNetCore.Mvc.Infrastructure.ResourceInvoker.<InvokeAsync>g__Awaited|17_0(ResourceInvoker invoker, Task task, IDisposable scope)
   at Microsoft.AspNetCore.Mvc.Infrastructure.ResourceInvoker.<InvokeAsync>g__Awaited|17_0(ResourceInvoker invoker, Task task, IDisposable scope)
   at Microsoft.AspNetCore.Authorization.AuthorizationMiddleware.Invoke(HttpContext context)
   at Microsoft.AspNetCore.Authentication.AuthenticationMiddleware.Invoke(HttpContext context)
   at Serilog.AspNetCore.RequestLoggingMiddleware.Invoke(HttpContext httpContext)
2026-06-14 05:19:42.669 +05:30 [ERR] An unhandled exception occurred: Cannot assign employees to a completed project.
WMS.Application.Common.Exceptions.ConflictException: Cannot assign employees to a completed project.
   at WMS.Application.Features.Allocations.Commands.AssignEmployeeCommandHandler.Handle(AssignEmployeeCommand request, CancellationToken ct) in C:\Users\Hardik\Desktop\WMS-Solution\src\WMS.Application\Features\Allocations\Commands\AssignEmployeeCommand.cs:line 40
   at WMS.Application.Common.Behaviours.PerformanceBehaviour`2.Handle(TRequest request, RequestHandlerDelegate`1 next, CancellationToken ct) in C:\Users\Hardik\Desktop\WMS-Solution\src\WMS.Application\Common\Behaviours\PerformanceBehaviour.cs:line 22
   at WMS.Application.Common.Behaviours.ValidationBehaviour`2.Handle(TRequest request, RequestHandlerDelegate`1 next, CancellationToken ct) in C:\Users\Hardik\Desktop\WMS-Solution\src\WMS.Application\Common\Behaviours\ValidationBehaviour.cs:line 20
   at WMS.Application.Common.Behaviours.LoggingBehaviour`2.Handle(TRequest request, RequestHandlerDelegate`1 next, CancellationToken ct) in C:\Users\Hardik\Desktop\WMS-Solution\src\WMS.Application\Common\Behaviours\LoggingBehaviour.cs:line 22
   at WMS.API.Controllers.v1.AllocationsController.Assign(AssignEmployeeDto dto, CancellationToken ct) in C:\Users\Hardik\Desktop\WMS-Solution\src\WMS.API\Controllers\v1\AllocationsController.cs:line 53
   at Microsoft.AspNetCore.Mvc.Infrastructure.ActionMethodExecutor.TaskOfIActionResultExecutor.Execute(ActionContext actionContext, IActionResultTypeMapper mapper, ObjectMethodExecutor executor, Object controller, Object[] arguments)
   at Microsoft.AspNetCore.Mvc.Infrastructure.ControllerActionInvoker.<InvokeActionMethodAsync>g__Awaited|12_0(ControllerActionInvoker invoker, ValueTask`1 actionResultValueTask)
   at Microsoft.AspNetCore.Mvc.Infrastructure.ControllerActionInvoker.<InvokeNextActionFilterAsync>g__Awaited|10_0(ControllerActionInvoker invoker, Task lastTask, State next, Scope scope, Object state, Boolean isCompleted)
   at Microsoft.AspNetCore.Mvc.Infrastructure.ControllerActionInvoker.Rethrow(ActionExecutedContextSealed context)
   at Microsoft.AspNetCore.Mvc.Infrastructure.ControllerActionInvoker.Next(State& next, Scope& scope, Object& state, Boolean& isCompleted)
   at Microsoft.AspNetCore.Mvc.Infrastructure.ControllerActionInvoker.<InvokeInnerFilterAsync>g__Awaited|13_0(ControllerActionInvoker invoker, Task lastTask, State next, Scope scope, Object state, Boolean isCompleted)
   at Microsoft.AspNetCore.Mvc.Infrastructure.ResourceInvoker.<InvokeFilterPipelineAsync>g__Awaited|20_0(ResourceInvoker invoker, Task lastTask, State next, Scope scope, Object state, Boolean isCompleted)
   at Microsoft.AspNetCore.Mvc.Infrastructure.ResourceInvoker.<InvokeAsync>g__Awaited|17_0(ResourceInvoker invoker, Task task, IDisposable scope)
   at Microsoft.AspNetCore.Mvc.Infrastructure.ResourceInvoker.<InvokeAsync>g__Awaited|17_0(ResourceInvoker invoker, Task task, IDisposable scope)
   at Microsoft.AspNetCore.Authorization.AuthorizationMiddleware.Invoke(HttpContext context)
   at Microsoft.AspNetCore.Authentication.AuthenticationMiddleware.Invoke(HttpContext context)
   at Serilog.AspNetCore.RequestLoggingMiddleware.Invoke(HttpContext httpContext)
   at Swashbuckle.AspNetCore.SwaggerUI.SwaggerUIMiddleware.Invoke(HttpContext httpContext)
   at Swashbuckle.AspNetCore.Swagger.SwaggerMiddleware.Invoke(HttpContext httpContext, ISwaggerProvider swaggerProvider)
   at WMS.API.Middleware.GlobalExceptionMiddleware.InvokeAsync(HttpContext context) in C:\Users\Hardik\Desktop\WMS-Solution\src\WMS.API\Middleware\GlobalExceptionMiddleware.cs:line 26
2026-06-14 05:19:50.878 +05:30 [INF] HTTP OPTIONS /api/v1/allocations/assign responded 204 in 0.2506 ms
2026-06-14 05:19:50.892 +05:30 [INF] WMS Request: AssignEmployeeCommand {"Dto":{"EmpId":5,"ProjectId":7,"AssignedOn":"2026-08-15T00:00:00.0000000","CreatedBy":"","$type":"AssignEmployeeDto"},"$type":"AssignEmployeeCommand"}
2026-06-14 05:19:51.071 +05:30 [INF] WMS Response: AssignEmployeeCommand {"AllocationId":8,"EmpId":5,"EmployeeName":"lakshya sharma","DepartmentName":"Operations","ProjectId":7,"ProjectName":"CRM","AssignedOn":"2026-08-15T00:00:00.0000000","Status":true,"CreatedBy":"","CreateDate":"2026-06-13T23:49:50.9229903Z","UpdatedBy":null,"UpdatedDate":null,"$type":"AllocationDto"}
2026-06-14 05:19:51.082 +05:30 [INF] HTTP POST /api/v1/allocations/assign responded 200 in 192.9566 ms
2026-06-14 05:19:51.096 +05:30 [INF] HTTP OPTIONS /api/v1/allocations responded 204 in 0.0327 ms
2026-06-14 05:19:51.105 +05:30 [INF] WMS Request: GetAllocationsQuery {"EmpId":null,"ProjectId":null,"Status":null,"PageNumber":1,"PageSize":20,"$type":"GetAllocationsQuery"}
2026-06-14 05:19:51.135 +05:30 [INF] WMS Response: GetAllocationsQuery {"Items":[{"AllocationId":8,"EmpId":5,"EmployeeName":"lakshya sharma","DepartmentName":"Operations","ProjectId":7,"ProjectName":"CRM","AssignedOn":"2026-08-15T00:00:00.0000000","Status":true,"CreatedBy":"","CreateDate":"2026-06-13T23:49:50.9229903","UpdatedBy":null,"UpdatedDate":null,"$type":"AllocationDto"},{"AllocationId":6,"EmpId":3,"EmployeeName":"hardik maloo","DepartmentName":"AI-DS","ProjectId":2,"ProjectName":"HR Portal","AssignedOn":"2026-06-29T00:00:00.0000000","Status":false,"CreatedBy":"","CreateDate":"2026-06-13T17:43:55.7346527","UpdatedBy":"admin","UpdatedDate":"2026-06-13T18:29:43.0918397","$type":"AllocationDto"},{"AllocationId":7,"EmpId":2,"EmployeeName":"harsh rathore","DepartmentName":"Finance","ProjectId":2,"ProjectName":"HR Portal","AssignedOn":"2026-06-22T00:00:00.0000000","Status":true,"CreatedBy":"","CreateDate":"2026-06-13T17:52:25.6705390","UpdatedBy":null,"UpdatedDate":null,"$type":"AllocationDto"},{"AllocationId":3,"EmpId":1,"EmployeeName":"Hardik Patel","DepartmentName":"HR","ProjectId":2,"ProjectName":"HR Portal","AssignedOn":"2026-06-13T02:32:33.3600000","Status":true,"CreatedBy":"Admin","CreateDate":"2026-06-13T02:32:33.3600000","UpdatedBy":null,"UpdatedDate":null,"$type":"AllocationDto"},{"AllocationId":4,"EmpId":1,"EmployeeName":"Hardik Patel","DepartmentName":"HR","ProjectId":3,"ProjectName":"Employee App","AssignedOn":"2026-06-13T02:32:33.3600000","Status":false,"CreatedBy":"Admin","CreateDate":"2026-06-13T02:32:33.3600000","UpdatedBy":null,"UpdatedDate":"2026-06-13T17:29:12.8824343","$type":"AllocationDto"},{"AllocationId":5,"EmpId":1,"EmployeeName":"Hardik Patel","DepartmentName":"HR","ProjectId":4,"ProjectName":"Finance Dashboard","AssignedOn":"2026-06-13T02:32:33.3600000","Status":false,"CreatedBy":"Admin","CreateDate":"2026-06-13T02:32:33.3600000","UpdatedBy":null,"UpdatedDate":"2026-06-13T17:29:05.4585258","$type":"AllocationDto"}],"TotalCount":6,"PageNumber":1,"PageSize":20,"TotalPages":1,"HasPreviousPage":false,"HasNextPage":false,"$type":"PagedResult`1"}
2026-06-14 05:19:51.292 +05:30 [INF] HTTP GET /api/v1/allocations responded 200 in 188.4250 ms
2026-06-14 05:22:07.309 +05:30 [INF] HTTP OPTIONS /api/v1/allocations responded 204 in 0.7668 ms
2026-06-14 05:22:07.334 +05:30 [INF] WMS Request: GetAllocationsQuery {"EmpId":null,"ProjectId":null,"Status":null,"PageNumber":1,"PageSize":20,"$type":"GetAllocationsQuery"}
2026-06-14 05:22:07.428 +05:30 [INF] WMS Response: GetAllocationsQuery {"Items":[{"AllocationId":8,"EmpId":5,"EmployeeName":"lakshya sharma","DepartmentName":"Operations","ProjectId":7,"ProjectName":"CRM","AssignedOn":"2026-08-15T00:00:00.0000000","Status":true,"CreatedBy":"","CreateDate":"2026-06-13T23:49:50.9229903","UpdatedBy":null,"UpdatedDate":null,"$type":"AllocationDto"},{"AllocationId":6,"EmpId":3,"EmployeeName":"hardik maloo","DepartmentName":"AI-DS","ProjectId":2,"ProjectName":"HR Portal","AssignedOn":"2026-06-29T00:00:00.0000000","Status":false,"CreatedBy":"","CreateDate":"2026-06-13T17:43:55.7346527","UpdatedBy":"admin","UpdatedDate":"2026-06-13T18:29:43.0918397","$type":"AllocationDto"},{"AllocationId":7,"EmpId":2,"EmployeeName":"harsh rathore","DepartmentName":"Finance","ProjectId":2,"ProjectName":"HR Portal","AssignedOn":"2026-06-22T00:00:00.0000000","Status":true,"CreatedBy":"","CreateDate":"2026-06-13T17:52:25.6705390","UpdatedBy":null,"UpdatedDate":null,"$type":"AllocationDto"},{"AllocationId":3,"EmpId":1,"EmployeeName":"Hardik Patel","DepartmentName":"HR","ProjectId":2,"ProjectName":"HR Portal","AssignedOn":"2026-06-13T02:32:33.3600000","Status":true,"CreatedBy":"Admin","CreateDate":"2026-06-13T02:32:33.3600000","UpdatedBy":null,"UpdatedDate":null,"$type":"AllocationDto"},{"AllocationId":4,"EmpId":1,"EmployeeName":"Hardik Patel","DepartmentName":"HR","ProjectId":3,"ProjectName":"Employee App","AssignedOn":"2026-06-13T02:32:33.3600000","Status":false,"CreatedBy":"Admin","CreateDate":"2026-06-13T02:32:33.3600000","UpdatedBy":null,"UpdatedDate":"2026-06-13T17:29:12.8824343","$type":"AllocationDto"},{"AllocationId":5,"EmpId":1,"EmployeeName":"Hardik Patel","DepartmentName":"HR","ProjectId":4,"ProjectName":"Finance Dashboard","AssignedOn":"2026-06-13T02:32:33.3600000","Status":false,"CreatedBy":"Admin","CreateDate":"2026-06-13T02:32:33.3600000","UpdatedBy":null,"UpdatedDate":"2026-06-13T17:29:05.4585258","$type":"AllocationDto"}],"TotalCount":6,"PageNumber":1,"PageSize":20,"TotalPages":1,"HasPreviousPage":false,"HasNextPage":false,"$type":"PagedResult`1"}
2026-06-14 05:22:07.510 +05:30 [INF] HTTP GET /api/v1/allocations responded 200 in 190.0265 ms
2026-06-14 05:25:23.686 +05:30 [INF] HTTP OPTIONS /api/v1/allocations responded 204 in 2.4665 ms
2026-06-14 05:25:23.744 +05:30 [INF] WMS Request: GetAllocationsQuery {"EmpId":null,"ProjectId":null,"Status":null,"PageNumber":1,"PageSize":20,"$type":"GetAllocationsQuery"}
2026-06-14 05:25:24.070 +05:30 [INF] WMS Response: GetAllocationsQuery {"Items":[{"AllocationId":8,"EmpId":5,"EmployeeName":"lakshya sharma","DepartmentName":"Operations","ProjectId":7,"ProjectName":"CRM","AssignedOn":"2026-08-15T00:00:00.0000000","Status":true,"CreatedBy":"","CreateDate":"2026-06-13T23:49:50.9229903","UpdatedBy":null,"UpdatedDate":null,"$type":"AllocationDto"},{"AllocationId":6,"EmpId":3,"EmployeeName":"hardik maloo","DepartmentName":"AI-DS","ProjectId":2,"ProjectName":"HR Portal","AssignedOn":"2026-06-29T00:00:00.0000000","Status":false,"CreatedBy":"","CreateDate":"2026-06-13T17:43:55.7346527","UpdatedBy":"admin","UpdatedDate":"2026-06-13T18:29:43.0918397","$type":"AllocationDto"},{"AllocationId":7,"EmpId":2,"EmployeeName":"harsh rathore","DepartmentName":"Finance","ProjectId":2,"ProjectName":"HR Portal","AssignedOn":"2026-06-22T00:00:00.0000000","Status":true,"CreatedBy":"","CreateDate":"2026-06-13T17:52:25.6705390","UpdatedBy":null,"UpdatedDate":null,"$type":"AllocationDto"},{"AllocationId":3,"EmpId":1,"EmployeeName":"Hardik Patel","DepartmentName":"HR","ProjectId":2,"ProjectName":"HR Portal","AssignedOn":"2026-06-13T02:32:33.3600000","Status":true,"CreatedBy":"Admin","CreateDate":"2026-06-13T02:32:33.3600000","UpdatedBy":null,"UpdatedDate":null,"$type":"AllocationDto"},{"AllocationId":4,"EmpId":1,"EmployeeName":"Hardik Patel","DepartmentName":"HR","ProjectId":3,"ProjectName":"Employee App","AssignedOn":"2026-06-13T02:32:33.3600000","Status":false,"CreatedBy":"Admin","CreateDate":"2026-06-13T02:32:33.3600000","UpdatedBy":null,"UpdatedDate":"2026-06-13T17:29:12.8824343","$type":"AllocationDto"},{"AllocationId":5,"EmpId":1,"EmployeeName":"Hardik Patel","DepartmentName":"HR","ProjectId":4,"ProjectName":"Finance Dashboard","AssignedOn":"2026-06-13T02:32:33.3600000","Status":false,"CreatedBy":"Admin","CreateDate":"2026-06-13T02:32:33.3600000","UpdatedBy":null,"UpdatedDate":"2026-06-13T17:29:05.4585258","$type":"AllocationDto"}],"TotalCount":6,"PageNumber":1,"PageSize":20,"TotalPages":1,"HasPreviousPage":false,"HasNextPage":false,"$type":"PagedResult`1"}
2026-06-14 05:25:24.171 +05:30 [INF] HTTP GET /api/v1/allocations responded 200 in 466.7460 ms
2026-06-14 05:25:25.891 +05:30 [INF] HTTP OPTIONS /api/v1/departments responded 204 in 0.0309 ms
2026-06-14 05:25:25.891 +05:30 [INF] HTTP OPTIONS /api/v1/employees responded 204 in 0.0503 ms
2026-06-14 05:25:25.902 +05:30 [INF] WMS Request: GetDepartmentsQuery {"$type":"GetDepartmentsQuery"}
2026-06-14 05:25:25.903 +05:30 [INF] WMS Request: GetEmployeesQuery {"Search":null,"DepartmentId":null,"RoleId":null,"Status":"Active","PageNumber":1,"PageSize":10,"$type":"GetEmployeesQuery"}
2026-06-14 05:25:25.991 +05:30 [INF] WMS Response: GetDepartmentsQuery [{"DepartmentId":1,"DepartmentName":"HR","Description":"Human Resourcesss","EmployeeCount":2,"CreatedOn":"2024-01-01T00:00:00.0000000","$type":"DepartmentDto"},{"DepartmentId":3,"DepartmentName":"Finance","Description":"Finance & Accounts","EmployeeCount":1,"CreatedOn":"2024-01-01T00:00:00.0000000","$type":"DepartmentDto"},{"DepartmentId":4,"DepartmentName":"Operations","Description":"Business Operations","EmployeeCount":1,"CreatedOn":"2024-01-01T00:00:00.0000000","$type":"DepartmentDto"},{"DepartmentId":5,"DepartmentName":"AI-DS","Description":"artificial intelligence and data science","EmployeeCount":2,"CreatedOn":"2026-06-11T15:03:13.6443056","$type":"DepartmentDto"}]
2026-06-14 05:25:26.020 +05:30 [INF] HTTP GET /api/v1/departments responded 200 in 122.2269 ms
2026-06-14 05:25:26.073 +05:30 [INF] WMS Response: GetEmployeesQuery {"Items":[{"EmployeeId":3,"FirstName":"hardik","LastName":"maloo","FullName":"hardik maloo","Email":"hardikmaloo21@gmail.com","PhoneNumber":"8107663009","Gender":"Male","DOB":"2004-06-21T00:00:00.0000000","DOJ":"2026-06-04T00:00:00.0000000","DepartmentId":5,"DepartmentName":"AI-DS","RoleId":3,"RoleName":"Employee","Status":"Active","CreatedOn":"2026-06-12T23:10:13.1851457","UpdatedOn":null,"$type":"EmployeeDto"},{"EmployeeId":2,"FirstName":"harsh","LastName":"rathore","FullName":"harsh rathore","Email":"harsh@gmail.com","PhoneNumber":"7976681235","Gender":"Male","DOB":"2005-07-03T00:00:00.0000000","DOJ":"2026-06-12T00:00:00.0000000","DepartmentId":3,"DepartmentName":"Finance","RoleId":1,"RoleName":"Admin","Status":"Active","CreatedOn":"2026-06-12T21:25:47.5693795","UpdatedOn":"2026-06-12T23:08:27.1985056","$type":"EmployeeDto"},{"EmployeeId":5,"FirstName":"lakshya","LastName":"sharma","FullName":"lakshya sharma","Email":"lakshya@gmail.com","PhoneNumber":"8946456765","Gender":"Male","DOB":"2005-03-14T00:00:00.0000000","DOJ":"2026-04-08T00:00:00.0000000","DepartmentId":4,"DepartmentName":"Operations","RoleId":3,"RoleName":"Employee","Status":"Active","CreatedOn":"2026-06-13T08:09:44.8928080","UpdatedOn":null,"$type":"EmployeeDto"},{"EmployeeId":6,"FirstName":"System","LastName":"Admin","FullName":"System Admin","Email":"admin@wms.com","PhoneNumber":"9999999999","Gender":"Male","DOB":"1990-01-01T00:00:00.0000000","DOJ":"2026-06-13T19:06:47.4733333","DepartmentId":1,"DepartmentName":"HR","RoleId":1,"RoleName":"Admin","Status":"Active","CreatedOn":"2026-06-13T19:06:47.4733333","UpdatedOn":null,"$type":"EmployeeDto"}],"TotalCount":4,"PageNumber":1,"PageSize":10,"TotalPages":1,"HasPreviousPage":false,"HasNextPage":false,"$type":"PagedResult`1"}
2026-06-14 05:25:26.181 +05:30 [INF] HTTP GET /api/v1/employees responded 200 in 280.6740 ms
2026-06-14 05:25:30.778 +05:30 [INF] HTTP OPTIONS /api/v1/employees/3 responded 204 in 0.0157 ms
2026-06-14 05:25:38.181 +05:30 [INF] WMS Request: GetEmployeeByIdQuery {"EmployeeId":3,"$type":"GetEmployeeByIdQuery"}
2026-06-14 05:25:38.438 +05:30 [INF] WMS Response: GetEmployeeByIdQuery {"EmployeeId":3,"FirstName":"hardik","LastName":"maloo","FullName":"hardik maloo","Email":"hardikmaloo21@gmail.com","PhoneNumber":"8107663009","Gender":"Male","DOB":"2004-06-21T00:00:00.0000000","DOJ":"2026-06-04T00:00:00.0000000","DepartmentId":5,"DepartmentName":"AI-DS","RoleId":3,"RoleName":"Employee","Status":"Active","CreatedOn":"2026-06-12T23:10:13.1851457","UpdatedOn":null,"$type":"EmployeeDto"}
2026-06-14 05:25:38.464 +05:30 [INF] HTTP GET /api/v1/employees/3 responded 200 in 6443.5632 ms
2026-06-14 05:25:40.310 +05:30 [INF] HTTP OPTIONS /api/v1/departments responded 204 in 0.0370 ms
2026-06-14 05:25:40.311 +05:30 [INF] HTTP OPTIONS /api/v1/employees responded 204 in 0.0311 ms
2026-06-14 05:25:40.316 +05:30 [INF] WMS Request: GetDepartmentsQuery {"$type":"GetDepartmentsQuery"}
2026-06-14 05:25:40.319 +05:30 [INF] WMS Request: GetEmployeesQuery {"Search":null,"DepartmentId":null,"RoleId":null,"Status":"Active","PageNumber":1,"PageSize":10,"$type":"GetEmployeesQuery"}
2026-06-14 05:25:40.334 +05:30 [INF] WMS Response: GetDepartmentsQuery [{"DepartmentId":1,"DepartmentName":"HR","Description":"Human Resourcesss","EmployeeCount":2,"CreatedOn":"2024-01-01T00:00:00.0000000","$type":"DepartmentDto"},{"DepartmentId":3,"DepartmentName":"Finance","Description":"Finance & Accounts","EmployeeCount":1,"CreatedOn":"2024-01-01T00:00:00.0000000","$type":"DepartmentDto"},{"DepartmentId":4,"DepartmentName":"Operations","Description":"Business Operations","EmployeeCount":1,"CreatedOn":"2024-01-01T00:00:00.0000000","$type":"DepartmentDto"},{"DepartmentId":5,"DepartmentName":"AI-DS","Description":"artificial intelligence and data science","EmployeeCount":2,"CreatedOn":"2026-06-11T15:03:13.6443056","$type":"DepartmentDto"}]
2026-06-14 05:25:40.365 +05:30 [INF] WMS Response: GetEmployeesQuery {"Items":[{"EmployeeId":3,"FirstName":"hardik","LastName":"maloo","FullName":"hardik maloo","Email":"hardikmaloo21@gmail.com","PhoneNumber":"8107663009","Gender":"Male","DOB":"2004-06-21T00:00:00.0000000","DOJ":"2026-06-04T00:00:00.0000000","DepartmentId":5,"DepartmentName":"AI-DS","RoleId":3,"RoleName":"Employee","Status":"Active","CreatedOn":"2026-06-12T23:10:13.1851457","UpdatedOn":null,"$type":"EmployeeDto"},{"EmployeeId":2,"FirstName":"harsh","LastName":"rathore","FullName":"harsh rathore","Email":"harsh@gmail.com","PhoneNumber":"7976681235","Gender":"Male","DOB":"2005-07-03T00:00:00.0000000","DOJ":"2026-06-12T00:00:00.0000000","DepartmentId":3,"DepartmentName":"Finance","RoleId":1,"RoleName":"Admin","Status":"Active","CreatedOn":"2026-06-12T21:25:47.5693795","UpdatedOn":"2026-06-12T23:08:27.1985056","$type":"EmployeeDto"},{"EmployeeId":5,"FirstName":"lakshya","LastName":"sharma","FullName":"lakshya sharma","Email":"lakshya@gmail.com","PhoneNumber":"8946456765","Gender":"Male","DOB":"2005-03-14T00:00:00.0000000","DOJ":"2026-04-08T00:00:00.0000000","DepartmentId":4,"DepartmentName":"Operations","RoleId":3,"RoleName":"Employee","Status":"Active","CreatedOn":"2026-06-13T08:09:44.8928080","UpdatedOn":null,"$type":"EmployeeDto"},{"EmployeeId":6,"FirstName":"System","LastName":"Admin","FullName":"System Admin","Email":"admin@wms.com","PhoneNumber":"9999999999","Gender":"Male","DOB":"1990-01-01T00:00:00.0000000","DOJ":"2026-06-13T19:06:47.4733333","DepartmentId":1,"DepartmentName":"HR","RoleId":1,"RoleName":"Admin","Status":"Active","CreatedOn":"2026-06-13T19:06:47.4733333","UpdatedOn":null,"$type":"EmployeeDto"}],"TotalCount":4,"PageNumber":1,"PageSize":10,"TotalPages":1,"HasPreviousPage":false,"HasNextPage":false,"$type":"PagedResult`1"}
2026-06-14 05:25:40.371 +05:30 [INF] HTTP GET /api/v1/departments responded 200 in 54.9714 ms
2026-06-14 05:25:40.435 +05:30 [INF] HTTP GET /api/v1/employees responded 200 in 116.5214 ms
2026-06-14 05:25:46.380 +05:30 [INF] HTTP OPTIONS /api/v1/departments responded 204 in 0.0334 ms
2026-06-14 05:25:46.381 +05:30 [INF] HTTP OPTIONS /api/v1/roles responded 204 in 0.0371 ms
2026-06-14 05:25:46.952 +05:30 [INF] HTTP OPTIONS /api/v1/employees/3 responded 204 in 0.0351 ms
2026-06-14 05:25:46.952 +05:30 [INF] WMS Request: GetDepartmentsQuery {"$type":"GetDepartmentsQuery"}
2026-06-14 05:25:46.972 +05:30 [INF] WMS Request: GetEmployeeByIdQuery {"EmployeeId":3,"$type":"GetEmployeeByIdQuery"}
2026-06-14 05:25:46.974 +05:30 [INF] WMS Response: GetDepartmentsQuery [{"DepartmentId":1,"DepartmentName":"HR","Description":"Human Resourcesss","EmployeeCount":2,"CreatedOn":"2024-01-01T00:00:00.0000000","$type":"DepartmentDto"},{"DepartmentId":3,"DepartmentName":"Finance","Description":"Finance & Accounts","EmployeeCount":1,"CreatedOn":"2024-01-01T00:00:00.0000000","$type":"DepartmentDto"},{"DepartmentId":4,"DepartmentName":"Operations","Description":"Business Operations","EmployeeCount":1,"CreatedOn":"2024-01-01T00:00:00.0000000","$type":"DepartmentDto"},{"DepartmentId":5,"DepartmentName":"AI-DS","Description":"artificial intelligence and data science","EmployeeCount":2,"CreatedOn":"2026-06-11T15:03:13.6443056","$type":"DepartmentDto"}]
2026-06-14 05:25:46.991 +05:30 [INF] WMS Request: GetRolesQuery {"$type":"GetRolesQuery"}
2026-06-14 05:25:47.044 +05:30 [INF] HTTP GET /api/v1/departments responded 200 in 655.2620 ms
2026-06-14 05:25:47.061 +05:30 [INF] WMS Response: GetEmployeeByIdQuery {"EmployeeId":3,"FirstName":"hardik","LastName":"maloo","FullName":"hardik maloo","Email":"hardikmaloo21@gmail.com","PhoneNumber":"8107663009","Gender":"Male","DOB":"2004-06-21T00:00:00.0000000","DOJ":"2026-06-04T00:00:00.0000000","DepartmentId":5,"DepartmentName":"AI-DS","RoleId":3,"RoleName":"Employee","Status":"Active","CreatedOn":"2026-06-12T23:10:13.1851457","UpdatedOn":null,"$type":"EmployeeDto"}
2026-06-14 05:25:47.085 +05:30 [INF] HTTP GET /api/v1/employees/3 responded 200 in 127.1061 ms
2026-06-14 05:25:47.096 +05:30 [INF] WMS Response: GetRolesQuery [{"RoleId":1,"RoleName":"Admin","Description":"System Administrator","$type":"RoleDto"},{"RoleId":2,"RoleName":"Manager","Description":"Department Manager","$type":"RoleDto"},{"RoleId":3,"RoleName":"Employee","Description":"Regular Employee","$type":"RoleDto"}]
2026-06-14 05:25:47.125 +05:30 [INF] HTTP GET /api/v1/roles responded 200 in 732.9417 ms
2026-06-14 05:25:49.249 +05:30 [INF] HTTP OPTIONS /api/v1/employees responded 204 in 0.0481 ms
2026-06-14 05:25:49.251 +05:30 [INF] WMS Request: GetDepartmentsQuery {"$type":"GetDepartmentsQuery"}
2026-06-14 05:25:49.267 +05:30 [INF] WMS Response: GetDepartmentsQuery [{"DepartmentId":1,"DepartmentName":"HR","Description":"Human Resourcesss","EmployeeCount":2,"CreatedOn":"2024-01-01T00:00:00.0000000","$type":"DepartmentDto"},{"DepartmentId":3,"DepartmentName":"Finance","Description":"Finance & Accounts","EmployeeCount":1,"CreatedOn":"2024-01-01T00:00:00.0000000","$type":"DepartmentDto"},{"DepartmentId":4,"DepartmentName":"Operations","Description":"Business Operations","EmployeeCount":1,"CreatedOn":"2024-01-01T00:00:00.0000000","$type":"DepartmentDto"},{"DepartmentId":5,"DepartmentName":"AI-DS","Description":"artificial intelligence and data science","EmployeeCount":2,"CreatedOn":"2026-06-11T15:03:13.6443056","$type":"DepartmentDto"}]
2026-06-14 05:25:49.273 +05:30 [INF] WMS Request: GetEmployeesQuery {"Search":null,"DepartmentId":null,"RoleId":null,"Status":"Active","PageNumber":1,"PageSize":10,"$type":"GetEmployeesQuery"}
2026-06-14 05:25:49.313 +05:30 [INF] HTTP GET /api/v1/departments responded 200 in 63.7143 ms
2026-06-14 05:25:49.337 +05:30 [INF] WMS Response: GetEmployeesQuery {"Items":[{"EmployeeId":3,"FirstName":"hardik","LastName":"maloo","FullName":"hardik maloo","Email":"hardikmaloo21@gmail.com","PhoneNumber":"8107663009","Gender":"Male","DOB":"2004-06-21T00:00:00.0000000","DOJ":"2026-06-04T00:00:00.0000000","DepartmentId":5,"DepartmentName":"AI-DS","RoleId":3,"RoleName":"Employee","Status":"Active","CreatedOn":"2026-06-12T23:10:13.1851457","UpdatedOn":null,"$type":"EmployeeDto"},{"EmployeeId":2,"FirstName":"harsh","LastName":"rathore","FullName":"harsh rathore","Email":"harsh@gmail.com","PhoneNumber":"7976681235","Gender":"Male","DOB":"2005-07-03T00:00:00.0000000","DOJ":"2026-06-12T00:00:00.0000000","DepartmentId":3,"DepartmentName":"Finance","RoleId":1,"RoleName":"Admin","Status":"Active","CreatedOn":"2026-06-12T21:25:47.5693795","UpdatedOn":"2026-06-12T23:08:27.1985056","$type":"EmployeeDto"},{"EmployeeId":5,"FirstName":"lakshya","LastName":"sharma","FullName":"lakshya sharma","Email":"lakshya@gmail.com","PhoneNumber":"8946456765","Gender":"Male","DOB":"2005-03-14T00:00:00.0000000","DOJ":"2026-04-08T00:00:00.0000000","DepartmentId":4,"DepartmentName":"Operations","RoleId":3,"RoleName":"Employee","Status":"Active","CreatedOn":"2026-06-13T08:09:44.8928080","UpdatedOn":null,"$type":"EmployeeDto"},{"EmployeeId":6,"FirstName":"System","LastName":"Admin","FullName":"System Admin","Email":"admin@wms.com","PhoneNumber":"9999999999","Gender":"Male","DOB":"1990-01-01T00:00:00.0000000","DOJ":"2026-06-13T19:06:47.4733333","DepartmentId":1,"DepartmentName":"HR","RoleId":1,"RoleName":"Admin","Status":"Active","CreatedOn":"2026-06-13T19:06:47.4733333","UpdatedOn":null,"$type":"EmployeeDto"}],"TotalCount":4,"PageNumber":1,"PageSize":10,"TotalPages":1,"HasPreviousPage":false,"HasNextPage":false,"$type":"PagedResult`1"}
2026-06-14 05:25:49.417 +05:30 [INF] HTTP GET /api/v1/employees responded 200 in 149.5174 ms
2026-06-14 05:26:37.415 +05:30 [INF] HTTP OPTIONS /api/v1/employees responded 204 in 0.6471 ms
2026-06-14 05:26:37.415 +05:30 [INF] HTTP OPTIONS /api/v1/departments responded 204 in 0.6583 ms
2026-06-14 05:26:37.438 +05:30 [INF] WMS Request: GetDepartmentsQuery {"$type":"GetDepartmentsQuery"}
2026-06-14 05:26:37.438 +05:30 [INF] WMS Request: GetEmployeesQuery {"Search":null,"DepartmentId":null,"RoleId":null,"Status":"Active","PageNumber":1,"PageSize":10,"$type":"GetEmployeesQuery"}
2026-06-14 05:26:37.471 +05:30 [INF] WMS Response: GetDepartmentsQuery [{"DepartmentId":1,"DepartmentName":"HR","Description":"Human Resourcesss","EmployeeCount":2,"CreatedOn":"2024-01-01T00:00:00.0000000","$type":"DepartmentDto"},{"DepartmentId":3,"DepartmentName":"Finance","Description":"Finance & Accounts","EmployeeCount":1,"CreatedOn":"2024-01-01T00:00:00.0000000","$type":"DepartmentDto"},{"DepartmentId":4,"DepartmentName":"Operations","Description":"Business Operations","EmployeeCount":1,"CreatedOn":"2024-01-01T00:00:00.0000000","$type":"DepartmentDto"},{"DepartmentId":5,"DepartmentName":"AI-DS","Description":"artificial intelligence and data science","EmployeeCount":2,"CreatedOn":"2026-06-11T15:03:13.6443056","$type":"DepartmentDto"}]
2026-06-14 05:26:37.481 +05:30 [INF] WMS Response: GetEmployeesQuery {"Items":[{"EmployeeId":3,"FirstName":"hardik","LastName":"maloo","FullName":"hardik maloo","Email":"hardikmaloo21@gmail.com","PhoneNumber":"8107663009","Gender":"Male","DOB":"2004-06-21T00:00:00.0000000","DOJ":"2026-06-04T00:00:00.0000000","DepartmentId":5,"DepartmentName":"AI-DS","RoleId":3,"RoleName":"Employee","Status":"Active","CreatedOn":"2026-06-12T23:10:13.1851457","UpdatedOn":null,"$type":"EmployeeDto"},{"EmployeeId":2,"FirstName":"harsh","LastName":"rathore","FullName":"harsh rathore","Email":"harsh@gmail.com","PhoneNumber":"7976681235","Gender":"Male","DOB":"2005-07-03T00:00:00.0000000","DOJ":"2026-06-12T00:00:00.0000000","DepartmentId":3,"DepartmentName":"Finance","RoleId":1,"RoleName":"Admin","Status":"Active","CreatedOn":"2026-06-12T21:25:47.5693795","UpdatedOn":"2026-06-12T23:08:27.1985056","$type":"EmployeeDto"},{"EmployeeId":5,"FirstName":"lakshya","LastName":"sharma","FullName":"lakshya sharma","Email":"lakshya@gmail.com","PhoneNumber":"8946456765","Gender":"Male","DOB":"2005-03-14T00:00:00.0000000","DOJ":"2026-04-08T00:00:00.0000000","DepartmentId":4,"DepartmentName":"Operations","RoleId":3,"RoleName":"Employee","Status":"Active","CreatedOn":"2026-06-13T08:09:44.8928080","UpdatedOn":null,"$type":"EmployeeDto"},{"EmployeeId":6,"FirstName":"System","LastName":"Admin","FullName":"System Admin","Email":"admin@wms.com","PhoneNumber":"9999999999","Gender":"Male","DOB":"1990-01-01T00:00:00.0000000","DOJ":"2026-06-13T19:06:47.4733333","DepartmentId":1,"DepartmentName":"HR","RoleId":1,"RoleName":"Admin","Status":"Active","CreatedOn":"2026-06-13T19:06:47.4733333","UpdatedOn":null,"$type":"EmployeeDto"}],"TotalCount":4,"PageNumber":1,"PageSize":10,"TotalPages":1,"HasPreviousPage":false,"HasNextPage":false,"$type":"PagedResult`1"}
2026-06-14 05:26:37.498 +05:30 [INF] HTTP GET /api/v1/departments responded 200 in 66.1989 ms
2026-06-14 05:26:37.564 +05:30 [INF] HTTP GET /api/v1/employees responded 200 in 135.6065 ms
2026-06-14 05:26:50.710 +05:30 [INF] HTTP OPTIONS /api/v1/departments responded 204 in 0.0410 ms
2026-06-14 05:26:50.710 +05:30 [INF] HTTP OPTIONS /api/v1/employees responded 204 in 0.0161 ms
2026-06-14 05:26:50.715 +05:30 [INF] WMS Request: GetDepartmentsQuery {"$type":"GetDepartmentsQuery"}
2026-06-14 05:26:50.719 +05:30 [INF] WMS Request: GetEmployeesQuery {"Search":null,"DepartmentId":null,"RoleId":null,"Status":"Active","PageNumber":1,"PageSize":10,"$type":"GetEmployeesQuery"}
2026-06-14 05:26:50.733 +05:30 [INF] WMS Response: GetDepartmentsQuery [{"DepartmentId":1,"DepartmentName":"HR","Description":"Human Resourcesss","EmployeeCount":2,"CreatedOn":"2024-01-01T00:00:00.0000000","$type":"DepartmentDto"},{"DepartmentId":3,"DepartmentName":"Finance","Description":"Finance & Accounts","EmployeeCount":1,"CreatedOn":"2024-01-01T00:00:00.0000000","$type":"DepartmentDto"},{"DepartmentId":4,"DepartmentName":"Operations","Description":"Business Operations","EmployeeCount":1,"CreatedOn":"2024-01-01T00:00:00.0000000","$type":"DepartmentDto"},{"DepartmentId":5,"DepartmentName":"AI-DS","Description":"artificial intelligence and data science","EmployeeCount":2,"CreatedOn":"2026-06-11T15:03:13.6443056","$type":"DepartmentDto"}]
2026-06-14 05:26:50.760 +05:30 [INF] WMS Response: GetEmployeesQuery {"Items":[{"EmployeeId":3,"FirstName":"hardik","LastName":"maloo","FullName":"hardik maloo","Email":"hardikmaloo21@gmail.com","PhoneNumber":"8107663009","Gender":"Male","DOB":"2004-06-21T00:00:00.0000000","DOJ":"2026-06-04T00:00:00.0000000","DepartmentId":5,"DepartmentName":"AI-DS","RoleId":3,"RoleName":"Employee","Status":"Active","CreatedOn":"2026-06-12T23:10:13.1851457","UpdatedOn":null,"$type":"EmployeeDto"},{"EmployeeId":2,"FirstName":"harsh","LastName":"rathore","FullName":"harsh rathore","Email":"harsh@gmail.com","PhoneNumber":"7976681235","Gender":"Male","DOB":"2005-07-03T00:00:00.0000000","DOJ":"2026-06-12T00:00:00.0000000","DepartmentId":3,"DepartmentName":"Finance","RoleId":1,"RoleName":"Admin","Status":"Active","CreatedOn":"2026-06-12T21:25:47.5693795","UpdatedOn":"2026-06-12T23:08:27.1985056","$type":"EmployeeDto"},{"EmployeeId":5,"FirstName":"lakshya","LastName":"sharma","FullName":"lakshya sharma","Email":"lakshya@gmail.com","PhoneNumber":"8946456765","Gender":"Male","DOB":"2005-03-14T00:00:00.0000000","DOJ":"2026-04-08T00:00:00.0000000","DepartmentId":4,"DepartmentName":"Operations","RoleId":3,"RoleName":"Employee","Status":"Active","CreatedOn":"2026-06-13T08:09:44.8928080","UpdatedOn":null,"$type":"EmployeeDto"},{"EmployeeId":6,"FirstName":"System","LastName":"Admin","FullName":"System Admin","Email":"admin@wms.com","PhoneNumber":"9999999999","Gender":"Male","DOB":"1990-01-01T00:00:00.0000000","DOJ":"2026-06-13T19:06:47.4733333","DepartmentId":1,"DepartmentName":"HR","RoleId":1,"RoleName":"Admin","Status":"Active","CreatedOn":"2026-06-13T19:06:47.4733333","UpdatedOn":null,"$type":"EmployeeDto"}],"TotalCount":4,"PageNumber":1,"PageSize":10,"TotalPages":1,"HasPreviousPage":false,"HasNextPage":false,"$type":"PagedResult`1"}
2026-06-14 05:26:50.762 +05:30 [INF] HTTP GET /api/v1/departments responded 200 in 47.4917 ms
2026-06-14 05:26:50.844 +05:30 [INF] HTTP GET /api/v1/employees responded 200 in 126.3588 ms
2026-06-14 05:30:20.347 +05:30 [INF] HTTP OPTIONS /api/v1/departments responded 204 in 5.4499 ms
2026-06-14 05:30:20.347 +05:30 [INF] HTTP OPTIONS /api/v1/employees responded 204 in 5.3583 ms
2026-06-14 05:30:20.399 +05:30 [INF] WMS Request: GetDepartmentsQuery {"$type":"GetDepartmentsQuery"}
2026-06-14 05:30:20.400 +05:30 [INF] WMS Request: GetEmployeesQuery {"Search":null,"DepartmentId":null,"RoleId":null,"Status":"Active","PageNumber":1,"PageSize":10,"$type":"GetEmployeesQuery"}
2026-06-14 05:30:20.620 +05:30 [INF] WMS Response: GetDepartmentsQuery [{"DepartmentId":1,"DepartmentName":"HR","Description":"Human Resourcesss","EmployeeCount":2,"CreatedOn":"2024-01-01T00:00:00.0000000","$type":"DepartmentDto"},{"DepartmentId":3,"DepartmentName":"Finance","Description":"Finance & Accounts","EmployeeCount":1,"CreatedOn":"2024-01-01T00:00:00.0000000","$type":"DepartmentDto"},{"DepartmentId":4,"DepartmentName":"Operations","Description":"Business Operations","EmployeeCount":1,"CreatedOn":"2024-01-01T00:00:00.0000000","$type":"DepartmentDto"},{"DepartmentId":5,"DepartmentName":"AI-DS","Description":"artificial intelligence and data science","EmployeeCount":2,"CreatedOn":"2026-06-11T15:03:13.6443056","$type":"DepartmentDto"}]
2026-06-14 05:30:20.648 +05:30 [INF] HTTP GET /api/v1/departments responded 200 in 270.5406 ms
2026-06-14 05:30:20.666 +05:30 [INF] WMS Response: GetEmployeesQuery {"Items":[{"EmployeeId":3,"FirstName":"hardik","LastName":"maloo","FullName":"hardik maloo","Email":"hardikmaloo21@gmail.com","PhoneNumber":"8107663009","Gender":"Male","DOB":"2004-06-21T00:00:00.0000000","DOJ":"2026-06-04T00:00:00.0000000","DepartmentId":5,"DepartmentName":"AI-DS","RoleId":3,"RoleName":"Employee","Status":"Active","CreatedOn":"2026-06-12T23:10:13.1851457","UpdatedOn":null,"$type":"EmployeeDto"},{"EmployeeId":2,"FirstName":"harsh","LastName":"rathore","FullName":"harsh rathore","Email":"harsh@gmail.com","PhoneNumber":"7976681235","Gender":"Male","DOB":"2005-07-03T00:00:00.0000000","DOJ":"2026-06-12T00:00:00.0000000","DepartmentId":3,"DepartmentName":"Finance","RoleId":1,"RoleName":"Admin","Status":"Active","CreatedOn":"2026-06-12T21:25:47.5693795","UpdatedOn":"2026-06-12T23:08:27.1985056","$type":"EmployeeDto"},{"EmployeeId":5,"FirstName":"lakshya","LastName":"sharma","FullName":"lakshya sharma","Email":"lakshya@gmail.com","PhoneNumber":"8946456765","Gender":"Male","DOB":"2005-03-14T00:00:00.0000000","DOJ":"2026-04-08T00:00:00.0000000","DepartmentId":4,"DepartmentName":"Operations","RoleId":3,"RoleName":"Employee","Status":"Active","CreatedOn":"2026-06-13T08:09:44.8928080","UpdatedOn":null,"$type":"EmployeeDto"},{"EmployeeId":6,"FirstName":"System","LastName":"Admin","FullName":"System Admin","Email":"admin@wms.com","PhoneNumber":"9999999999","Gender":"Male","DOB":"1990-01-01T00:00:00.0000000","DOJ":"2026-06-13T19:06:47.4733333","DepartmentId":1,"DepartmentName":"HR","RoleId":1,"RoleName":"Admin","Status":"Active","CreatedOn":"2026-06-13T19:06:47.4733333","UpdatedOn":null,"$type":"EmployeeDto"}],"TotalCount":4,"PageNumber":1,"PageSize":10,"TotalPages":1,"HasPreviousPage":false,"HasNextPage":false,"$type":"PagedResult`1"}
2026-06-14 05:30:20.745 +05:30 [INF] HTTP GET /api/v1/employees responded 200 in 361.1806 ms
2026-06-14 05:30:22.268 +05:30 [INF] WMS Request: GetDepartmentsQuery {"$type":"GetDepartmentsQuery"}
2026-06-14 05:30:22.276 +05:30 [INF] WMS Request: GetEmployeesQuery {"Search":null,"DepartmentId":null,"RoleId":null,"Status":"Active","PageNumber":1,"PageSize":10,"$type":"GetEmployeesQuery"}
2026-06-14 05:30:22.292 +05:30 [INF] WMS Response: GetDepartmentsQuery [{"DepartmentId":1,"DepartmentName":"HR","Description":"Human Resourcesss","EmployeeCount":2,"CreatedOn":"2024-01-01T00:00:00.0000000","$type":"DepartmentDto"},{"DepartmentId":3,"DepartmentName":"Finance","Description":"Finance & Accounts","EmployeeCount":1,"CreatedOn":"2024-01-01T00:00:00.0000000","$type":"DepartmentDto"},{"DepartmentId":4,"DepartmentName":"Operations","Description":"Business Operations","EmployeeCount":1,"CreatedOn":"2024-01-01T00:00:00.0000000","$type":"DepartmentDto"},{"DepartmentId":5,"DepartmentName":"AI-DS","Description":"artificial intelligence and data science","EmployeeCount":2,"CreatedOn":"2026-06-11T15:03:13.6443056","$type":"DepartmentDto"}]
2026-06-14 05:30:22.311 +05:30 [INF] WMS Response: GetEmployeesQuery {"Items":[{"EmployeeId":3,"FirstName":"hardik","LastName":"maloo","FullName":"hardik maloo","Email":"hardikmaloo21@gmail.com","PhoneNumber":"8107663009","Gender":"Male","DOB":"2004-06-21T00:00:00.0000000","DOJ":"2026-06-04T00:00:00.0000000","DepartmentId":5,"DepartmentName":"AI-DS","RoleId":3,"RoleName":"Employee","Status":"Active","CreatedOn":"2026-06-12T23:10:13.1851457","UpdatedOn":null,"$type":"EmployeeDto"},{"EmployeeId":2,"FirstName":"harsh","LastName":"rathore","FullName":"harsh rathore","Email":"harsh@gmail.com","PhoneNumber":"7976681235","Gender":"Male","DOB":"2005-07-03T00:00:00.0000000","DOJ":"2026-06-12T00:00:00.0000000","DepartmentId":3,"DepartmentName":"Finance","RoleId":1,"RoleName":"Admin","Status":"Active","CreatedOn":"2026-06-12T21:25:47.5693795","UpdatedOn":"2026-06-12T23:08:27.1985056","$type":"EmployeeDto"},{"EmployeeId":5,"FirstName":"lakshya","LastName":"sharma","FullName":"lakshya sharma","Email":"lakshya@gmail.com","PhoneNumber":"8946456765","Gender":"Male","DOB":"2005-03-14T00:00:00.0000000","DOJ":"2026-04-08T00:00:00.0000000","DepartmentId":4,"DepartmentName":"Operations","RoleId":3,"RoleName":"Employee","Status":"Active","CreatedOn":"2026-06-13T08:09:44.8928080","UpdatedOn":null,"$type":"EmployeeDto"},{"EmployeeId":6,"FirstName":"System","LastName":"Admin","FullName":"System Admin","Email":"admin@wms.com","PhoneNumber":"9999999999","Gender":"Male","DOB":"1990-01-01T00:00:00.0000000","DOJ":"2026-06-13T19:06:47.4733333","DepartmentId":1,"DepartmentName":"HR","RoleId":1,"RoleName":"Admin","Status":"Active","CreatedOn":"2026-06-13T19:06:47.4733333","UpdatedOn":null,"$type":"EmployeeDto"}],"TotalCount":4,"PageNumber":1,"PageSize":10,"TotalPages":1,"HasPreviousPage":false,"HasNextPage":false,"$type":"PagedResult`1"}
2026-06-14 05:30:22.321 +05:30 [INF] HTTP GET /api/v1/departments responded 200 in 52.9955 ms
2026-06-14 05:30:22.396 +05:30 [INF] HTTP GET /api/v1/employees responded 200 in 127.6341 ms
2026-06-14 05:30:24.284 +05:30 [INF] WMS Request: GetDepartmentsQuery {"$type":"GetDepartmentsQuery"}
2026-06-14 05:30:24.302 +05:30 [INF] WMS Response: GetDepartmentsQuery [{"DepartmentId":1,"DepartmentName":"HR","Description":"Human Resourcesss","EmployeeCount":2,"CreatedOn":"2024-01-01T00:00:00.0000000","$type":"DepartmentDto"},{"DepartmentId":3,"DepartmentName":"Finance","Description":"Finance & Accounts","EmployeeCount":1,"CreatedOn":"2024-01-01T00:00:00.0000000","$type":"DepartmentDto"},{"DepartmentId":4,"DepartmentName":"Operations","Description":"Business Operations","EmployeeCount":1,"CreatedOn":"2024-01-01T00:00:00.0000000","$type":"DepartmentDto"},{"DepartmentId":5,"DepartmentName":"AI-DS","Description":"artificial intelligence and data science","EmployeeCount":2,"CreatedOn":"2026-06-11T15:03:13.6443056","$type":"DepartmentDto"}]
2026-06-14 05:30:24.335 +05:30 [INF] HTTP GET /api/v1/departments responded 200 in 50.7192 ms
2026-06-14 05:30:25.173 +05:30 [INF] HTTP OPTIONS /api/v1/employees responded 204 in 0.0300 ms
2026-06-14 05:30:25.178 +05:30 [INF] HTTP OPTIONS /api/v1/attendance/today responded 204 in 0.0439 ms
2026-06-14 05:30:25.181 +05:30 [INF] WMS Request: GetEmployeesQuery {"Search":null,"DepartmentId":null,"RoleId":null,"Status":null,"PageNumber":1,"PageSize":500,"$type":"GetEmployeesQuery"}
2026-06-14 05:30:25.210 +05:30 [INF] WMS Request: GetTodayAttendanceQuery {"$type":"GetTodayAttendanceQuery"}
2026-06-14 05:30:25.257 +05:30 [INF] WMS Response: GetEmployeesQuery {"Items":[{"EmployeeId":4,"FirstName":"aditya","LastName":"batwara","FullName":"aditya batwara","Email":"aditya21@gmail.com","PhoneNumber":"7414040730","Gender":"Male","DOB":"2004-02-21T00:00:00.0000000","DOJ":"2026-04-07T00:00:00.0000000","DepartmentId":5,"DepartmentName":"AI-DS","RoleId":3,"RoleName":"Employee","Status":"Inactive","CreatedOn":"2026-06-12T23:12:11.5907684","UpdatedOn":"2026-06-13T12:36:11.3585878","$type":"EmployeeDto"},{"EmployeeId":1,"FirstName":"Hardik","LastName":"Patel","FullName":"Hardik Patel","Email":"hardik@test.com","PhoneNumber":"7737131410","Gender":"Male","DOB":"2004-06-21T00:00:00.0000000","DOJ":"2026-06-08T00:00:00.0000000","DepartmentId":1,"DepartmentName":"HR","RoleId":2,"RoleName":"Manager","Status":"Inactive","CreatedOn":"2026-06-11T15:03:58.6936554","UpdatedOn":"2026-06-13T23:49:09.2801027","$type":"EmployeeDto"},{"EmployeeId":3,"FirstName":"hardik","LastName":"maloo","FullName":"hardik maloo","Email":"hardikmaloo21@gmail.com","PhoneNumber":"8107663009","Gender":"Male","DOB":"2004-06-21T00:00:00.0000000","DOJ":"2026-06-04T00:00:00.0000000","DepartmentId":5,"DepartmentName":"AI-DS","RoleId":3,"RoleName":"Employee","Status":"Active","CreatedOn":"2026-06-12T23:10:13.1851457","UpdatedOn":null,"$type":"EmployeeDto"},{"EmployeeId":2,"FirstName":"harsh","LastName":"rathore","FullName":"harsh rathore","Email":"harsh@gmail.com","PhoneNumber":"7976681235","Gender":"Male","DOB":"2005-07-03T00:00:00.0000000","DOJ":"2026-06-12T00:00:00.0000000","DepartmentId":3,"DepartmentName":"Finance","RoleId":1,"RoleName":"Admin","Status":"Active","CreatedOn":"2026-06-12T21:25:47.5693795","UpdatedOn":"2026-06-12T23:08:27.1985056","$type":"EmployeeDto"},{"EmployeeId":5,"FirstName":"lakshya","LastName":"sharma","FullName":"lakshya sharma","Email":"lakshya@gmail.com","PhoneNumber":"8946456765","Gender":"Male","DOB":"2005-03-14T00:00:00.0000000","DOJ":"2026-04-08T00:00:00.0000000","DepartmentId":4,"DepartmentName":"Operations","RoleId":3,"RoleName":"Employee","Status":"Active","CreatedOn":"2026-06-13T08:09:44.8928080","UpdatedOn":null,"$type":"EmployeeDto"},{"EmployeeId":6,"FirstName":"System","LastName":"Admin","FullName":"System Admin","Email":"admin@wms.com","PhoneNumber":"9999999999","Gender":"Male","DOB":"1990-01-01T00:00:00.0000000","DOJ":"2026-06-13T19:06:47.4733333","DepartmentId":1,"DepartmentName":"HR","RoleId":1,"RoleName":"Admin","Status":"Active","CreatedOn":"2026-06-13T19:06:47.4733333","UpdatedOn":null,"$type":"EmployeeDto"}],"TotalCount":6,"PageNumber":1,"PageSize":500,"TotalPages":1,"HasPreviousPage":false,"HasNextPage":false,"$type":"PagedResult`1"}
2026-06-14 05:30:25.285 +05:30 [INF] WMS Response: GetTodayAttendanceQuery []
2026-06-14 05:30:25.363 +05:30 [INF] HTTP GET /api/v1/employees responded 200 in 181.5936 ms
2026-06-14 05:30:25.364 +05:30 [INF] HTTP GET /api/v1/attendance/today responded 200 in 177.8003 ms
2026-06-14 05:30:26.134 +05:30 [INF] HTTP OPTIONS /api/v1/leaves/employee/6 responded 204 in 0.0440 ms
2026-06-14 05:30:26.135 +05:30 [INF] HTTP OPTIONS /api/v1/leaves/pending responded 204 in 0.6522 ms
2026-06-14 05:30:26.148 +05:30 [INF] WMS Request: GetPendingLeavesQuery {"$type":"GetPendingLeavesQuery"}
2026-06-14 05:30:26.155 +05:30 [INF] WMS Request: GetLeavesByEmployeeQuery {"EmployeeId":6,"PageNumber":1,"PageSize":10,"$type":"GetLeavesByEmployeeQuery"}
2026-06-14 05:30:26.181 +05:30 [INF] WMS Response: GetLeavesByEmployeeQuery {"Items":[],"TotalCount":0,"PageNumber":1,"PageSize":10,"TotalPages":0,"HasPreviousPage":false,"HasNextPage":false,"$type":"PagedResult`1"}
2026-06-14 05:30:26.186 +05:30 [INF] WMS Response: GetPendingLeavesQuery [{"LeaveId":12,"EmpId":1,"EmployeeName":"Hardik Patel","LeaveType":"Earned","Reason":"hdtdyuyiuih","FromDate":"2026-07-18T00:00:00.0000000","ToDate":"2026-07-21T00:00:00.0000000","TotalDays":4,"Status":"Pending","AppliedOn":"2026-06-13T18:16:13.0904676","ApprovedBy":null,"ApproverName":null,"ApprovedOn":null,"$type":"LeaveDto"}]
2026-06-14 05:30:26.194 +05:30 [INF] HTTP GET /api/v1/leaves/employee/6 responded 200 in 44.3953 ms
2026-06-14 05:30:26.206 +05:30 [INF] HTTP GET /api/v1/leaves/pending responded 200 in 60.5301 ms
2026-06-14 05:30:27.255 +05:30 [INF] HTTP OPTIONS /api/v1/projects responded 204 in 0.0742 ms
2026-06-14 05:30:27.265 +05:30 [INF] WMS Request: GetProjectsQuery {"Search":null,"Status":null,"ClientId":null,"PageNumber":1,"PageSize":10,"$type":"GetProjectsQuery"}
2026-06-14 05:30:27.321 +05:30 [INF] WMS Response: GetProjectsQuery {"Items":[{"ProjectId":7,"ProjectName":"CRM","ClientId":3,"ClientName":"Microsoft","StartDate":"2026-06-13T00:00:00.0000000","EndDate":"2026-06-27T00:00:00.0000000","Status":"Active","AllocatedEmployeeCount":1,"CreatedOn":"2026-06-13T17:02:39.7969376","$type":"ProjectDto"},{"ProjectId":2,"ProjectName":"HR Portal","ClientId":3,"ClientName":"Microsoft","StartDate":"2026-01-01T00:00:00.0000000","EndDate":"2026-12-31T00:00:00.0000000","Status":"Active","AllocatedEmployeeCount":3,"CreatedOn":"2026-06-13T02:30:31.6900000","$type":"ProjectDto"},{"ProjectId":3,"ProjectName":"Employee App","ClientId":6,"ClientName":"Google","StartDate":"2026-02-01T00:00:00.0000000","EndDate":"2026-11-30T00:00:00.0000000","Status":"Active","AllocatedEmployeeCount":1,"CreatedOn":"2026-06-13T02:30:31.6900000","$type":"ProjectDto"},{"ProjectId":4,"ProjectName":"Finance Dashboard","ClientId":7,"ClientName":"string","StartDate":"2026-03-01T00:00:00.0000000","EndDate":"2026-10-31T00:00:00.0000000","Status":"Completed","AllocatedEmployeeCount":1,"CreatedOn":"2026-06-13T02:30:31.6900000","$type":"ProjectDto"}],"TotalCount":4,"PageNumber":1,"PageSize":10,"TotalPages":1,"HasPreviousPage":false,"HasNextPage":false,"$type":"PagedResult`1"}
2026-06-14 05:30:27.409 +05:30 [INF] HTTP GET /api/v1/projects responded 200 in 147.5739 ms
2026-06-14 05:30:28.136 +05:30 [INF] HTTP OPTIONS /api/v1/clients responded 204 in 0.0305 ms
2026-06-14 05:30:28.156 +05:30 [INF] WMS Request: GetClientsQuery {"Search":null,"PageNumber":1,"PageSize":10,"$type":"GetClientsQuery"}
2026-06-14 05:30:28.187 +05:30 [INF] WMS Response: GetClientsQuery {"Items":[{"ClientId":6,"ClientName":"Google","ClientAddress":"California","ClientPhoneNumber":9876543211,"ClientLocation":"USA","Status":true,"CreatedOn":"2026-06-13T02:24:32.4966667","$type":"ClientDto"},{"ClientId":8,"ClientName":"Infosys","ClientAddress":"Bangalore","ClientPhoneNumber":9876543213,"ClientLocation":"India","Status":true,"CreatedOn":"2026-06-13T02:24:32.4966667","$type":"ClientDto"},{"ClientId":3,"ClientName":"Microsoft","ClientAddress":"Redmond","ClientPhoneNumber":9876543210,"ClientLocation":"USA","Status":true,"CreatedOn":"2026-06-13T02:20:16.9833333","$type":"ClientDto"},{"ClientId":5,"ClientName":"Microsoft","ClientAddress":"Redmond","ClientPhoneNumber":9876543210,"ClientLocation":"USA","Status":true,"CreatedOn":"2026-06-13T02:24:32.4966667","$type":"ClientDto"},{"ClientId":7,"ClientName":"string","ClientAddress":"string","ClientPhoneNumber":0,"ClientLocation":"string","Status":true,"CreatedOn":"2026-06-13T02:24:32.4966667","$type":"ClientDto"}],"TotalCount":5,"PageNumber":1,"PageSize":10,"TotalPages":1,"HasPreviousPage":false,"HasNextPage":false,"$type":"PagedResult`1"}
2026-06-14 05:30:28.244 +05:30 [INF] HTTP GET /api/v1/clients responded 200 in 95.7283 ms
2026-06-14 05:30:30.146 +05:30 [INF] HTTP OPTIONS /api/v1/departments responded 204 in 0.0431 ms
2026-06-14 05:30:30.162 +05:30 [INF] WMS Request: GetDepartmentsQuery {"$type":"GetDepartmentsQuery"}
2026-06-14 05:30:30.194 +05:30 [INF] WMS Response: GetDepartmentsQuery [{"DepartmentId":1,"DepartmentName":"HR","Description":"Human Resourcesss","EmployeeCount":2,"CreatedOn":"2024-01-01T00:00:00.0000000","$type":"DepartmentDto"},{"DepartmentId":3,"DepartmentName":"Finance","Description":"Finance & Accounts","EmployeeCount":1,"CreatedOn":"2024-01-01T00:00:00.0000000","$type":"DepartmentDto"},{"DepartmentId":4,"DepartmentName":"Operations","Description":"Business Operations","EmployeeCount":1,"CreatedOn":"2024-01-01T00:00:00.0000000","$type":"DepartmentDto"},{"DepartmentId":5,"DepartmentName":"AI-DS","Description":"artificial intelligence and data science","EmployeeCount":2,"CreatedOn":"2026-06-11T15:03:13.6443056","$type":"DepartmentDto"}]
2026-06-14 05:30:30.239 +05:30 [INF] HTTP GET /api/v1/departments responded 200 in 77.3593 ms
2026-06-14 05:30:31.129 +05:30 [INF] HTTP OPTIONS /api/v1/employees responded 204 in 0.0400 ms
2026-06-14 05:30:31.129 +05:30 [INF] WMS Request: GetDepartmentsQuery {"$type":"GetDepartmentsQuery"}
2026-06-14 05:30:31.137 +05:30 [INF] WMS Request: GetEmployeesQuery {"Search":null,"DepartmentId":null,"RoleId":null,"Status":"Active","PageNumber":1,"PageSize":10,"$type":"GetEmployeesQuery"}
2026-06-14 05:30:31.150 +05:30 [INF] WMS Response: GetDepartmentsQuery [{"DepartmentId":1,"DepartmentName":"HR","Description":"Human Resourcesss","EmployeeCount":2,"CreatedOn":"2024-01-01T00:00:00.0000000","$type":"DepartmentDto"},{"DepartmentId":3,"DepartmentName":"Finance","Description":"Finance & Accounts","EmployeeCount":1,"CreatedOn":"2024-01-01T00:00:00.0000000","$type":"DepartmentDto"},{"DepartmentId":4,"DepartmentName":"Operations","Description":"Business Operations","EmployeeCount":1,"CreatedOn":"2024-01-01T00:00:00.0000000","$type":"DepartmentDto"},{"DepartmentId":5,"DepartmentName":"AI-DS","Description":"artificial intelligence and data science","EmployeeCount":2,"CreatedOn":"2026-06-11T15:03:13.6443056","$type":"DepartmentDto"}]
2026-06-14 05:30:31.172 +05:30 [INF] WMS Response: GetEmployeesQuery {"Items":[{"EmployeeId":3,"FirstName":"hardik","LastName":"maloo","FullName":"hardik maloo","Email":"hardikmaloo21@gmail.com","PhoneNumber":"8107663009","Gender":"Male","DOB":"2004-06-21T00:00:00.0000000","DOJ":"2026-06-04T00:00:00.0000000","DepartmentId":5,"DepartmentName":"AI-DS","RoleId":3,"RoleName":"Employee","Status":"Active","CreatedOn":"2026-06-12T23:10:13.1851457","UpdatedOn":null,"$type":"EmployeeDto"},{"EmployeeId":2,"FirstName":"harsh","LastName":"rathore","FullName":"harsh rathore","Email":"harsh@gmail.com","PhoneNumber":"7976681235","Gender":"Male","DOB":"2005-07-03T00:00:00.0000000","DOJ":"2026-06-12T00:00:00.0000000","DepartmentId":3,"DepartmentName":"Finance","RoleId":1,"RoleName":"Admin","Status":"Active","CreatedOn":"2026-06-12T21:25:47.5693795","UpdatedOn":"2026-06-12T23:08:27.1985056","$type":"EmployeeDto"},{"EmployeeId":5,"FirstName":"lakshya","LastName":"sharma","FullName":"lakshya sharma","Email":"lakshya@gmail.com","PhoneNumber":"8946456765","Gender":"Male","DOB":"2005-03-14T00:00:00.0000000","DOJ":"2026-04-08T00:00:00.0000000","DepartmentId":4,"DepartmentName":"Operations","RoleId":3,"RoleName":"Employee","Status":"Active","CreatedOn":"2026-06-13T08:09:44.8928080","UpdatedOn":null,"$type":"EmployeeDto"},{"EmployeeId":6,"FirstName":"System","LastName":"Admin","FullName":"System Admin","Email":"admin@wms.com","PhoneNumber":"9999999999","Gender":"Male","DOB":"1990-01-01T00:00:00.0000000","DOJ":"2026-06-13T19:06:47.4733333","DepartmentId":1,"DepartmentName":"HR","RoleId":1,"RoleName":"Admin","Status":"Active","CreatedOn":"2026-06-13T19:06:47.4733333","UpdatedOn":null,"$type":"EmployeeDto"}],"TotalCount":4,"PageNumber":1,"PageSize":10,"TotalPages":1,"HasPreviousPage":false,"HasNextPage":false,"$type":"PagedResult`1"}
2026-06-14 05:30:31.178 +05:30 [INF] HTTP GET /api/v1/departments responded 200 in 48.7460 ms
2026-06-14 05:30:31.237 +05:30 [INF] HTTP GET /api/v1/employees responded 200 in 99.9534 ms
2026-06-14 05:30:32.199 +05:30 [INF] HTTP OPTIONS /api/v1/dashboard/summary responded 204 in 0.0370 ms
2026-06-14 05:30:32.206 +05:30 [INF] WMS Request: GetDashboardSummaryQuery {"$type":"GetDashboardSummaryQuery"}
2026-06-14 05:30:32.365 +05:30 [INF] WMS Response: GetDashboardSummaryQuery {"TotalEmployees":6,"ActiveEmployees":4,"TotalDepartments":4,"TotalProjects":4,"ActiveProjects":3,"TotalClients":5,"TodayAttendanceCount":0,"PendingLeaves":1,"AttendanceTrend":[{"Date":"Jun 08","Present":1,"Absent":0,"WFH":1,"WFO":0,"$type":"AttendanceTrendDto"},{"Date":"Jun 09","Present":1,"Absent":0,"WFH":0,"WFO":1,"$type":"AttendanceTrendDto"},{"Date":"Jun 10","Present":1,"Absent":0,"WFH":1,"WFO":0,"$type":"AttendanceTrendDto"},{"Date":"Jun 11","Present":1,"Absent":0,"WFH":0,"WFO":1,"$type":"AttendanceTrendDto"},{"Date":"Jun 12","Present":1,"Absent":0,"WFH":1,"WFO":0,"$type":"AttendanceTrendDto"},{"Date":"Jun 13","Present":3,"Absent":0,"WFH":1,"WFO":2,"$type":"AttendanceTrendDto"}],"LeaveTrend":[{"Month":"2/2026","Approved":1,"Pending":0,"Rejected":0,"$type":"LeaveTrendDto"},{"Month":"3/2026","Approved":0,"Pending":0,"Rejected":1,"$type":"LeaveTrendDto"},{"Month":"4/2026","Approved":0,"Pending":0,"Rejected":1,"$type":"LeaveTrendDto"},{"Month":"5/2026","Approved":1,"Pending":0,"Rejected":0,"$type":"LeaveTrendDto"},{"Month":"6/2026","Approved":4,"Pending":1,"Rejected":2,"$type":"LeaveTrendDto"}],"DepartmentDistribution":[{"DepartmentName":"HR","EmployeeCount":1,"$type":"DepartmentDistributionDto"},{"DepartmentName":"Finance","EmployeeCount":1,"$type":"DepartmentDistributionDto"},{"DepartmentName":"Operations","EmployeeCount":1,"$type":"DepartmentDistributionDto"},{"DepartmentName":"AI-DS","EmployeeCount":1,"$type":"DepartmentDistributionDto"}],"ProjectStatusDistribution":[{"Status":"Active","Count":3,"$type":"ProjectStatusDto"},{"Status":"Completed","Count":1,"$type":"ProjectStatusDto"}],"RecentAnnouncements":[{"AnnouncementId":2,"Title":"Holiday","Message":"Office holiday next week yesss","CreatedBy":0,"CreatedByName":"Hardik Patel","CreatedOn":"2026-06-13T02:26:06.7300000","IsActive":true,"$type":"AnnouncementDto"},{"AnnouncementId":3,"Title":"Meeting","Message":"Monthly review meeting","CreatedBy":0,"CreatedByName":"Hardik Patel","CreatedOn":"2026-06-13T02:26:06.7300000","IsActive":true,"$type":"AnnouncementDto"},{"AnnouncementId":4,"Title":"Policy Update","Message":"New HR policy released","CreatedBy":0,"CreatedByName":"Hardik Patel","CreatedOn":"2026-06-13T02:26:06.7300000","IsActive":true,"$type":"AnnouncementDto"},{"AnnouncementId":5,"Title":"Training","Message":"AI training scheduled","CreatedBy":0,"CreatedByName":"Hardik Patel","CreatedOn":"2026-06-13T02:26:06.7300000","IsActive":true,"$type":"AnnouncementDto"}],"$type":"DashboardSummaryDto"}
2026-06-14 05:30:32.537 +05:30 [INF] HTTP GET /api/v1/dashboard/summary responded 200 in 332.6713 ms
2026-06-14 05:30:43.328 +05:30 [INF] HTTP OPTIONS /api/v1/clients responded 204 in 0.0473 ms
2026-06-14 05:30:43.335 +05:30 [INF] WMS Request: GetClientsQuery {"Search":null,"PageNumber":1,"PageSize":10,"$type":"GetClientsQuery"}
2026-06-14 05:30:43.350 +05:30 [INF] WMS Response: GetClientsQuery {"Items":[{"ClientId":6,"ClientName":"Google","ClientAddress":"California","ClientPhoneNumber":9876543211,"ClientLocation":"USA","Status":true,"CreatedOn":"2026-06-13T02:24:32.4966667","$type":"ClientDto"},{"ClientId":8,"ClientName":"Infosys","ClientAddress":"Bangalore","ClientPhoneNumber":9876543213,"ClientLocation":"India","Status":true,"CreatedOn":"2026-06-13T02:24:32.4966667","$type":"ClientDto"},{"ClientId":3,"ClientName":"Microsoft","ClientAddress":"Redmond","ClientPhoneNumber":9876543210,"ClientLocation":"USA","Status":true,"CreatedOn":"2026-06-13T02:20:16.9833333","$type":"ClientDto"},{"ClientId":5,"ClientName":"Microsoft","ClientAddress":"Redmond","ClientPhoneNumber":9876543210,"ClientLocation":"USA","Status":true,"CreatedOn":"2026-06-13T02:24:32.4966667","$type":"ClientDto"},{"ClientId":7,"ClientName":"string","ClientAddress":"string","ClientPhoneNumber":0,"ClientLocation":"string","Status":true,"CreatedOn":"2026-06-13T02:24:32.4966667","$type":"ClientDto"}],"TotalCount":5,"PageNumber":1,"PageSize":10,"TotalPages":1,"HasPreviousPage":false,"HasNextPage":false,"$type":"PagedResult`1"}
2026-06-14 05:30:43.397 +05:30 [INF] HTTP GET /api/v1/clients responded 200 in 62.8827 ms
2026-06-14 05:30:47.909 +05:30 [INF] WMS Request: GetClientsQuery {"Search":null,"PageNumber":1,"PageSize":10,"$type":"GetClientsQuery"}
2026-06-14 05:30:47.934 +05:30 [INF] WMS Response: GetClientsQuery {"Items":[{"ClientId":6,"ClientName":"Google","ClientAddress":"California","ClientPhoneNumber":9876543211,"ClientLocation":"USA","Status":true,"CreatedOn":"2026-06-13T02:24:32.4966667","$type":"ClientDto"},{"ClientId":8,"ClientName":"Infosys","ClientAddress":"Bangalore","ClientPhoneNumber":9876543213,"ClientLocation":"India","Status":true,"CreatedOn":"2026-06-13T02:24:32.4966667","$type":"ClientDto"},{"ClientId":3,"ClientName":"Microsoft","ClientAddress":"Redmond","ClientPhoneNumber":9876543210,"ClientLocation":"USA","Status":true,"CreatedOn":"2026-06-13T02:20:16.9833333","$type":"ClientDto"},{"ClientId":5,"ClientName":"Microsoft","ClientAddress":"Redmond","ClientPhoneNumber":9876543210,"ClientLocation":"USA","Status":true,"CreatedOn":"2026-06-13T02:24:32.4966667","$type":"ClientDto"},{"ClientId":7,"ClientName":"string","ClientAddress":"string","ClientPhoneNumber":0,"ClientLocation":"string","Status":true,"CreatedOn":"2026-06-13T02:24:32.4966667","$type":"ClientDto"}],"TotalCount":5,"PageNumber":1,"PageSize":10,"TotalPages":1,"HasPreviousPage":false,"HasNextPage":false,"$type":"PagedResult`1"}
2026-06-14 05:30:48.030 +05:30 [INF] HTTP GET /api/v1/clients responded 200 in 122.0873 ms
2026-06-14 05:30:53.168 +05:30 [INF] HTTP OPTIONS /api/v1/clients/5 responded 204 in 0.0277 ms
2026-06-14 05:30:53.242 +05:30 [INF] WMS Request: DeleteClientCommand {"ClientId":5,"$type":"DeleteClientCommand"}
2026-06-14 05:30:53.534 +05:30 [INF] WMS Response: DeleteClientCommand {"$type":"Unit"}
2026-06-14 05:30:53.537 +05:30 [INF] HTTP DELETE /api/v1/clients/5 responded 200 in 362.8624 ms
2026-06-14 05:30:53.542 +05:30 [INF] HTTP OPTIONS /api/v1/clients responded 204 in 0.0143 ms
2026-06-14 05:30:53.545 +05:30 [INF] WMS Request: GetClientsQuery {"Search":null,"PageNumber":1,"PageSize":10,"$type":"GetClientsQuery"}
2026-06-14 05:30:53.557 +05:30 [INF] WMS Response: GetClientsQuery {"Items":[{"ClientId":6,"ClientName":"Google","ClientAddress":"California","ClientPhoneNumber":9876543211,"ClientLocation":"USA","Status":true,"CreatedOn":"2026-06-13T02:24:32.4966667","$type":"ClientDto"},{"ClientId":8,"ClientName":"Infosys","ClientAddress":"Bangalore","ClientPhoneNumber":9876543213,"ClientLocation":"India","Status":true,"CreatedOn":"2026-06-13T02:24:32.4966667","$type":"ClientDto"},{"ClientId":3,"ClientName":"Microsoft","ClientAddress":"Redmond","ClientPhoneNumber":9876543210,"ClientLocation":"USA","Status":true,"CreatedOn":"2026-06-13T02:20:16.9833333","$type":"ClientDto"},{"ClientId":7,"ClientName":"string","ClientAddress":"string","ClientPhoneNumber":0,"ClientLocation":"string","Status":true,"CreatedOn":"2026-06-13T02:24:32.4966667","$type":"ClientDto"}],"TotalCount":4,"PageNumber":1,"PageSize":10,"TotalPages":1,"HasPreviousPage":false,"HasNextPage":false,"$type":"PagedResult`1"}
2026-06-14 05:30:53.594 +05:30 [INF] HTTP GET /api/v1/clients responded 200 in 48.9309 ms
2026-06-14 05:30:57.931 +05:30 [INF] HTTP OPTIONS /api/v1/clients/6 responded 204 in 0.0462 ms
2026-06-14 05:30:57.941 +05:30 [INF] WMS Request: DeleteClientCommand {"ClientId":6,"$type":"DeleteClientCommand"}
2026-06-14 05:30:57.974 +05:30 [ERR] HTTP DELETE /api/v1/clients/6 responded 500 in 34.9069 ms
WMS.Application.Common.Exceptions.ConflictException: Cannot delete client because projects are assigned to it.
   at WMS.Application.Features.Clients.Commands.DeleteClientCommandHandler.Handle(DeleteClientCommand request, CancellationToken cancellationToken) in C:\Users\Hardik\Desktop\WMS-Solution\src\WMS.Application\Features\Clients\Commands\DeleteClientCommand.cs:line 38
   at MediatR.Wrappers.RequestHandlerWrapperImpl`1.<>c__DisplayClass1_0.<<Handle>g__Handler|0>d.MoveNext()
--- End of stack trace from previous location ---
   at WMS.Application.Common.Behaviours.PerformanceBehaviour`2.Handle(TRequest request, RequestHandlerDelegate`1 next, CancellationToken ct) in C:\Users\Hardik\Desktop\WMS-Solution\src\WMS.Application\Common\Behaviours\PerformanceBehaviour.cs:line 22
   at WMS.Application.Common.Behaviours.ValidationBehaviour`2.Handle(TRequest request, RequestHandlerDelegate`1 next, CancellationToken ct) in C:\Users\Hardik\Desktop\WMS-Solution\src\WMS.Application\Common\Behaviours\ValidationBehaviour.cs:line 20
   at WMS.Application.Common.Behaviours.LoggingBehaviour`2.Handle(TRequest request, RequestHandlerDelegate`1 next, CancellationToken ct) in C:\Users\Hardik\Desktop\WMS-Solution\src\WMS.Application\Common\Behaviours\LoggingBehaviour.cs:line 22
   at WMS.API.Controllers.v1.ClientsController.Delete(Int32 id, CancellationToken ct) in C:\Users\Hardik\Desktop\WMS-Solution\src\WMS.API\Controllers\v1\ClientsController.cs:line 61
   at Microsoft.AspNetCore.Mvc.Infrastructure.ActionMethodExecutor.TaskOfIActionResultExecutor.Execute(ActionContext actionContext, IActionResultTypeMapper mapper, ObjectMethodExecutor executor, Object controller, Object[] arguments)
   at Microsoft.AspNetCore.Mvc.Infrastructure.ControllerActionInvoker.<InvokeActionMethodAsync>g__Awaited|12_0(ControllerActionInvoker invoker, ValueTask`1 actionResultValueTask)
   at Microsoft.AspNetCore.Mvc.Infrastructure.ControllerActionInvoker.<InvokeNextActionFilterAsync>g__Awaited|10_0(ControllerActionInvoker invoker, Task lastTask, State next, Scope scope, Object state, Boolean isCompleted)
   at Microsoft.AspNetCore.Mvc.Infrastructure.ControllerActionInvoker.Rethrow(ActionExecutedContextSealed context)
   at Microsoft.AspNetCore.Mvc.Infrastructure.ControllerActionInvoker.Next(State& next, Scope& scope, Object& state, Boolean& isCompleted)
   at Microsoft.AspNetCore.Mvc.Infrastructure.ControllerActionInvoker.<InvokeInnerFilterAsync>g__Awaited|13_0(ControllerActionInvoker invoker, Task lastTask, State next, Scope scope, Object state, Boolean isCompleted)
   at Microsoft.AspNetCore.Mvc.Infrastructure.ResourceInvoker.<InvokeFilterPipelineAsync>g__Awaited|20_0(ResourceInvoker invoker, Task lastTask, State next, Scope scope, Object state, Boolean isCompleted)
   at Microsoft.AspNetCore.Mvc.Infrastructure.ResourceInvoker.<InvokeAsync>g__Awaited|17_0(ResourceInvoker invoker, Task task, IDisposable scope)
   at Microsoft.AspNetCore.Mvc.Infrastructure.ResourceInvoker.<InvokeAsync>g__Awaited|17_0(ResourceInvoker invoker, Task task, IDisposable scope)
   at Microsoft.AspNetCore.Authorization.AuthorizationMiddleware.Invoke(HttpContext context)
   at Microsoft.AspNetCore.Authentication.AuthenticationMiddleware.Invoke(HttpContext context)
   at Serilog.AspNetCore.RequestLoggingMiddleware.Invoke(HttpContext httpContext)
2026-06-14 05:30:58.044 +05:30 [ERR] An unhandled exception occurred: Cannot delete client because projects are assigned to it.
WMS.Application.Common.Exceptions.ConflictException: Cannot delete client because projects are assigned to it.
   at WMS.Application.Features.Clients.Commands.DeleteClientCommandHandler.Handle(DeleteClientCommand request, CancellationToken cancellationToken) in C:\Users\Hardik\Desktop\WMS-Solution\src\WMS.Application\Features\Clients\Commands\DeleteClientCommand.cs:line 38
   at MediatR.Wrappers.RequestHandlerWrapperImpl`1.<>c__DisplayClass1_0.<<Handle>g__Handler|0>d.MoveNext()
--- End of stack trace from previous location ---
   at WMS.Application.Common.Behaviours.PerformanceBehaviour`2.Handle(TRequest request, RequestHandlerDelegate`1 next, CancellationToken ct) in C:\Users\Hardik\Desktop\WMS-Solution\src\WMS.Application\Common\Behaviours\PerformanceBehaviour.cs:line 22
   at WMS.Application.Common.Behaviours.ValidationBehaviour`2.Handle(TRequest request, RequestHandlerDelegate`1 next, CancellationToken ct) in C:\Users\Hardik\Desktop\WMS-Solution\src\WMS.Application\Common\Behaviours\ValidationBehaviour.cs:line 20
   at WMS.Application.Common.Behaviours.LoggingBehaviour`2.Handle(TRequest request, RequestHandlerDelegate`1 next, CancellationToken ct) in C:\Users\Hardik\Desktop\WMS-Solution\src\WMS.Application\Common\Behaviours\LoggingBehaviour.cs:line 22
   at WMS.API.Controllers.v1.ClientsController.Delete(Int32 id, CancellationToken ct) in C:\Users\Hardik\Desktop\WMS-Solution\src\WMS.API\Controllers\v1\ClientsController.cs:line 61
   at Microsoft.AspNetCore.Mvc.Infrastructure.ActionMethodExecutor.TaskOfIActionResultExecutor.Execute(ActionContext actionContext, IActionResultTypeMapper mapper, ObjectMethodExecutor executor, Object controller, Object[] arguments)
   at Microsoft.AspNetCore.Mvc.Infrastructure.ControllerActionInvoker.<InvokeActionMethodAsync>g__Awaited|12_0(ControllerActionInvoker invoker, ValueTask`1 actionResultValueTask)
   at Microsoft.AspNetCore.Mvc.Infrastructure.ControllerActionInvoker.<InvokeNextActionFilterAsync>g__Awaited|10_0(ControllerActionInvoker invoker, Task lastTask, State next, Scope scope, Object state, Boolean isCompleted)
   at Microsoft.AspNetCore.Mvc.Infrastructure.ControllerActionInvoker.Rethrow(ActionExecutedContextSealed context)
   at Microsoft.AspNetCore.Mvc.Infrastructure.ControllerActionInvoker.Next(State& next, Scope& scope, Object& state, Boolean& isCompleted)
   at Microsoft.AspNetCore.Mvc.Infrastructure.ControllerActionInvoker.<InvokeInnerFilterAsync>g__Awaited|13_0(ControllerActionInvoker invoker, Task lastTask, State next, Scope scope, Object state, Boolean isCompleted)
   at Microsoft.AspNetCore.Mvc.Infrastructure.ResourceInvoker.<InvokeFilterPipelineAsync>g__Awaited|20_0(ResourceInvoker invoker, Task lastTask, State next, Scope scope, Object state, Boolean isCompleted)
   at Microsoft.AspNetCore.Mvc.Infrastructure.ResourceInvoker.<InvokeAsync>g__Awaited|17_0(ResourceInvoker invoker, Task task, IDisposable scope)
   at Microsoft.AspNetCore.Mvc.Infrastructure.ResourceInvoker.<InvokeAsync>g__Awaited|17_0(ResourceInvoker invoker, Task task, IDisposable scope)
   at Microsoft.AspNetCore.Authorization.AuthorizationMiddleware.Invoke(HttpContext context)
   at Microsoft.AspNetCore.Authentication.AuthenticationMiddleware.Invoke(HttpContext context)
   at Serilog.AspNetCore.RequestLoggingMiddleware.Invoke(HttpContext httpContext)
   at Swashbuckle.AspNetCore.SwaggerUI.SwaggerUIMiddleware.Invoke(HttpContext httpContext)
   at Swashbuckle.AspNetCore.Swagger.SwaggerMiddleware.Invoke(HttpContext httpContext, ISwaggerProvider swaggerProvider)
   at WMS.API.Middleware.GlobalExceptionMiddleware.InvokeAsync(HttpContext context) in C:\Users\Hardik\Desktop\WMS-Solution\src\WMS.API\Middleware\GlobalExceptionMiddleware.cs:line 26
2026-06-14 05:32:42.341 +05:30 [INF] HTTP OPTIONS /api/v1/clients responded 204 in 4.7032 ms
2026-06-14 05:32:42.405 +05:30 [INF] WMS Request: GetClientsQuery {"Search":null,"PageNumber":1,"PageSize":10,"$type":"GetClientsQuery"}
2026-06-14 05:32:42.650 +05:30 [INF] WMS Response: GetClientsQuery {"Items":[{"ClientId":6,"ClientName":"Google","ClientAddress":"California","ClientPhoneNumber":9876543211,"ClientLocation":"USA","Status":true,"CreatedOn":"2026-06-13T02:24:32.4966667","$type":"ClientDto"},{"ClientId":8,"ClientName":"Infosys","ClientAddress":"Bangalore","ClientPhoneNumber":9876543213,"ClientLocation":"India","Status":true,"CreatedOn":"2026-06-13T02:24:32.4966667","$type":"ClientDto"},{"ClientId":3,"ClientName":"Microsoft","ClientAddress":"Redmond","ClientPhoneNumber":9876543210,"ClientLocation":"USA","Status":true,"CreatedOn":"2026-06-13T02:20:16.9833333","$type":"ClientDto"},{"ClientId":7,"ClientName":"string","ClientAddress":"string","ClientPhoneNumber":0,"ClientLocation":"string","Status":true,"CreatedOn":"2026-06-13T02:24:32.4966667","$type":"ClientDto"}],"TotalCount":4,"PageNumber":1,"PageSize":10,"TotalPages":1,"HasPreviousPage":false,"HasNextPage":false,"$type":"PagedResult`1"}
2026-06-14 05:32:42.680 +05:30 [INF] HTTP GET /api/v1/clients responded 200 in 314.5637 ms
2026-06-14 05:32:59.718 +05:30 [INF] HTTP OPTIONS /api/v1/clients responded 204 in 0.0301 ms
2026-06-14 05:32:59.724 +05:30 [INF] WMS Request: GetClientsQuery {"Search":null,"PageNumber":1,"PageSize":10,"$type":"GetClientsQuery"}
2026-06-14 05:32:59.742 +05:30 [INF] WMS Response: GetClientsQuery {"Items":[{"ClientId":6,"ClientName":"Google","ClientAddress":"California","ClientPhoneNumber":9876543211,"ClientLocation":"USA","Status":true,"CreatedOn":"2026-06-13T02:24:32.4966667","$type":"ClientDto"},{"ClientId":8,"ClientName":"Infosys","ClientAddress":"Bangalore","ClientPhoneNumber":9876543213,"ClientLocation":"India","Status":true,"CreatedOn":"2026-06-13T02:24:32.4966667","$type":"ClientDto"},{"ClientId":3,"ClientName":"Microsoft","ClientAddress":"Redmond","ClientPhoneNumber":9876543210,"ClientLocation":"USA","Status":true,"CreatedOn":"2026-06-13T02:20:16.9833333","$type":"ClientDto"},{"ClientId":7,"ClientName":"string","ClientAddress":"string","ClientPhoneNumber":0,"ClientLocation":"string","Status":true,"CreatedOn":"2026-06-13T02:24:32.4966667","$type":"ClientDto"}],"TotalCount":4,"PageNumber":1,"PageSize":10,"TotalPages":1,"HasPreviousPage":false,"HasNextPage":false,"$type":"PagedResult`1"}
2026-06-14 05:32:59.784 +05:30 [INF] HTTP GET /api/v1/clients responded 200 in 61.1869 ms
2026-06-14 05:33:19.895 +05:30 [INF] HTTP OPTIONS /api/v1/clients responded 204 in 0.0237 ms
2026-06-14 05:33:19.900 +05:30 [INF] WMS Request: GetClientsQuery {"Search":null,"PageNumber":1,"PageSize":10,"$type":"GetClientsQuery"}
2026-06-14 05:33:19.916 +05:30 [INF] WMS Response: GetClientsQuery {"Items":[{"ClientId":6,"ClientName":"Google","ClientAddress":"California","ClientPhoneNumber":9876543211,"ClientLocation":"USA","Status":true,"CreatedOn":"2026-06-13T02:24:32.4966667","$type":"ClientDto"},{"ClientId":8,"ClientName":"Infosys","ClientAddress":"Bangalore","ClientPhoneNumber":9876543213,"ClientLocation":"India","Status":true,"CreatedOn":"2026-06-13T02:24:32.4966667","$type":"ClientDto"},{"ClientId":3,"ClientName":"Microsoft","ClientAddress":"Redmond","ClientPhoneNumber":9876543210,"ClientLocation":"USA","Status":true,"CreatedOn":"2026-06-13T02:20:16.9833333","$type":"ClientDto"},{"ClientId":7,"ClientName":"string","ClientAddress":"string","ClientPhoneNumber":0,"ClientLocation":"string","Status":true,"CreatedOn":"2026-06-13T02:24:32.4966667","$type":"ClientDto"}],"TotalCount":4,"PageNumber":1,"PageSize":10,"TotalPages":1,"HasPreviousPage":false,"HasNextPage":false,"$type":"PagedResult`1"}
2026-06-14 05:33:19.969 +05:30 [INF] HTTP GET /api/v1/clients responded 200 in 69.0650 ms
2026-06-14 05:33:22.236 +05:30 [INF] WMS Request: GetClientsQuery {"Search":null,"PageNumber":1,"PageSize":10,"$type":"GetClientsQuery"}
2026-06-14 05:33:22.293 +05:30 [INF] WMS Response: GetClientsQuery {"Items":[{"ClientId":6,"ClientName":"Google","ClientAddress":"California","ClientPhoneNumber":9876543211,"ClientLocation":"USA","Status":true,"CreatedOn":"2026-06-13T02:24:32.4966667","$type":"ClientDto"},{"ClientId":8,"ClientName":"Infosys","ClientAddress":"Bangalore","ClientPhoneNumber":9876543213,"ClientLocation":"India","Status":true,"CreatedOn":"2026-06-13T02:24:32.4966667","$type":"ClientDto"},{"ClientId":3,"ClientName":"Microsoft","ClientAddress":"Redmond","ClientPhoneNumber":9876543210,"ClientLocation":"USA","Status":true,"CreatedOn":"2026-06-13T02:20:16.9833333","$type":"ClientDto"},{"ClientId":7,"ClientName":"string","ClientAddress":"string","ClientPhoneNumber":0,"ClientLocation":"string","Status":true,"CreatedOn":"2026-06-13T02:24:32.4966667","$type":"ClientDto"}],"TotalCount":4,"PageNumber":1,"PageSize":10,"TotalPages":1,"HasPreviousPage":false,"HasNextPage":false,"$type":"PagedResult`1"}
2026-06-14 05:33:22.353 +05:30 [INF] HTTP GET /api/v1/clients responded 200 in 117.3987 ms
2026-06-14 05:33:38.870 +05:30 [INF] HTTP OPTIONS /api/v1/clients responded 204 in 0.1146 ms
2026-06-14 05:33:38.880 +05:30 [INF] WMS Request: GetClientsQuery {"Search":null,"PageNumber":1,"PageSize":10,"$type":"GetClientsQuery"}
2026-06-14 05:33:38.921 +05:30 [INF] WMS Response: GetClientsQuery {"Items":[{"ClientId":6,"ClientName":"Google","ClientAddress":"California","ClientPhoneNumber":9876543211,"ClientLocation":"USA","Status":true,"CreatedOn":"2026-06-13T02:24:32.4966667","$type":"ClientDto"},{"ClientId":8,"ClientName":"Infosys","ClientAddress":"Bangalore","ClientPhoneNumber":9876543213,"ClientLocation":"India","Status":true,"CreatedOn":"2026-06-13T02:24:32.4966667","$type":"ClientDto"},{"ClientId":3,"ClientName":"Microsoft","ClientAddress":"Redmond","ClientPhoneNumber":9876543210,"ClientLocation":"USA","Status":true,"CreatedOn":"2026-06-13T02:20:16.9833333","$type":"ClientDto"},{"ClientId":7,"ClientName":"string","ClientAddress":"string","ClientPhoneNumber":0,"ClientLocation":"string","Status":true,"CreatedOn":"2026-06-13T02:24:32.4966667","$type":"ClientDto"}],"TotalCount":4,"PageNumber":1,"PageSize":10,"TotalPages":1,"HasPreviousPage":false,"HasNextPage":false,"$type":"PagedResult`1"}
2026-06-14 05:33:38.982 +05:30 [INF] HTTP GET /api/v1/clients responded 200 in 104.2133 ms
2026-06-14 05:35:15.100 +05:30 [INF] HTTP OPTIONS /api/v1/projects responded 204 in 0.9216 ms
2026-06-14 05:35:15.140 +05:30 [INF] WMS Request: GetProjectsQuery {"Search":null,"Status":null,"ClientId":null,"PageNumber":1,"PageSize":10,"$type":"GetProjectsQuery"}
2026-06-14 05:35:20.150 +05:30 [WRN] WMS Long Running Request: GetProjectsQuery (4982ms) {"Search":null,"Status":null,"ClientId":null,"PageNumber":1,"PageSize":10,"$type":"GetProjectsQuery"}
2026-06-14 05:35:20.170 +05:30 [INF] WMS Response: GetProjectsQuery {"Items":[{"ProjectId":7,"ProjectName":"CRM","ClientId":3,"ClientName":"Microsoft","StartDate":"2026-06-13T00:00:00.0000000","EndDate":"2026-06-27T00:00:00.0000000","Status":"Active","AllocatedEmployeeCount":1,"CreatedOn":"2026-06-13T17:02:39.7969376","$type":"ProjectDto"},{"ProjectId":2,"ProjectName":"HR Portal","ClientId":3,"ClientName":"Microsoft","StartDate":"2026-01-01T00:00:00.0000000","EndDate":"2026-12-31T00:00:00.0000000","Status":"Active","AllocatedEmployeeCount":3,"CreatedOn":"2026-06-13T02:30:31.6900000","$type":"ProjectDto"},{"ProjectId":3,"ProjectName":"Employee App","ClientId":6,"ClientName":"Google","StartDate":"2026-02-01T00:00:00.0000000","EndDate":"2026-11-30T00:00:00.0000000","Status":"Active","AllocatedEmployeeCount":1,"CreatedOn":"2026-06-13T02:30:31.6900000","$type":"ProjectDto"},{"ProjectId":4,"ProjectName":"Finance Dashboard","ClientId":7,"ClientName":"string","StartDate":"2026-03-01T00:00:00.0000000","EndDate":"2026-10-31T00:00:00.0000000","Status":"Completed","AllocatedEmployeeCount":1,"CreatedOn":"2026-06-13T02:30:31.6900000","$type":"ProjectDto"}],"TotalCount":4,"PageNumber":1,"PageSize":10,"TotalPages":1,"HasPreviousPage":false,"HasNextPage":false,"$type":"PagedResult`1"}
2026-06-14 05:35:20.246 +05:30 [INF] HTTP GET /api/v1/projects responded 200 in 5127.8116 ms
2026-06-14 05:35:25.379 +05:30 [INF] HTTP OPTIONS /api/v1/clients responded 204 in 0.0459 ms
2026-06-14 05:35:25.389 +05:30 [INF] WMS Request: GetClientsQuery {"Search":null,"PageNumber":1,"PageSize":100,"$type":"GetClientsQuery"}
2026-06-14 05:35:25.422 +05:30 [INF] WMS Response: GetClientsQuery {"Items":[{"ClientId":6,"ClientName":"Google","ClientAddress":"California","ClientPhoneNumber":9876543211,"ClientLocation":"USA","Status":true,"CreatedOn":"2026-06-13T02:24:32.4966667","$type":"ClientDto"},{"ClientId":8,"ClientName":"Infosys","ClientAddress":"Bangalore","ClientPhoneNumber":9876543213,"ClientLocation":"India","Status":true,"CreatedOn":"2026-06-13T02:24:32.4966667","$type":"ClientDto"},{"ClientId":3,"ClientName":"Microsoft","ClientAddress":"Redmond","ClientPhoneNumber":9876543210,"ClientLocation":"USA","Status":true,"CreatedOn":"2026-06-13T02:20:16.9833333","$type":"ClientDto"},{"ClientId":7,"ClientName":"string","ClientAddress":"string","ClientPhoneNumber":0,"ClientLocation":"string","Status":true,"CreatedOn":"2026-06-13T02:24:32.4966667","$type":"ClientDto"}],"TotalCount":4,"PageNumber":1,"PageSize":100,"TotalPages":1,"HasPreviousPage":false,"HasNextPage":false,"$type":"PagedResult`1"}
2026-06-14 05:35:25.478 +05:30 [INF] HTTP GET /api/v1/clients responded 200 in 90.6209 ms
2026-06-14 05:35:28.712 +05:30 [INF] HTTP OPTIONS /api/v1/leaves/employee/6 responded 204 in 0.0450 ms
2026-06-14 05:35:28.741 +05:30 [INF] WMS Request: GetLeavesByEmployeeQuery {"EmployeeId":6,"PageNumber":1,"PageSize":10,"$type":"GetLeavesByEmployeeQuery"}
2026-06-14 05:35:28.746 +05:30 [INF] HTTP OPTIONS /api/v1/leaves/pending responded 204 in 0.0242 ms
2026-06-14 05:35:28.752 +05:30 [INF] WMS Request: GetPendingLeavesQuery {"$type":"GetPendingLeavesQuery"}
2026-06-14 05:35:28.831 +05:30 [INF] WMS Response: GetPendingLeavesQuery [{"LeaveId":12,"EmpId":1,"EmployeeName":"Hardik Patel","LeaveType":"Earned","Reason":"hdtdyuyiuih","FromDate":"2026-07-18T00:00:00.0000000","ToDate":"2026-07-21T00:00:00.0000000","TotalDays":4,"Status":"Pending","AppliedOn":"2026-06-13T18:16:13.0904676","ApprovedBy":null,"ApproverName":null,"ApprovedOn":null,"$type":"LeaveDto"}]
2026-06-14 05:35:28.863 +05:30 [INF] HTTP GET /api/v1/leaves/pending responded 200 in 113.2531 ms
2026-06-14 05:35:28.893 +05:30 [INF] WMS Response: GetLeavesByEmployeeQuery {"Items":[],"TotalCount":0,"PageNumber":1,"PageSize":10,"TotalPages":0,"HasPreviousPage":false,"HasNextPage":false,"$type":"PagedResult`1"}
2026-06-14 05:35:28.912 +05:30 [INF] HTTP GET /api/v1/leaves/employee/6 responded 200 in 188.3581 ms
2026-06-14 05:35:29.438 +05:30 [INF] HTTP OPTIONS /api/v1/projects responded 204 in 0.0252 ms
2026-06-14 05:35:29.448 +05:30 [INF] WMS Request: GetProjectsQuery {"Search":null,"Status":null,"ClientId":null,"PageNumber":1,"PageSize":10,"$type":"GetProjectsQuery"}
2026-06-14 05:35:29.473 +05:30 [INF] WMS Response: GetProjectsQuery {"Items":[{"ProjectId":7,"ProjectName":"CRM","ClientId":3,"ClientName":"Microsoft","StartDate":"2026-06-13T00:00:00.0000000","EndDate":"2026-06-27T00:00:00.0000000","Status":"Active","AllocatedEmployeeCount":1,"CreatedOn":"2026-06-13T17:02:39.7969376","$type":"ProjectDto"},{"ProjectId":2,"ProjectName":"HR Portal","ClientId":3,"ClientName":"Microsoft","StartDate":"2026-01-01T00:00:00.0000000","EndDate":"2026-12-31T00:00:00.0000000","Status":"Active","AllocatedEmployeeCount":3,"CreatedOn":"2026-06-13T02:30:31.6900000","$type":"ProjectDto"},{"ProjectId":3,"ProjectName":"Employee App","ClientId":6,"ClientName":"Google","StartDate":"2026-02-01T00:00:00.0000000","EndDate":"2026-11-30T00:00:00.0000000","Status":"Active","AllocatedEmployeeCount":1,"CreatedOn":"2026-06-13T02:30:31.6900000","$type":"ProjectDto"},{"ProjectId":4,"ProjectName":"Finance Dashboard","ClientId":7,"ClientName":"string","StartDate":"2026-03-01T00:00:00.0000000","EndDate":"2026-10-31T00:00:00.0000000","Status":"Completed","AllocatedEmployeeCount":1,"CreatedOn":"2026-06-13T02:30:31.6900000","$type":"ProjectDto"}],"TotalCount":4,"PageNumber":1,"PageSize":10,"TotalPages":1,"HasPreviousPage":false,"HasNextPage":false,"$type":"PagedResult`1"}
2026-06-14 05:35:29.515 +05:30 [INF] HTTP GET /api/v1/projects responded 200 in 71.4721 ms
2026-06-14 05:37:22.379 +05:30 [INF] HTTP OPTIONS /api/v1/projects responded 204 in 3.2428 ms
2026-06-14 05:37:22.428 +05:30 [INF] WMS Request: GetProjectsQuery {"Search":null,"Status":null,"ClientId":null,"PageNumber":1,"PageSize":10,"$type":"GetProjectsQuery"}
2026-06-14 05:37:22.736 +05:30 [INF] WMS Response: GetProjectsQuery {"Items":[{"ProjectId":7,"ProjectName":"CRM","ClientId":3,"ClientName":"Microsoft","StartDate":"2026-06-13T00:00:00.0000000","EndDate":"2026-06-27T00:00:00.0000000","Status":"Active","AllocatedEmployeeCount":1,"CreatedOn":"2026-06-13T17:02:39.7969376","$type":"ProjectDto"},{"ProjectId":2,"ProjectName":"HR Portal","ClientId":3,"ClientName":"Microsoft","StartDate":"2026-01-01T00:00:00.0000000","EndDate":"2026-12-31T00:00:00.0000000","Status":"Active","AllocatedEmployeeCount":3,"CreatedOn":"2026-06-13T02:30:31.6900000","$type":"ProjectDto"},{"ProjectId":3,"ProjectName":"Employee App","ClientId":6,"ClientName":"Google","StartDate":"2026-02-01T00:00:00.0000000","EndDate":"2026-11-30T00:00:00.0000000","Status":"Active","AllocatedEmployeeCount":1,"CreatedOn":"2026-06-13T02:30:31.6900000","$type":"ProjectDto"},{"ProjectId":4,"ProjectName":"Finance Dashboard","ClientId":7,"ClientName":"string","StartDate":"2026-03-01T00:00:00.0000000","EndDate":"2026-10-31T00:00:00.0000000","Status":"Completed","AllocatedEmployeeCount":1,"CreatedOn":"2026-06-13T02:30:31.6900000","$type":"ProjectDto"}],"TotalCount":4,"PageNumber":1,"PageSize":10,"TotalPages":1,"HasPreviousPage":false,"HasNextPage":false,"$type":"PagedResult`1"}
2026-06-14 05:37:22.782 +05:30 [INF] HTTP GET /api/v1/projects responded 200 in 384.6857 ms
2026-06-14 05:42:31.553 +05:30 [INF] HTTP OPTIONS /api/v1/projects responded 204 in 1.5297 ms
2026-06-14 05:42:31.591 +05:30 [INF] WMS Request: GetProjectsQuery {"Search":null,"Status":null,"ClientId":null,"PageNumber":1,"PageSize":10,"$type":"GetProjectsQuery"}
2026-06-14 05:42:31.947 +05:30 [INF] WMS Response: GetProjectsQuery {"Items":[{"ProjectId":7,"ProjectName":"CRM","ClientId":3,"ClientName":"Microsoft","StartDate":"2026-06-13T00:00:00.0000000","EndDate":"2026-06-27T00:00:00.0000000","Status":"Active","AllocatedEmployeeCount":1,"CreatedOn":"2026-06-13T17:02:39.7969376","$type":"ProjectDto"},{"ProjectId":2,"ProjectName":"HR Portal","ClientId":3,"ClientName":"Microsoft","StartDate":"2026-01-01T00:00:00.0000000","EndDate":"2026-12-31T00:00:00.0000000","Status":"Active","AllocatedEmployeeCount":3,"CreatedOn":"2026-06-13T02:30:31.6900000","$type":"ProjectDto"},{"ProjectId":3,"ProjectName":"Employee App","ClientId":6,"ClientName":"Google","StartDate":"2026-02-01T00:00:00.0000000","EndDate":"2026-11-30T00:00:00.0000000","Status":"Active","AllocatedEmployeeCount":1,"CreatedOn":"2026-06-13T02:30:31.6900000","$type":"ProjectDto"},{"ProjectId":4,"ProjectName":"Finance Dashboard","ClientId":7,"ClientName":"string","StartDate":"2026-03-01T00:00:00.0000000","EndDate":"2026-10-31T00:00:00.0000000","Status":"Completed","AllocatedEmployeeCount":1,"CreatedOn":"2026-06-13T02:30:31.6900000","$type":"ProjectDto"}],"TotalCount":4,"PageNumber":1,"PageSize":10,"TotalPages":1,"HasPreviousPage":false,"HasNextPage":false,"$type":"PagedResult`1"}
2026-06-14 05:42:31.975 +05:30 [INF] HTTP GET /api/v1/projects responded 200 in 406.8014 ms
2026-06-14 05:42:34.942 +05:30 [INF] WMS Request: GetProjectsQuery {"Search":null,"Status":null,"ClientId":null,"PageNumber":1,"PageSize":10,"$type":"GetProjectsQuery"}
2026-06-14 05:42:34.988 +05:30 [INF] WMS Response: GetProjectsQuery {"Items":[{"ProjectId":7,"ProjectName":"CRM","ClientId":3,"ClientName":"Microsoft","StartDate":"2026-06-13T00:00:00.0000000","EndDate":"2026-06-27T00:00:00.0000000","Status":"Active","AllocatedEmployeeCount":1,"CreatedOn":"2026-06-13T17:02:39.7969376","$type":"ProjectDto"},{"ProjectId":2,"ProjectName":"HR Portal","ClientId":3,"ClientName":"Microsoft","StartDate":"2026-01-01T00:00:00.0000000","EndDate":"2026-12-31T00:00:00.0000000","Status":"Active","AllocatedEmployeeCount":3,"CreatedOn":"2026-06-13T02:30:31.6900000","$type":"ProjectDto"},{"ProjectId":3,"ProjectName":"Employee App","ClientId":6,"ClientName":"Google","StartDate":"2026-02-01T00:00:00.0000000","EndDate":"2026-11-30T00:00:00.0000000","Status":"Active","AllocatedEmployeeCount":1,"CreatedOn":"2026-06-13T02:30:31.6900000","$type":"ProjectDto"},{"ProjectId":4,"ProjectName":"Finance Dashboard","ClientId":7,"ClientName":"string","StartDate":"2026-03-01T00:00:00.0000000","EndDate":"2026-10-31T00:00:00.0000000","Status":"Completed","AllocatedEmployeeCount":1,"CreatedOn":"2026-06-13T02:30:31.6900000","$type":"ProjectDto"}],"TotalCount":4,"PageNumber":1,"PageSize":10,"TotalPages":1,"HasPreviousPage":false,"HasNextPage":false,"$type":"PagedResult`1"}
2026-06-14 05:42:35.038 +05:30 [INF] HTTP GET /api/v1/projects responded 200 in 108.3908 ms
2026-06-14 05:42:36.621 +05:30 [INF] HTTP OPTIONS /api/v1/allocations responded 204 in 0.0578 ms
2026-06-14 05:42:36.637 +05:30 [INF] WMS Request: GetAllocationsQuery {"EmpId":null,"ProjectId":null,"Status":null,"PageNumber":1,"PageSize":20,"$type":"GetAllocationsQuery"}
2026-06-14 05:42:36.718 +05:30 [INF] WMS Response: GetAllocationsQuery {"Items":[{"AllocationId":8,"EmpId":5,"EmployeeName":"lakshya sharma","DepartmentName":"Operations","ProjectId":7,"ProjectName":"CRM","AssignedOn":"2026-08-15T00:00:00.0000000","Status":true,"CreatedBy":"","CreateDate":"2026-06-13T23:49:50.9229903","UpdatedBy":null,"UpdatedDate":null,"$type":"AllocationDto"},{"AllocationId":6,"EmpId":3,"EmployeeName":"hardik maloo","DepartmentName":"AI-DS","ProjectId":2,"ProjectName":"HR Portal","AssignedOn":"2026-06-29T00:00:00.0000000","Status":false,"CreatedBy":"","CreateDate":"2026-06-13T17:43:55.7346527","UpdatedBy":"admin","UpdatedDate":"2026-06-13T18:29:43.0918397","$type":"AllocationDto"},{"AllocationId":7,"EmpId":2,"EmployeeName":"harsh rathore","DepartmentName":"Finance","ProjectId":2,"ProjectName":"HR Portal","AssignedOn":"2026-06-22T00:00:00.0000000","Status":true,"CreatedBy":"","CreateDate":"2026-06-13T17:52:25.6705390","UpdatedBy":null,"UpdatedDate":null,"$type":"AllocationDto"},{"AllocationId":3,"EmpId":1,"EmployeeName":"Hardik Patel","DepartmentName":"HR","ProjectId":2,"ProjectName":"HR Portal","AssignedOn":"2026-06-13T02:32:33.3600000","Status":true,"CreatedBy":"Admin","CreateDate":"2026-06-13T02:32:33.3600000","UpdatedBy":null,"UpdatedDate":null,"$type":"AllocationDto"},{"AllocationId":4,"EmpId":1,"EmployeeName":"Hardik Patel","DepartmentName":"HR","ProjectId":3,"ProjectName":"Employee App","AssignedOn":"2026-06-13T02:32:33.3600000","Status":false,"CreatedBy":"Admin","CreateDate":"2026-06-13T02:32:33.3600000","UpdatedBy":null,"UpdatedDate":"2026-06-13T17:29:12.8824343","$type":"AllocationDto"},{"AllocationId":5,"EmpId":1,"EmployeeName":"Hardik Patel","DepartmentName":"HR","ProjectId":4,"ProjectName":"Finance Dashboard","AssignedOn":"2026-06-13T02:32:33.3600000","Status":false,"CreatedBy":"Admin","CreateDate":"2026-06-13T02:32:33.3600000","UpdatedBy":null,"UpdatedDate":"2026-06-13T17:29:05.4585258","$type":"AllocationDto"}],"TotalCount":6,"PageNumber":1,"PageSize":20,"TotalPages":1,"HasPreviousPage":false,"HasNextPage":false,"$type":"PagedResult`1"}
2026-06-14 05:42:36.807 +05:30 [INF] HTTP GET /api/v1/allocations responded 200 in 176.1158 ms
2026-06-14 05:42:41.418 +05:30 [INF] HTTP OPTIONS /api/v1/employees responded 204 in 0.0373 ms
2026-06-14 05:42:41.420 +05:30 [INF] HTTP OPTIONS /api/v1/projects responded 204 in 0.0242 ms
2026-06-14 05:42:41.427 +05:30 [INF] WMS Request: GetEmployeesQuery {"Search":null,"DepartmentId":null,"RoleId":null,"Status":null,"PageNumber":1,"PageSize":100,"$type":"GetEmployeesQuery"}
2026-06-14 05:42:41.427 +05:30 [INF] WMS Request: GetProjectsQuery {"Search":null,"Status":null,"ClientId":null,"PageNumber":1,"PageSize":100,"$type":"GetProjectsQuery"}
2026-06-14 05:42:41.464 +05:30 [INF] WMS Response: GetEmployeesQuery {"Items":[{"EmployeeId":4,"FirstName":"aditya","LastName":"batwara","FullName":"aditya batwara","Email":"aditya21@gmail.com","PhoneNumber":"7414040730","Gender":"Male","DOB":"2004-02-21T00:00:00.0000000","DOJ":"2026-04-07T00:00:00.0000000","DepartmentId":5,"DepartmentName":"AI-DS","RoleId":3,"RoleName":"Employee","Status":"Inactive","CreatedOn":"2026-06-12T23:12:11.5907684","UpdatedOn":"2026-06-13T12:36:11.3585878","$type":"EmployeeDto"},{"EmployeeId":1,"FirstName":"Hardik","LastName":"Patel","FullName":"Hardik Patel","Email":"hardik@test.com","PhoneNumber":"7737131410","Gender":"Male","DOB":"2004-06-21T00:00:00.0000000","DOJ":"2026-06-08T00:00:00.0000000","DepartmentId":1,"DepartmentName":"HR","RoleId":2,"RoleName":"Manager","Status":"Inactive","CreatedOn":"2026-06-11T15:03:58.6936554","UpdatedOn":"2026-06-13T23:49:09.2801027","$type":"EmployeeDto"},{"EmployeeId":3,"FirstName":"hardik","LastName":"maloo","FullName":"hardik maloo","Email":"hardikmaloo21@gmail.com","PhoneNumber":"8107663009","Gender":"Male","DOB":"2004-06-21T00:00:00.0000000","DOJ":"2026-06-04T00:00:00.0000000","DepartmentId":5,"DepartmentName":"AI-DS","RoleId":3,"RoleName":"Employee","Status":"Active","CreatedOn":"2026-06-12T23:10:13.1851457","UpdatedOn":null,"$type":"EmployeeDto"},{"EmployeeId":2,"FirstName":"harsh","LastName":"rathore","FullName":"harsh rathore","Email":"harsh@gmail.com","PhoneNumber":"7976681235","Gender":"Male","DOB":"2005-07-03T00:00:00.0000000","DOJ":"2026-06-12T00:00:00.0000000","DepartmentId":3,"DepartmentName":"Finance","RoleId":1,"RoleName":"Admin","Status":"Active","CreatedOn":"2026-06-12T21:25:47.5693795","UpdatedOn":"2026-06-12T23:08:27.1985056","$type":"EmployeeDto"},{"EmployeeId":5,"FirstName":"lakshya","LastName":"sharma","FullName":"lakshya sharma","Email":"lakshya@gmail.com","PhoneNumber":"8946456765","Gender":"Male","DOB":"2005-03-14T00:00:00.0000000","DOJ":"2026-04-08T00:00:00.0000000","DepartmentId":4,"DepartmentName":"Operations","RoleId":3,"RoleName":"Employee","Status":"Active","CreatedOn":"2026-06-13T08:09:44.8928080","UpdatedOn":null,"$type":"EmployeeDto"},{"EmployeeId":6,"FirstName":"System","LastName":"Admin","FullName":"System Admin","Email":"admin@wms.com","PhoneNumber":"9999999999","Gender":"Male","DOB":"1990-01-01T00:00:00.0000000","DOJ":"2026-06-13T19:06:47.4733333","DepartmentId":1,"DepartmentName":"HR","RoleId":1,"RoleName":"Admin","Status":"Active","CreatedOn":"2026-06-13T19:06:47.4733333","UpdatedOn":null,"$type":"EmployeeDto"}],"TotalCount":6,"PageNumber":1,"PageSize":100,"TotalPages":1,"HasPreviousPage":false,"HasNextPage":false,"$type":"PagedResult`1"}
2026-06-14 05:42:41.476 +05:30 [INF] WMS Response: GetProjectsQuery {"Items":[{"ProjectId":7,"ProjectName":"CRM","ClientId":3,"ClientName":"Microsoft","StartDate":"2026-06-13T00:00:00.0000000","EndDate":"2026-06-27T00:00:00.0000000","Status":"Active","AllocatedEmployeeCount":1,"CreatedOn":"2026-06-13T17:02:39.7969376","$type":"ProjectDto"},{"ProjectId":2,"ProjectName":"HR Portal","ClientId":3,"ClientName":"Microsoft","StartDate":"2026-01-01T00:00:00.0000000","EndDate":"2026-12-31T00:00:00.0000000","Status":"Active","AllocatedEmployeeCount":3,"CreatedOn":"2026-06-13T02:30:31.6900000","$type":"ProjectDto"},{"ProjectId":3,"ProjectName":"Employee App","ClientId":6,"ClientName":"Google","StartDate":"2026-02-01T00:00:00.0000000","EndDate":"2026-11-30T00:00:00.0000000","Status":"Active","AllocatedEmployeeCount":1,"CreatedOn":"2026-06-13T02:30:31.6900000","$type":"ProjectDto"},{"ProjectId":4,"ProjectName":"Finance Dashboard","ClientId":7,"ClientName":"string","StartDate":"2026-03-01T00:00:00.0000000","EndDate":"2026-10-31T00:00:00.0000000","Status":"Completed","AllocatedEmployeeCount":1,"CreatedOn":"2026-06-13T02:30:31.6900000","$type":"ProjectDto"}],"TotalCount":4,"PageNumber":1,"PageSize":100,"TotalPages":1,"HasPreviousPage":false,"HasNextPage":false,"$type":"PagedResult`1"}
2026-06-14 05:42:41.566 +05:30 [INF] HTTP GET /api/v1/employees responded 200 in 142.0283 ms
2026-06-14 05:42:41.602 +05:30 [INF] HTTP GET /api/v1/projects responded 200 in 175.4060 ms
2026-06-14 05:42:43.032 +05:30 [INF] HTTP OPTIONS /api/v1/allocations responded 204 in 0.0246 ms
2026-06-14 05:42:43.040 +05:30 [INF] WMS Request: GetAllocationsQuery {"EmpId":null,"ProjectId":null,"Status":null,"PageNumber":1,"PageSize":20,"$type":"GetAllocationsQuery"}
2026-06-14 05:42:43.070 +05:30 [INF] WMS Response: GetAllocationsQuery {"Items":[{"AllocationId":8,"EmpId":5,"EmployeeName":"lakshya sharma","DepartmentName":"Operations","ProjectId":7,"ProjectName":"CRM","AssignedOn":"2026-08-15T00:00:00.0000000","Status":true,"CreatedBy":"","CreateDate":"2026-06-13T23:49:50.9229903","UpdatedBy":null,"UpdatedDate":null,"$type":"AllocationDto"},{"AllocationId":6,"EmpId":3,"EmployeeName":"hardik maloo","DepartmentName":"AI-DS","ProjectId":2,"ProjectName":"HR Portal","AssignedOn":"2026-06-29T00:00:00.0000000","Status":false,"CreatedBy":"","CreateDate":"2026-06-13T17:43:55.7346527","UpdatedBy":"admin","UpdatedDate":"2026-06-13T18:29:43.0918397","$type":"AllocationDto"},{"AllocationId":7,"EmpId":2,"EmployeeName":"harsh rathore","DepartmentName":"Finance","ProjectId":2,"ProjectName":"HR Portal","AssignedOn":"2026-06-22T00:00:00.0000000","Status":true,"CreatedBy":"","CreateDate":"2026-06-13T17:52:25.6705390","UpdatedBy":null,"UpdatedDate":null,"$type":"AllocationDto"},{"AllocationId":3,"EmpId":1,"EmployeeName":"Hardik Patel","DepartmentName":"HR","ProjectId":2,"ProjectName":"HR Portal","AssignedOn":"2026-06-13T02:32:33.3600000","Status":true,"CreatedBy":"Admin","CreateDate":"2026-06-13T02:32:33.3600000","UpdatedBy":null,"UpdatedDate":null,"$type":"AllocationDto"},{"AllocationId":4,"EmpId":1,"EmployeeName":"Hardik Patel","DepartmentName":"HR","ProjectId":3,"ProjectName":"Employee App","AssignedOn":"2026-06-13T02:32:33.3600000","Status":false,"CreatedBy":"Admin","CreateDate":"2026-06-13T02:32:33.3600000","UpdatedBy":null,"UpdatedDate":"2026-06-13T17:29:12.8824343","$type":"AllocationDto"},{"AllocationId":5,"EmpId":1,"EmployeeName":"Hardik Patel","DepartmentName":"HR","ProjectId":4,"ProjectName":"Finance Dashboard","AssignedOn":"2026-06-13T02:32:33.3600000","Status":false,"CreatedBy":"Admin","CreateDate":"2026-06-13T02:32:33.3600000","UpdatedBy":null,"UpdatedDate":"2026-06-13T17:29:05.4585258","$type":"AllocationDto"}],"TotalCount":6,"PageNumber":1,"PageSize":20,"TotalPages":1,"HasPreviousPage":false,"HasNextPage":false,"$type":"PagedResult`1"}
2026-06-14 05:42:43.154 +05:30 [INF] HTTP GET /api/v1/allocations responded 200 in 114.8147 ms
2026-06-14 05:50:48.684 +05:30 [INF] HTTP OPTIONS /api/v1/allocations responded 204 in 1.2102 ms
2026-06-14 05:50:48.713 +05:30 [INF] WMS Request: GetAllocationsQuery {"EmpId":null,"ProjectId":null,"Status":null,"PageNumber":1,"PageSize":20,"$type":"GetAllocationsQuery"}
2026-06-14 05:50:49.015 +05:30 [INF] WMS Response: GetAllocationsQuery {"Items":[{"AllocationId":8,"EmpId":5,"EmployeeName":"lakshya sharma","DepartmentName":"Operations","ProjectId":7,"ProjectName":"CRM","AssignedOn":"2026-08-15T00:00:00.0000000","Status":true,"CreatedBy":"","CreateDate":"2026-06-13T23:49:50.9229903","UpdatedBy":null,"UpdatedDate":null,"$type":"AllocationDto"},{"AllocationId":6,"EmpId":3,"EmployeeName":"hardik maloo","DepartmentName":"AI-DS","ProjectId":2,"ProjectName":"HR Portal","AssignedOn":"2026-06-29T00:00:00.0000000","Status":false,"CreatedBy":"","CreateDate":"2026-06-13T17:43:55.7346527","UpdatedBy":"admin","UpdatedDate":"2026-06-13T18:29:43.0918397","$type":"AllocationDto"},{"AllocationId":7,"EmpId":2,"EmployeeName":"harsh rathore","DepartmentName":"Finance","ProjectId":2,"ProjectName":"HR Portal","AssignedOn":"2026-06-22T00:00:00.0000000","Status":true,"CreatedBy":"","CreateDate":"2026-06-13T17:52:25.6705390","UpdatedBy":null,"UpdatedDate":null,"$type":"AllocationDto"},{"AllocationId":3,"EmpId":1,"EmployeeName":"Hardik Patel","DepartmentName":"HR","ProjectId":2,"ProjectName":"HR Portal","AssignedOn":"2026-06-13T02:32:33.3600000","Status":true,"CreatedBy":"Admin","CreateDate":"2026-06-13T02:32:33.3600000","UpdatedBy":null,"UpdatedDate":null,"$type":"AllocationDto"},{"AllocationId":4,"EmpId":1,"EmployeeName":"Hardik Patel","DepartmentName":"HR","ProjectId":3,"ProjectName":"Employee App","AssignedOn":"2026-06-13T02:32:33.3600000","Status":false,"CreatedBy":"Admin","CreateDate":"2026-06-13T02:32:33.3600000","UpdatedBy":null,"UpdatedDate":"2026-06-13T17:29:12.8824343","$type":"AllocationDto"},{"AllocationId":5,"EmpId":1,"EmployeeName":"Hardik Patel","DepartmentName":"HR","ProjectId":4,"ProjectName":"Finance Dashboard","AssignedOn":"2026-06-13T02:32:33.3600000","Status":false,"CreatedBy":"Admin","CreateDate":"2026-06-13T02:32:33.3600000","UpdatedBy":null,"UpdatedDate":"2026-06-13T17:29:05.4585258","$type":"AllocationDto"}],"TotalCount":6,"PageNumber":1,"PageSize":20,"TotalPages":1,"HasPreviousPage":false,"HasNextPage":false,"$type":"PagedResult`1"}
2026-06-14 05:50:49.062 +05:30 [INF] HTTP GET /api/v1/allocations responded 200 in 364.2652 ms
2026-06-14 05:51:07.851 +05:30 [INF] HTTP OPTIONS /api/v1/allocations responded 204 in 0.0318 ms
2026-06-14 05:51:07.865 +05:30 [INF] WMS Request: GetAllocationsQuery {"EmpId":null,"ProjectId":null,"Status":null,"PageNumber":1,"PageSize":20,"$type":"GetAllocationsQuery"}
2026-06-14 05:51:07.897 +05:30 [INF] WMS Response: GetAllocationsQuery {"Items":[{"AllocationId":8,"EmpId":5,"EmployeeName":"lakshya sharma","DepartmentName":"Operations","ProjectId":7,"ProjectName":"CRM","AssignedOn":"2026-08-15T00:00:00.0000000","Status":true,"CreatedBy":"","CreateDate":"2026-06-13T23:49:50.9229903","UpdatedBy":null,"UpdatedDate":null,"$type":"AllocationDto"},{"AllocationId":6,"EmpId":3,"EmployeeName":"hardik maloo","DepartmentName":"AI-DS","ProjectId":2,"ProjectName":"HR Portal","AssignedOn":"2026-06-29T00:00:00.0000000","Status":false,"CreatedBy":"","CreateDate":"2026-06-13T17:43:55.7346527","UpdatedBy":"admin","UpdatedDate":"2026-06-13T18:29:43.0918397","$type":"AllocationDto"},{"AllocationId":7,"EmpId":2,"EmployeeName":"harsh rathore","DepartmentName":"Finance","ProjectId":2,"ProjectName":"HR Portal","AssignedOn":"2026-06-22T00:00:00.0000000","Status":true,"CreatedBy":"","CreateDate":"2026-06-13T17:52:25.6705390","UpdatedBy":null,"UpdatedDate":null,"$type":"AllocationDto"},{"AllocationId":3,"EmpId":1,"EmployeeName":"Hardik Patel","DepartmentName":"HR","ProjectId":2,"ProjectName":"HR Portal","AssignedOn":"2026-06-13T02:32:33.3600000","Status":true,"CreatedBy":"Admin","CreateDate":"2026-06-13T02:32:33.3600000","UpdatedBy":null,"UpdatedDate":null,"$type":"AllocationDto"},{"AllocationId":4,"EmpId":1,"EmployeeName":"Hardik Patel","DepartmentName":"HR","ProjectId":3,"ProjectName":"Employee App","AssignedOn":"2026-06-13T02:32:33.3600000","Status":false,"CreatedBy":"Admin","CreateDate":"2026-06-13T02:32:33.3600000","UpdatedBy":null,"UpdatedDate":"2026-06-13T17:29:12.8824343","$type":"AllocationDto"},{"AllocationId":5,"EmpId":1,"EmployeeName":"Hardik Patel","DepartmentName":"HR","ProjectId":4,"ProjectName":"Finance Dashboard","AssignedOn":"2026-06-13T02:32:33.3600000","Status":false,"CreatedBy":"Admin","CreateDate":"2026-06-13T02:32:33.3600000","UpdatedBy":null,"UpdatedDate":"2026-06-13T17:29:05.4585258","$type":"AllocationDto"}],"TotalCount":6,"PageNumber":1,"PageSize":20,"TotalPages":1,"HasPreviousPage":false,"HasNextPage":false,"$type":"PagedResult`1"}
2026-06-14 05:51:08.000 +05:30 [INF] HTTP GET /api/v1/allocations responded 200 in 136.3839 ms
2026-06-14 12:09:35.864 +05:30 [INF] HTTP OPTIONS /api/v1/allocations responded 204 in 4.1470 ms
2026-06-14 12:09:36.169 +05:30 [INF] HTTP GET /api/v1/allocations responded 401 in 275.9130 ms
2026-06-14 12:09:36.219 +05:30 [INF] HTTP OPTIONS /api/v1/auth/refresh-token responded 204 in 0.1474 ms
2026-06-14 12:09:36.624 +05:30 [INF] WMS Request: RefreshTokenCommand {"AccessToken":"eyJhbGciOiJIUzI1NiIsInR5cCI6IkpXVCJ9.eyJzdWIiOiIxIiwidW5pcXVlX25hbWUiOiJhZG1pbiIsImh0dHA6Ly9zY2hlbWFzLm1pY3Jvc29mdC5jb20vd3MvMjAwOC8wNi9pZGVudGl0eS9jbGFpbXMvcm9sZSI6IkFkbWluIiwiZW1wbG95ZWVJZCI6IjYiLCJqdGkiOiI1N2UwNzJjYi1hOGU3LTRiZDktOGY3MC1lYWJkODgzZjBiMjgiLCJleHAiOjE3ODEzOTY3MDAsImlzcyI6IldNUy5BUEkiLCJhdWQiOiJXTVMuQ2xpZW50In0.QDiGVlA_FnR5-17NUHnQAoA43FQml6aGkFyhjoPGqJ0","RefreshToken":"UYWQT1VbYz0Q6RVwupI13N48+KfqiIeKdgNA+KWT2zyVppTS7TthnNphFtM7z3qi02AzqBuyxyb06WE5IH0DYA==","$type":"RefreshTokenCommand"}
2026-06-14 12:09:37.634 +05:30 [ERR] HTTP POST /api/v1/auth/refresh-token responded 500 in 1403.0189 ms
Microsoft.Data.SqlClient.SqlException (0x80131904): A severe error occurred on the current command.  The results, if any, should be discarded.
Operation cancelled by user.
   at System.Threading.Tasks.ContinuationResultTaskFromResultTask`2.InnerInvoke()
   at System.Threading.ExecutionContext.RunInternal(ExecutionContext executionContext, ContextCallback callback, Object state)
--- End of stack trace from previous location ---
   at System.Threading.ExecutionContext.RunInternal(ExecutionContext executionContext, ContextCallback callback, Object state)
   at System.Threading.Tasks.Task.ExecuteWithThreadLocal(Task& currentTaskSlot, Thread threadPoolThread)
--- End of stack trace from previous location ---
   at Microsoft.EntityFrameworkCore.Storage.RelationalCommand.ExecuteReaderAsync(RelationalCommandParameterObject parameterObject, CancellationToken cancellationToken)
   at Microsoft.EntityFrameworkCore.Storage.RelationalCommand.ExecuteReaderAsync(RelationalCommandParameterObject parameterObject, CancellationToken cancellationToken)
   at Microsoft.EntityFrameworkCore.Query.Internal.SingleQueryingEnumerable`1.AsyncEnumerator.InitializeReaderAsync(AsyncEnumerator enumerator, CancellationToken cancellationToken)
   at Microsoft.EntityFrameworkCore.Storage.ExecutionStrategy.<>c__DisplayClass30_0`2.<<ExecuteAsync>b__0>d.MoveNext()
--- End of stack trace from previous location ---
   at Microsoft.EntityFrameworkCore.Storage.ExecutionStrategy.ExecuteImplementationAsync[TState,TResult](Func`4 operation, Func`4 verifySucceeded, TState state, CancellationToken cancellationToken)
   at Microsoft.EntityFrameworkCore.Storage.ExecutionStrategy.ExecuteImplementationAsync[TState,TResult](Func`4 operation, Func`4 verifySucceeded, TState state, CancellationToken cancellationToken)
   at Microsoft.EntityFrameworkCore.Storage.ExecutionStrategy.ExecuteAsync[TState,TResult](TState state, Func`4 operation, Func`4 verifySucceeded, CancellationToken cancellationToken)
   at Microsoft.EntityFrameworkCore.Query.Internal.SingleQueryingEnumerable`1.AsyncEnumerator.MoveNextAsync()
   at Microsoft.EntityFrameworkCore.Query.ShapedQueryCompilingExpressionVisitor.SingleOrDefaultAsync[TSource](IAsyncEnumerable`1 asyncEnumerable, CancellationToken cancellationToken)
   at Microsoft.EntityFrameworkCore.Query.ShapedQueryCompilingExpressionVisitor.SingleOrDefaultAsync[TSource](IAsyncEnumerable`1 asyncEnumerable, CancellationToken cancellationToken)
   at WMS.Application.Features.Auth.Commands.RefreshTokenCommandHandler.Handle(RefreshTokenCommand request, CancellationToken ct) in C:\Users\Hardik\Desktop\WMS-Solution\src\WMS.Application\Features\Auth\Commands\RefreshTokenCommand.cs:line 35
   at WMS.Application.Common.Behaviours.PerformanceBehaviour`2.Handle(TRequest request, RequestHandlerDelegate`1 next, CancellationToken ct) in C:\Users\Hardik\Desktop\WMS-Solution\src\WMS.Application\Common\Behaviours\PerformanceBehaviour.cs:line 22
   at WMS.Application.Common.Behaviours.ValidationBehaviour`2.Handle(TRequest request, RequestHandlerDelegate`1 next, CancellationToken ct) in C:\Users\Hardik\Desktop\WMS-Solution\src\WMS.Application\Common\Behaviours\ValidationBehaviour.cs:line 20
   at WMS.Application.Common.Behaviours.LoggingBehaviour`2.Handle(TRequest request, RequestHandlerDelegate`1 next, CancellationToken ct) in C:\Users\Hardik\Desktop\WMS-Solution\src\WMS.Application\Common\Behaviours\LoggingBehaviour.cs:line 22
   at WMS.API.Controllers.v1.AuthController.RefreshToken(RefreshTokenCommand command, CancellationToken ct) in C:\Users\Hardik\Desktop\WMS-Solution\src\WMS.API\Controllers\v1\AuthController.cs:line 38
   at Microsoft.AspNetCore.Mvc.Infrastructure.ActionMethodExecutor.TaskOfIActionResultExecutor.Execute(ActionContext actionContext, IActionResultTypeMapper mapper, ObjectMethodExecutor executor, Object controller, Object[] arguments)
   at Microsoft.AspNetCore.Mvc.Infrastructure.ControllerActionInvoker.<InvokeActionMethodAsync>g__Awaited|12_0(ControllerActionInvoker invoker, ValueTask`1 actionResultValueTask)
   at Microsoft.AspNetCore.Mvc.Infrastructure.ControllerActionInvoker.<InvokeNextActionFilterAsync>g__Awaited|10_0(ControllerActionInvoker invoker, Task lastTask, State next, Scope scope, Object state, Boolean isCompleted)
   at Microsoft.AspNetCore.Mvc.Infrastructure.ControllerActionInvoker.Rethrow(ActionExecutedContextSealed context)
   at Microsoft.AspNetCore.Mvc.Infrastructure.ControllerActionInvoker.Next(State& next, Scope& scope, Object& state, Boolean& isCompleted)
   at Microsoft.AspNetCore.Mvc.Infrastructure.ControllerActionInvoker.<InvokeInnerFilterAsync>g__Awaited|13_0(ControllerActionInvoker invoker, Task lastTask, State next, Scope scope, Object state, Boolean isCompleted)
   at Microsoft.AspNetCore.Mvc.Infrastructure.ResourceInvoker.<InvokeFilterPipelineAsync>g__Awaited|20_0(ResourceInvoker invoker, Task lastTask, State next, Scope scope, Object state, Boolean isCompleted)
   at Microsoft.AspNetCore.Mvc.Infrastructure.ResourceInvoker.<InvokeAsync>g__Awaited|17_0(ResourceInvoker invoker, Task task, IDisposable scope)
   at Microsoft.AspNetCore.Mvc.Infrastructure.ResourceInvoker.<InvokeAsync>g__Awaited|17_0(ResourceInvoker invoker, Task task, IDisposable scope)
   at Microsoft.AspNetCore.Authorization.AuthorizationMiddleware.Invoke(HttpContext context)
   at Microsoft.AspNetCore.Authentication.AuthenticationMiddleware.Invoke(HttpContext context)
   at Serilog.AspNetCore.RequestLoggingMiddleware.Invoke(HttpContext httpContext)
ClientConnectionId:5d9f6a8e-cc09-463f-b36f-bb438e65ec9b
2026-06-14 12:09:37.769 +05:30 [ERR] An unhandled exception occurred: A severe error occurred on the current command.  The results, if any, should be discarded.
Operation cancelled by user.
Microsoft.Data.SqlClient.SqlException (0x80131904): A severe error occurred on the current command.  The results, if any, should be discarded.
Operation cancelled by user.
   at System.Threading.Tasks.ContinuationResultTaskFromResultTask`2.InnerInvoke()
   at System.Threading.ExecutionContext.RunInternal(ExecutionContext executionContext, ContextCallback callback, Object state)
--- End of stack trace from previous location ---
   at System.Threading.ExecutionContext.RunInternal(ExecutionContext executionContext, ContextCallback callback, Object state)
   at System.Threading.Tasks.Task.ExecuteWithThreadLocal(Task& currentTaskSlot, Thread threadPoolThread)
--- End of stack trace from previous location ---
   at Microsoft.EntityFrameworkCore.Storage.RelationalCommand.ExecuteReaderAsync(RelationalCommandParameterObject parameterObject, CancellationToken cancellationToken)
   at Microsoft.EntityFrameworkCore.Storage.RelationalCommand.ExecuteReaderAsync(RelationalCommandParameterObject parameterObject, CancellationToken cancellationToken)
   at Microsoft.EntityFrameworkCore.Query.Internal.SingleQueryingEnumerable`1.AsyncEnumerator.InitializeReaderAsync(AsyncEnumerator enumerator, CancellationToken cancellationToken)
   at Microsoft.EntityFrameworkCore.Storage.ExecutionStrategy.<>c__DisplayClass30_0`2.<<ExecuteAsync>b__0>d.MoveNext()
--- End of stack trace from previous location ---
   at Microsoft.EntityFrameworkCore.Storage.ExecutionStrategy.ExecuteImplementationAsync[TState,TResult](Func`4 operation, Func`4 verifySucceeded, TState state, CancellationToken cancellationToken)
   at Microsoft.EntityFrameworkCore.Storage.ExecutionStrategy.ExecuteImplementationAsync[TState,TResult](Func`4 operation, Func`4 verifySucceeded, TState state, CancellationToken cancellationToken)
   at Microsoft.EntityFrameworkCore.Storage.ExecutionStrategy.ExecuteAsync[TState,TResult](TState state, Func`4 operation, Func`4 verifySucceeded, CancellationToken cancellationToken)
   at Microsoft.EntityFrameworkCore.Query.Internal.SingleQueryingEnumerable`1.AsyncEnumerator.MoveNextAsync()
   at Microsoft.EntityFrameworkCore.Query.ShapedQueryCompilingExpressionVisitor.SingleOrDefaultAsync[TSource](IAsyncEnumerable`1 asyncEnumerable, CancellationToken cancellationToken)
   at Microsoft.EntityFrameworkCore.Query.ShapedQueryCompilingExpressionVisitor.SingleOrDefaultAsync[TSource](IAsyncEnumerable`1 asyncEnumerable, CancellationToken cancellationToken)
   at WMS.Application.Features.Auth.Commands.RefreshTokenCommandHandler.Handle(RefreshTokenCommand request, CancellationToken ct) in C:\Users\Hardik\Desktop\WMS-Solution\src\WMS.Application\Features\Auth\Commands\RefreshTokenCommand.cs:line 35
   at WMS.Application.Common.Behaviours.PerformanceBehaviour`2.Handle(TRequest request, RequestHandlerDelegate`1 next, CancellationToken ct) in C:\Users\Hardik\Desktop\WMS-Solution\src\WMS.Application\Common\Behaviours\PerformanceBehaviour.cs:line 22
   at WMS.Application.Common.Behaviours.ValidationBehaviour`2.Handle(TRequest request, RequestHandlerDelegate`1 next, CancellationToken ct) in C:\Users\Hardik\Desktop\WMS-Solution\src\WMS.Application\Common\Behaviours\ValidationBehaviour.cs:line 20
   at WMS.Application.Common.Behaviours.LoggingBehaviour`2.Handle(TRequest request, RequestHandlerDelegate`1 next, CancellationToken ct) in C:\Users\Hardik\Desktop\WMS-Solution\src\WMS.Application\Common\Behaviours\LoggingBehaviour.cs:line 22
   at WMS.API.Controllers.v1.AuthController.RefreshToken(RefreshTokenCommand command, CancellationToken ct) in C:\Users\Hardik\Desktop\WMS-Solution\src\WMS.API\Controllers\v1\AuthController.cs:line 38
   at Microsoft.AspNetCore.Mvc.Infrastructure.ActionMethodExecutor.TaskOfIActionResultExecutor.Execute(ActionContext actionContext, IActionResultTypeMapper mapper, ObjectMethodExecutor executor, Object controller, Object[] arguments)
   at Microsoft.AspNetCore.Mvc.Infrastructure.ControllerActionInvoker.<InvokeActionMethodAsync>g__Awaited|12_0(ControllerActionInvoker invoker, ValueTask`1 actionResultValueTask)
   at Microsoft.AspNetCore.Mvc.Infrastructure.ControllerActionInvoker.<InvokeNextActionFilterAsync>g__Awaited|10_0(ControllerActionInvoker invoker, Task lastTask, State next, Scope scope, Object state, Boolean isCompleted)
   at Microsoft.AspNetCore.Mvc.Infrastructure.ControllerActionInvoker.Rethrow(ActionExecutedContextSealed context)
   at Microsoft.AspNetCore.Mvc.Infrastructure.ControllerActionInvoker.Next(State& next, Scope& scope, Object& state, Boolean& isCompleted)
   at Microsoft.AspNetCore.Mvc.Infrastructure.ControllerActionInvoker.<InvokeInnerFilterAsync>g__Awaited|13_0(ControllerActionInvoker invoker, Task lastTask, State next, Scope scope, Object state, Boolean isCompleted)
   at Microsoft.AspNetCore.Mvc.Infrastructure.ResourceInvoker.<InvokeFilterPipelineAsync>g__Awaited|20_0(ResourceInvoker invoker, Task lastTask, State next, Scope scope, Object state, Boolean isCompleted)
   at Microsoft.AspNetCore.Mvc.Infrastructure.ResourceInvoker.<InvokeAsync>g__Awaited|17_0(ResourceInvoker invoker, Task task, IDisposable scope)
   at Microsoft.AspNetCore.Mvc.Infrastructure.ResourceInvoker.<InvokeAsync>g__Awaited|17_0(ResourceInvoker invoker, Task task, IDisposable scope)
   at Microsoft.AspNetCore.Authorization.AuthorizationMiddleware.Invoke(HttpContext context)
   at Microsoft.AspNetCore.Authentication.AuthenticationMiddleware.Invoke(HttpContext context)
   at Serilog.AspNetCore.RequestLoggingMiddleware.Invoke(HttpContext httpContext)
   at Swashbuckle.AspNetCore.SwaggerUI.SwaggerUIMiddleware.Invoke(HttpContext httpContext)
   at Swashbuckle.AspNetCore.Swagger.SwaggerMiddleware.Invoke(HttpContext httpContext, ISwaggerProvider swaggerProvider)
   at WMS.API.Middleware.GlobalExceptionMiddleware.InvokeAsync(HttpContext context) in C:\Users\Hardik\Desktop\WMS-Solution\src\WMS.API\Middleware\GlobalExceptionMiddleware.cs:line 26
ClientConnectionId:5d9f6a8e-cc09-463f-b36f-bb438e65ec9b
2026-06-14 12:09:57.603 +05:30 [INF] HTTP OPTIONS /api/v1/auth/login responded 204 in 0.0520 ms
2026-06-14 12:09:57.676 +05:30 [INF] WMS Request: LoginCommand {"Username":"admin","Password":"Admin@123","$type":"LoginCommand"}
2026-06-14 12:09:58.585 +05:30 [WRN] WMS Long Running Request: LoginCommand (885ms) {"Username":"admin","Password":"Admin@123","$type":"LoginCommand"}
2026-06-14 12:09:58.590 +05:30 [INF] WMS Response: LoginCommand {"AccessToken":"eyJhbGciOiJIUzI1NiIsInR5cCI6IkpXVCJ9.eyJzdWIiOiIxIiwidW5pcXVlX25hbWUiOiJhZG1pbiIsImh0dHA6Ly9zY2hlbWFzLm1pY3Jvc29mdC5jb20vd3MvMjAwOC8wNi9pZGVudGl0eS9jbGFpbXMvcm9sZSI6IkFkbWluIiwiZW1wbG95ZWVJZCI6IjYiLCJqdGkiOiIyNTUzNGZiNS1lNjczLTQ4ODItYTE1Zi0wMjMyZGIyYTllODciLCJleHAiOjE3ODE0MjI3OTgsImlzcyI6IldNUy5BUEkiLCJhdWQiOiJXTVMuQ2xpZW50In0.H17gPV1AKTQPPeDZg4CNazSsgiizOmfwhRqpgjnvLfk","RefreshToken":"PAz0egmA930x7uVDQJPjhQFobe06LElJFJCIRhmOFq5j4MisqDSN3ys3pDGo+OKRtb60s7pqqOU84Psv1VAjWQ==","ExpiresAt":"2026-06-14T07:39:58.5837909Z","Username":"admin","Role":"Admin","EmployeeId":6,"$type":"LoginResponse"}
2026-06-14 12:09:58.622 +05:30 [INF] HTTP POST /api/v1/auth/login responded 200 in 1011.5055 ms
2026-06-14 12:09:58.694 +05:30 [INF] HTTP OPTIONS /api/v1/dashboard/summary responded 204 in 0.0338 ms
2026-06-14 12:09:58.705 +05:30 [INF] WMS Request: GetDashboardSummaryQuery {"$type":"GetDashboardSummaryQuery"}
2026-06-14 12:09:58.943 +05:30 [INF] WMS Response: GetDashboardSummaryQuery {"TotalEmployees":6,"ActiveEmployees":4,"TotalDepartments":4,"TotalProjects":4,"ActiveProjects":3,"TotalClients":4,"TodayAttendanceCount":0,"PendingLeaves":1,"AttendanceTrend":[{"Date":"Jun 08","Present":1,"Absent":0,"WFH":1,"WFO":0,"$type":"AttendanceTrendDto"},{"Date":"Jun 09","Present":1,"Absent":0,"WFH":0,"WFO":1,"$type":"AttendanceTrendDto"},{"Date":"Jun 10","Present":1,"Absent":0,"WFH":1,"WFO":0,"$type":"AttendanceTrendDto"},{"Date":"Jun 11","Present":1,"Absent":0,"WFH":0,"WFO":1,"$type":"AttendanceTrendDto"},{"Date":"Jun 12","Present":1,"Absent":0,"WFH":1,"WFO":0,"$type":"AttendanceTrendDto"},{"Date":"Jun 13","Present":3,"Absent":0,"WFH":1,"WFO":2,"$type":"AttendanceTrendDto"}],"LeaveTrend":[{"Month":"2/2026","Approved":1,"Pending":0,"Rejected":0,"$type":"LeaveTrendDto"},{"Month":"3/2026","Approved":0,"Pending":0,"Rejected":1,"$type":"LeaveTrendDto"},{"Month":"4/2026","Approved":0,"Pending":0,"Rejected":1,"$type":"LeaveTrendDto"},{"Month":"5/2026","Approved":1,"Pending":0,"Rejected":0,"$type":"LeaveTrendDto"},{"Month":"6/2026","Approved":4,"Pending":1,"Rejected":2,"$type":"LeaveTrendDto"}],"DepartmentDistribution":[{"DepartmentName":"HR","EmployeeCount":1,"$type":"DepartmentDistributionDto"},{"DepartmentName":"Finance","EmployeeCount":1,"$type":"DepartmentDistributionDto"},{"DepartmentName":"Operations","EmployeeCount":1,"$type":"DepartmentDistributionDto"},{"DepartmentName":"AI-DS","EmployeeCount":1,"$type":"DepartmentDistributionDto"}],"ProjectStatusDistribution":[{"Status":"Active","Count":3,"$type":"ProjectStatusDto"},{"Status":"Completed","Count":1,"$type":"ProjectStatusDto"}],"RecentAnnouncements":[{"AnnouncementId":2,"Title":"Holiday","Message":"Office holiday next week yesss","CreatedBy":0,"CreatedByName":"Hardik Patel","CreatedOn":"2026-06-13T02:26:06.7300000","IsActive":true,"$type":"AnnouncementDto"},{"AnnouncementId":3,"Title":"Meeting","Message":"Monthly review meeting","CreatedBy":0,"CreatedByName":"Hardik Patel","CreatedOn":"2026-06-13T02:26:06.7300000","IsActive":true,"$type":"AnnouncementDto"},{"AnnouncementId":4,"Title":"Policy Update","Message":"New HR policy released","CreatedBy":0,"CreatedByName":"Hardik Patel","CreatedOn":"2026-06-13T02:26:06.7300000","IsActive":true,"$type":"AnnouncementDto"},{"AnnouncementId":5,"Title":"Training","Message":"AI training scheduled","CreatedBy":0,"CreatedByName":"Hardik Patel","CreatedOn":"2026-06-13T02:26:06.7300000","IsActive":true,"$type":"AnnouncementDto"}],"$type":"DashboardSummaryDto"}
2026-06-14 12:09:59.082 +05:30 [INF] HTTP GET /api/v1/dashboard/summary responded 200 in 380.8229 ms
2026-06-14 12:10:03.241 +05:30 [INF] HTTP OPTIONS /api/v1/departments responded 204 in 0.4736 ms
2026-06-14 12:10:03.243 +05:30 [INF] HTTP OPTIONS /api/v1/employees responded 204 in 0.0424 ms
2026-06-14 12:10:03.251 +05:30 [INF] WMS Request: GetDepartmentsQuery {"$type":"GetDepartmentsQuery"}
2026-06-14 12:10:03.255 +05:30 [INF] WMS Request: GetEmployeesQuery {"Search":null,"DepartmentId":null,"RoleId":null,"Status":"Active","PageNumber":1,"PageSize":10,"$type":"GetEmployeesQuery"}
2026-06-14 12:10:03.285 +05:30 [INF] WMS Response: GetDepartmentsQuery [{"DepartmentId":1,"DepartmentName":"HR","Description":"Human Resourcesss","EmployeeCount":2,"CreatedOn":"2024-01-01T00:00:00.0000000","$type":"DepartmentDto"},{"DepartmentId":3,"DepartmentName":"Finance","Description":"Finance & Accounts","EmployeeCount":1,"CreatedOn":"2024-01-01T00:00:00.0000000","$type":"DepartmentDto"},{"DepartmentId":4,"DepartmentName":"Operations","Description":"Business Operations","EmployeeCount":1,"CreatedOn":"2024-01-01T00:00:00.0000000","$type":"DepartmentDto"},{"DepartmentId":5,"DepartmentName":"AI-DS","Description":"artificial intelligence and data science","EmployeeCount":2,"CreatedOn":"2026-06-11T15:03:13.6443056","$type":"DepartmentDto"}]
2026-06-14 12:10:03.322 +05:30 [INF] HTTP GET /api/v1/departments responded 200 in 74.0130 ms
2026-06-14 12:10:03.323 +05:30 [INF] WMS Response: GetEmployeesQuery {"Items":[{"EmployeeId":3,"FirstName":"hardik","LastName":"maloo","FullName":"hardik maloo","Email":"hardikmaloo21@gmail.com","PhoneNumber":"8107663009","Gender":"Male","DOB":"2004-06-21T00:00:00.0000000","DOJ":"2026-06-04T00:00:00.0000000","DepartmentId":5,"DepartmentName":"AI-DS","RoleId":3,"RoleName":"Employee","Status":"Active","CreatedOn":"2026-06-12T23:10:13.1851457","UpdatedOn":null,"$type":"EmployeeDto"},{"EmployeeId":2,"FirstName":"harsh","LastName":"rathore","FullName":"harsh rathore","Email":"harsh@gmail.com","PhoneNumber":"7976681235","Gender":"Male","DOB":"2005-07-03T00:00:00.0000000","DOJ":"2026-06-12T00:00:00.0000000","DepartmentId":3,"DepartmentName":"Finance","RoleId":1,"RoleName":"Admin","Status":"Active","CreatedOn":"2026-06-12T21:25:47.5693795","UpdatedOn":"2026-06-12T23:08:27.1985056","$type":"EmployeeDto"},{"EmployeeId":5,"FirstName":"lakshya","LastName":"sharma","FullName":"lakshya sharma","Email":"lakshya@gmail.com","PhoneNumber":"8946456765","Gender":"Male","DOB":"2005-03-14T00:00:00.0000000","DOJ":"2026-04-08T00:00:00.0000000","DepartmentId":4,"DepartmentName":"Operations","RoleId":3,"RoleName":"Employee","Status":"Active","CreatedOn":"2026-06-13T08:09:44.8928080","UpdatedOn":null,"$type":"EmployeeDto"},{"EmployeeId":6,"FirstName":"System","LastName":"Admin","FullName":"System Admin","Email":"admin@wms.com","PhoneNumber":"9999999999","Gender":"Male","DOB":"1990-01-01T00:00:00.0000000","DOJ":"2026-06-13T19:06:47.4733333","DepartmentId":1,"DepartmentName":"HR","RoleId":1,"RoleName":"Admin","Status":"Active","CreatedOn":"2026-06-13T19:06:47.4733333","UpdatedOn":null,"$type":"EmployeeDto"}],"TotalCount":4,"PageNumber":1,"PageSize":10,"TotalPages":1,"HasPreviousPage":false,"HasNextPage":false,"$type":"PagedResult`1"}
2026-06-14 12:10:03.403 +05:30 [INF] HTTP GET /api/v1/employees responded 200 in 151.4791 ms
2026-06-14 12:10:04.537 +05:30 [INF] WMS Request: GetDepartmentsQuery {"$type":"GetDepartmentsQuery"}
2026-06-14 12:10:04.553 +05:30 [INF] WMS Response: GetDepartmentsQuery [{"DepartmentId":1,"DepartmentName":"HR","Description":"Human Resourcesss","EmployeeCount":2,"CreatedOn":"2024-01-01T00:00:00.0000000","$type":"DepartmentDto"},{"DepartmentId":3,"DepartmentName":"Finance","Description":"Finance & Accounts","EmployeeCount":1,"CreatedOn":"2024-01-01T00:00:00.0000000","$type":"DepartmentDto"},{"DepartmentId":4,"DepartmentName":"Operations","Description":"Business Operations","EmployeeCount":1,"CreatedOn":"2024-01-01T00:00:00.0000000","$type":"DepartmentDto"},{"DepartmentId":5,"DepartmentName":"AI-DS","Description":"artificial intelligence and data science","EmployeeCount":2,"CreatedOn":"2026-06-11T15:03:13.6443056","$type":"DepartmentDto"}]
2026-06-14 12:10:04.585 +05:30 [INF] HTTP GET /api/v1/departments responded 200 in 48.4502 ms
2026-06-14 12:10:06.174 +05:30 [INF] WMS Request: GetDepartmentsQuery {"$type":"GetDepartmentsQuery"}
2026-06-14 12:10:06.174 +05:30 [INF] WMS Request: GetEmployeesQuery {"Search":null,"DepartmentId":null,"RoleId":null,"Status":"Active","PageNumber":1,"PageSize":10,"$type":"GetEmployeesQuery"}
2026-06-14 12:10:06.201 +05:30 [INF] WMS Response: GetDepartmentsQuery [{"DepartmentId":1,"DepartmentName":"HR","Description":"Human Resourcesss","EmployeeCount":2,"CreatedOn":"2024-01-01T00:00:00.0000000","$type":"DepartmentDto"},{"DepartmentId":3,"DepartmentName":"Finance","Description":"Finance & Accounts","EmployeeCount":1,"CreatedOn":"2024-01-01T00:00:00.0000000","$type":"DepartmentDto"},{"DepartmentId":4,"DepartmentName":"Operations","Description":"Business Operations","EmployeeCount":1,"CreatedOn":"2024-01-01T00:00:00.0000000","$type":"DepartmentDto"},{"DepartmentId":5,"DepartmentName":"AI-DS","Description":"artificial intelligence and data science","EmployeeCount":2,"CreatedOn":"2026-06-11T15:03:13.6443056","$type":"DepartmentDto"}]
2026-06-14 12:10:06.223 +05:30 [INF] WMS Response: GetEmployeesQuery {"Items":[{"EmployeeId":3,"FirstName":"hardik","LastName":"maloo","FullName":"hardik maloo","Email":"hardikmaloo21@gmail.com","PhoneNumber":"8107663009","Gender":"Male","DOB":"2004-06-21T00:00:00.0000000","DOJ":"2026-06-04T00:00:00.0000000","DepartmentId":5,"DepartmentName":"AI-DS","RoleId":3,"RoleName":"Employee","Status":"Active","CreatedOn":"2026-06-12T23:10:13.1851457","UpdatedOn":null,"$type":"EmployeeDto"},{"EmployeeId":2,"FirstName":"harsh","LastName":"rathore","FullName":"harsh rathore","Email":"harsh@gmail.com","PhoneNumber":"7976681235","Gender":"Male","DOB":"2005-07-03T00:00:00.0000000","DOJ":"2026-06-12T00:00:00.0000000","DepartmentId":3,"DepartmentName":"Finance","RoleId":1,"RoleName":"Admin","Status":"Active","CreatedOn":"2026-06-12T21:25:47.5693795","UpdatedOn":"2026-06-12T23:08:27.1985056","$type":"EmployeeDto"},{"EmployeeId":5,"FirstName":"lakshya","LastName":"sharma","FullName":"lakshya sharma","Email":"lakshya@gmail.com","PhoneNumber":"8946456765","Gender":"Male","DOB":"2005-03-14T00:00:00.0000000","DOJ":"2026-04-08T00:00:00.0000000","DepartmentId":4,"DepartmentName":"Operations","RoleId":3,"RoleName":"Employee","Status":"Active","CreatedOn":"2026-06-13T08:09:44.8928080","UpdatedOn":null,"$type":"EmployeeDto"},{"EmployeeId":6,"FirstName":"System","LastName":"Admin","FullName":"System Admin","Email":"admin@wms.com","PhoneNumber":"9999999999","Gender":"Male","DOB":"1990-01-01T00:00:00.0000000","DOJ":"2026-06-13T19:06:47.4733333","DepartmentId":1,"DepartmentName":"HR","RoleId":1,"RoleName":"Admin","Status":"Active","CreatedOn":"2026-06-13T19:06:47.4733333","UpdatedOn":null,"$type":"EmployeeDto"}],"TotalCount":4,"PageNumber":1,"PageSize":10,"TotalPages":1,"HasPreviousPage":false,"HasNextPage":false,"$type":"PagedResult`1"}
2026-06-14 12:10:06.232 +05:30 [INF] HTTP GET /api/v1/departments responded 200 in 58.7784 ms
2026-06-14 12:10:06.308 +05:30 [INF] HTTP GET /api/v1/employees responded 200 in 134.1199 ms
2026-06-14 12:10:09.666 +05:30 [INF] HTTP OPTIONS /api/v1/departments responded 204 in 0.0240 ms
2026-06-14 12:10:09.674 +05:30 [INF] WMS Request: GetDepartmentsQuery {"$type":"GetDepartmentsQuery"}
2026-06-14 12:10:09.687 +05:30 [INF] WMS Response: GetDepartmentsQuery [{"DepartmentId":1,"DepartmentName":"HR","Description":"Human Resourcesss","EmployeeCount":2,"CreatedOn":"2024-01-01T00:00:00.0000000","$type":"DepartmentDto"},{"DepartmentId":3,"DepartmentName":"Finance","Description":"Finance & Accounts","EmployeeCount":1,"CreatedOn":"2024-01-01T00:00:00.0000000","$type":"DepartmentDto"},{"DepartmentId":4,"DepartmentName":"Operations","Description":"Business Operations","EmployeeCount":1,"CreatedOn":"2024-01-01T00:00:00.0000000","$type":"DepartmentDto"},{"DepartmentId":5,"DepartmentName":"AI-DS","Description":"artificial intelligence and data science","EmployeeCount":2,"CreatedOn":"2026-06-11T15:03:13.6443056","$type":"DepartmentDto"}]
2026-06-14 12:10:09.712 +05:30 [INF] HTTP GET /api/v1/departments responded 200 in 37.8661 ms
2026-06-14 12:10:10.888 +05:30 [INF] HTTP OPTIONS /api/v1/employees responded 204 in 0.0289 ms
2026-06-14 12:10:10.889 +05:30 [INF] WMS Request: GetDepartmentsQuery {"$type":"GetDepartmentsQuery"}
2026-06-14 12:10:10.898 +05:30 [INF] WMS Request: GetEmployeesQuery {"Search":null,"DepartmentId":null,"RoleId":null,"Status":"Active","PageNumber":1,"PageSize":10,"$type":"GetEmployeesQuery"}
2026-06-14 12:10:10.906 +05:30 [INF] WMS Response: GetDepartmentsQuery [{"DepartmentId":1,"DepartmentName":"HR","Description":"Human Resourcesss","EmployeeCount":2,"CreatedOn":"2024-01-01T00:00:00.0000000","$type":"DepartmentDto"},{"DepartmentId":3,"DepartmentName":"Finance","Description":"Finance & Accounts","EmployeeCount":1,"CreatedOn":"2024-01-01T00:00:00.0000000","$type":"DepartmentDto"},{"DepartmentId":4,"DepartmentName":"Operations","Description":"Business Operations","EmployeeCount":1,"CreatedOn":"2024-01-01T00:00:00.0000000","$type":"DepartmentDto"},{"DepartmentId":5,"DepartmentName":"AI-DS","Description":"artificial intelligence and data science","EmployeeCount":2,"CreatedOn":"2026-06-11T15:03:13.6443056","$type":"DepartmentDto"}]
2026-06-14 12:10:10.931 +05:30 [INF] WMS Response: GetEmployeesQuery {"Items":[{"EmployeeId":3,"FirstName":"hardik","LastName":"maloo","FullName":"hardik maloo","Email":"hardikmaloo21@gmail.com","PhoneNumber":"8107663009","Gender":"Male","DOB":"2004-06-21T00:00:00.0000000","DOJ":"2026-06-04T00:00:00.0000000","DepartmentId":5,"DepartmentName":"AI-DS","RoleId":3,"RoleName":"Employee","Status":"Active","CreatedOn":"2026-06-12T23:10:13.1851457","UpdatedOn":null,"$type":"EmployeeDto"},{"EmployeeId":2,"FirstName":"harsh","LastName":"rathore","FullName":"harsh rathore","Email":"harsh@gmail.com","PhoneNumber":"7976681235","Gender":"Male","DOB":"2005-07-03T00:00:00.0000000","DOJ":"2026-06-12T00:00:00.0000000","DepartmentId":3,"DepartmentName":"Finance","RoleId":1,"RoleName":"Admin","Status":"Active","CreatedOn":"2026-06-12T21:25:47.5693795","UpdatedOn":"2026-06-12T23:08:27.1985056","$type":"EmployeeDto"},{"EmployeeId":5,"FirstName":"lakshya","LastName":"sharma","FullName":"lakshya sharma","Email":"lakshya@gmail.com","PhoneNumber":"8946456765","Gender":"Male","DOB":"2005-03-14T00:00:00.0000000","DOJ":"2026-04-08T00:00:00.0000000","DepartmentId":4,"DepartmentName":"Operations","RoleId":3,"RoleName":"Employee","Status":"Active","CreatedOn":"2026-06-13T08:09:44.8928080","UpdatedOn":null,"$type":"EmployeeDto"},{"EmployeeId":6,"FirstName":"System","LastName":"Admin","FullName":"System Admin","Email":"admin@wms.com","PhoneNumber":"9999999999","Gender":"Male","DOB":"1990-01-01T00:00:00.0000000","DOJ":"2026-06-13T19:06:47.4733333","DepartmentId":1,"DepartmentName":"HR","RoleId":1,"RoleName":"Admin","Status":"Active","CreatedOn":"2026-06-13T19:06:47.4733333","UpdatedOn":null,"$type":"EmployeeDto"}],"TotalCount":4,"PageNumber":1,"PageSize":10,"TotalPages":1,"HasPreviousPage":false,"HasNextPage":false,"$type":"PagedResult`1"}
2026-06-14 12:10:10.940 +05:30 [INF] HTTP GET /api/v1/departments responded 200 in 51.3263 ms
2026-06-14 12:10:11.011 +05:30 [INF] HTTP GET /api/v1/employees responded 200 in 115.9271 ms
2026-06-14 12:10:12.702 +05:30 [INF] HTTP OPTIONS /api/v1/roles responded 204 in 0.0191 ms
2026-06-14 12:10:12.702 +05:30 [INF] WMS Request: GetDepartmentsQuery {"$type":"GetDepartmentsQuery"}
2026-06-14 12:10:12.709 +05:30 [INF] WMS Request: GetRolesQuery {"$type":"GetRolesQuery"}
2026-06-14 12:10:12.716 +05:30 [INF] WMS Response: GetDepartmentsQuery [{"DepartmentId":1,"DepartmentName":"HR","Description":"Human Resourcesss","EmployeeCount":2,"CreatedOn":"2024-01-01T00:00:00.0000000","$type":"DepartmentDto"},{"DepartmentId":3,"DepartmentName":"Finance","Description":"Finance & Accounts","EmployeeCount":1,"CreatedOn":"2024-01-01T00:00:00.0000000","$type":"DepartmentDto"},{"DepartmentId":4,"DepartmentName":"Operations","Description":"Business Operations","EmployeeCount":1,"CreatedOn":"2024-01-01T00:00:00.0000000","$type":"DepartmentDto"},{"DepartmentId":5,"DepartmentName":"AI-DS","Description":"artificial intelligence and data science","EmployeeCount":2,"CreatedOn":"2026-06-11T15:03:13.6443056","$type":"DepartmentDto"}]
2026-06-14 12:10:12.720 +05:30 [INF] WMS Response: GetRolesQuery [{"RoleId":1,"RoleName":"Admin","Description":"System Administrator","$type":"RoleDto"},{"RoleId":2,"RoleName":"Manager","Description":"Department Manager","$type":"RoleDto"},{"RoleId":3,"RoleName":"Employee","Description":"Regular Employee","$type":"RoleDto"}]
2026-06-14 12:10:12.749 +05:30 [INF] HTTP GET /api/v1/departments responded 200 in 46.9075 ms
2026-06-14 12:10:12.762 +05:30 [INF] HTTP GET /api/v1/roles responded 200 in 54.3830 ms
2026-06-14 12:11:10.920 +05:30 [INF] HTTP OPTIONS /api/v1/employees responded 204 in 0.0287 ms
2026-06-14 12:11:11.015 +05:30 [INF] WMS Request: CreateEmployeeCommand {"Dto":{"FirstName":"pulkit","LastName":"jain","Email":"pulkitjain@gmail.com","PhoneNumber":"7894561230","Gender":"Male","DOB":"2004-04-14T00:00:00.0000000","DOJ":"2026-06-14T00:00:00.0000000","DepartmentId":4,"RoleId":3,"Username":"pulkit","Password":"Pulkit@123","$type":"CreateEmployeeDto"},"$type":"CreateEmployeeCommand"}
2026-06-14 12:11:11.612 +05:30 [WRN] WMS Long Running Request: CreateEmployeeCommand (509ms) {"Dto":{"FirstName":"pulkit","LastName":"jain","Email":"pulkitjain@gmail.com","PhoneNumber":"7894561230","Gender":"Male","DOB":"2004-04-14T00:00:00.0000000","DOJ":"2026-06-14T00:00:00.0000000","DepartmentId":4,"RoleId":3,"Username":"pulkit","Password":"Pulkit@123","$type":"CreateEmployeeDto"},"$type":"CreateEmployeeCommand"}
2026-06-14 12:11:11.624 +05:30 [INF] WMS Response: CreateEmployeeCommand {"EmployeeId":7,"FirstName":"pulkit","LastName":"jain","FullName":"pulkit jain","Email":"pulkitjain@gmail.com","PhoneNumber":"7894561230","Gender":"Male","DOB":"2004-04-14T00:00:00.0000000","DOJ":"2026-06-14T00:00:00.0000000","DepartmentId":4,"DepartmentName":"Operations","RoleId":3,"RoleName":"Employee","Status":"Active","CreatedOn":"2026-06-14T06:41:11.1355668Z","UpdatedOn":null,"$type":"EmployeeDto"}
2026-06-14 12:11:11.744 +05:30 [INF] HTTP POST /api/v1/employees responded 201 in 820.8198 ms
2026-06-14 12:11:11.847 +05:30 [INF] HTTP OPTIONS /api/v1/departments responded 204 in 0.0211 ms
2026-06-14 12:11:11.849 +05:30 [INF] HTTP OPTIONS /api/v1/employees responded 204 in 0.0314 ms
2026-06-14 12:11:11.855 +05:30 [INF] WMS Request: GetDepartmentsQuery {"$type":"GetDepartmentsQuery"}
2026-06-14 12:11:11.858 +05:30 [INF] WMS Request: GetEmployeesQuery {"Search":null,"DepartmentId":null,"RoleId":null,"Status":"Active","PageNumber":1,"PageSize":10,"$type":"GetEmployeesQuery"}
2026-06-14 12:11:11.870 +05:30 [INF] WMS Response: GetDepartmentsQuery [{"DepartmentId":1,"DepartmentName":"HR","Description":"Human Resourcesss","EmployeeCount":2,"CreatedOn":"2024-01-01T00:00:00.0000000","$type":"DepartmentDto"},{"DepartmentId":3,"DepartmentName":"Finance","Description":"Finance & Accounts","EmployeeCount":1,"CreatedOn":"2024-01-01T00:00:00.0000000","$type":"DepartmentDto"},{"DepartmentId":4,"DepartmentName":"Operations","Description":"Business Operations","EmployeeCount":2,"CreatedOn":"2024-01-01T00:00:00.0000000","$type":"DepartmentDto"},{"DepartmentId":5,"DepartmentName":"AI-DS","Description":"artificial intelligence and data science","EmployeeCount":2,"CreatedOn":"2026-06-11T15:03:13.6443056","$type":"DepartmentDto"}]
2026-06-14 12:11:11.891 +05:30 [INF] WMS Response: GetEmployeesQuery {"Items":[{"EmployeeId":3,"FirstName":"hardik","LastName":"maloo","FullName":"hardik maloo","Email":"hardikmaloo21@gmail.com","PhoneNumber":"8107663009","Gender":"Male","DOB":"2004-06-21T00:00:00.0000000","DOJ":"2026-06-04T00:00:00.0000000","DepartmentId":5,"DepartmentName":"AI-DS","RoleId":3,"RoleName":"Employee","Status":"Active","CreatedOn":"2026-06-12T23:10:13.1851457","UpdatedOn":null,"$type":"EmployeeDto"},{"EmployeeId":2,"FirstName":"harsh","LastName":"rathore","FullName":"harsh rathore","Email":"harsh@gmail.com","PhoneNumber":"7976681235","Gender":"Male","DOB":"2005-07-03T00:00:00.0000000","DOJ":"2026-06-12T00:00:00.0000000","DepartmentId":3,"DepartmentName":"Finance","RoleId":1,"RoleName":"Admin","Status":"Active","CreatedOn":"2026-06-12T21:25:47.5693795","UpdatedOn":"2026-06-12T23:08:27.1985056","$type":"EmployeeDto"},{"EmployeeId":5,"FirstName":"lakshya","LastName":"sharma","FullName":"lakshya sharma","Email":"lakshya@gmail.com","PhoneNumber":"8946456765","Gender":"Male","DOB":"2005-03-14T00:00:00.0000000","DOJ":"2026-04-08T00:00:00.0000000","DepartmentId":4,"DepartmentName":"Operations","RoleId":3,"RoleName":"Employee","Status":"Active","CreatedOn":"2026-06-13T08:09:44.8928080","UpdatedOn":null,"$type":"EmployeeDto"},{"EmployeeId":7,"FirstName":"pulkit","LastName":"jain","FullName":"pulkit jain","Email":"pulkitjain@gmail.com","PhoneNumber":"7894561230","Gender":"Male","DOB":"2004-04-14T00:00:00.0000000","DOJ":"2026-06-14T00:00:00.0000000","DepartmentId":4,"DepartmentName":"Operations","RoleId":3,"RoleName":"Employee","Status":"Active","CreatedOn":"2026-06-14T06:41:11.1355668","UpdatedOn":null,"$type":"EmployeeDto"},{"EmployeeId":6,"FirstName":"System","LastName":"Admin","FullName":"System Admin","Email":"admin@wms.com","PhoneNumber":"9999999999","Gender":"Male","DOB":"1990-01-01T00:00:00.0000000","DOJ":"2026-06-13T19:06:47.4733333","DepartmentId":1,"DepartmentName":"HR","RoleId":1,"RoleName":"Admin","Status":"Active","CreatedOn":"2026-06-13T19:06:47.4733333","UpdatedOn":null,"$type":"EmployeeDto"}],"TotalCount":5,"PageNumber":1,"PageSize":10,"TotalPages":1,"HasPreviousPage":false,"HasNextPage":false,"$type":"PagedResult`1"}
2026-06-14 12:11:11.907 +05:30 [INF] HTTP GET /api/v1/departments responded 200 in 52.2083 ms
2026-06-14 12:11:11.996 +05:30 [INF] HTTP GET /api/v1/employees responded 200 in 138.2874 ms
2026-06-14 12:11:26.841 +05:30 [INF] HTTP OPTIONS /api/v1/departments responded 204 in 0.0299 ms
2026-06-14 12:11:26.849 +05:30 [INF] WMS Request: GetDepartmentsQuery {"$type":"GetDepartmentsQuery"}
2026-06-14 12:11:26.863 +05:30 [INF] WMS Response: GetDepartmentsQuery [{"DepartmentId":1,"DepartmentName":"HR","Description":"Human Resourcesss","EmployeeCount":2,"CreatedOn":"2024-01-01T00:00:00.0000000","$type":"DepartmentDto"},{"DepartmentId":3,"DepartmentName":"Finance","Description":"Finance & Accounts","EmployeeCount":1,"CreatedOn":"2024-01-01T00:00:00.0000000","$type":"DepartmentDto"},{"DepartmentId":4,"DepartmentName":"Operations","Description":"Business Operations","EmployeeCount":2,"CreatedOn":"2024-01-01T00:00:00.0000000","$type":"DepartmentDto"},{"DepartmentId":5,"DepartmentName":"AI-DS","Description":"artificial intelligence and data science","EmployeeCount":2,"CreatedOn":"2026-06-11T15:03:13.6443056","$type":"DepartmentDto"}]
2026-06-14 12:11:26.888 +05:30 [INF] HTTP GET /api/v1/departments responded 200 in 40.6874 ms
2026-06-14 12:11:29.021 +05:30 [INF] HTTP OPTIONS /api/v1/attendance/today responded 204 in 0.0329 ms
2026-06-14 12:11:29.021 +05:30 [INF] HTTP OPTIONS /api/v1/employees responded 204 in 0.0161 ms
2026-06-14 12:11:29.029 +05:30 [INF] WMS Request: GetTodayAttendanceQuery {"$type":"GetTodayAttendanceQuery"}
2026-06-14 12:11:29.033 +05:30 [INF] WMS Request: GetEmployeesQuery {"Search":null,"DepartmentId":null,"RoleId":null,"Status":null,"PageNumber":1,"PageSize":500,"$type":"GetEmployeesQuery"}
2026-06-14 12:11:29.054 +05:30 [INF] WMS Response: GetEmployeesQuery {"Items":[{"EmployeeId":4,"FirstName":"aditya","LastName":"batwara","FullName":"aditya batwara","Email":"aditya21@gmail.com","PhoneNumber":"7414040730","Gender":"Male","DOB":"2004-02-21T00:00:00.0000000","DOJ":"2026-04-07T00:00:00.0000000","DepartmentId":5,"DepartmentName":"AI-DS","RoleId":3,"RoleName":"Employee","Status":"Inactive","CreatedOn":"2026-06-12T23:12:11.5907684","UpdatedOn":"2026-06-13T12:36:11.3585878","$type":"EmployeeDto"},{"EmployeeId":1,"FirstName":"Hardik","LastName":"Patel","FullName":"Hardik Patel","Email":"hardik@test.com","PhoneNumber":"7737131410","Gender":"Male","DOB":"2004-06-21T00:00:00.0000000","DOJ":"2026-06-08T00:00:00.0000000","DepartmentId":1,"DepartmentName":"HR","RoleId":2,"RoleName":"Manager","Status":"Inactive","CreatedOn":"2026-06-11T15:03:58.6936554","UpdatedOn":"2026-06-13T23:49:09.2801027","$type":"EmployeeDto"},{"EmployeeId":3,"FirstName":"hardik","LastName":"maloo","FullName":"hardik maloo","Email":"hardikmaloo21@gmail.com","PhoneNumber":"8107663009","Gender":"Male","DOB":"2004-06-21T00:00:00.0000000","DOJ":"2026-06-04T00:00:00.0000000","DepartmentId":5,"DepartmentName":"AI-DS","RoleId":3,"RoleName":"Employee","Status":"Active","CreatedOn":"2026-06-12T23:10:13.1851457","UpdatedOn":null,"$type":"EmployeeDto"},{"EmployeeId":2,"FirstName":"harsh","LastName":"rathore","FullName":"harsh rathore","Email":"harsh@gmail.com","PhoneNumber":"7976681235","Gender":"Male","DOB":"2005-07-03T00:00:00.0000000","DOJ":"2026-06-12T00:00:00.0000000","DepartmentId":3,"DepartmentName":"Finance","RoleId":1,"RoleName":"Admin","Status":"Active","CreatedOn":"2026-06-12T21:25:47.5693795","UpdatedOn":"2026-06-12T23:08:27.1985056","$type":"EmployeeDto"},{"EmployeeId":5,"FirstName":"lakshya","LastName":"sharma","FullName":"lakshya sharma","Email":"lakshya@gmail.com","PhoneNumber":"8946456765","Gender":"Male","DOB":"2005-03-14T00:00:00.0000000","DOJ":"2026-04-08T00:00:00.0000000","DepartmentId":4,"DepartmentName":"Operations","RoleId":3,"RoleName":"Employee","Status":"Active","CreatedOn":"2026-06-13T08:09:44.8928080","UpdatedOn":null,"$type":"EmployeeDto"},{"EmployeeId":7,"FirstName":"pulkit","LastName":"jain","FullName":"pulkit jain","Email":"pulkitjain@gmail.com","PhoneNumber":"7894561230","Gender":"Male","DOB":"2004-04-14T00:00:00.0000000","DOJ":"2026-06-14T00:00:00.0000000","DepartmentId":4,"DepartmentName":"Operations","RoleId":3,"RoleName":"Employee","Status":"Active","CreatedOn":"2026-06-14T06:41:11.1355668","UpdatedOn":null,"$type":"EmployeeDto"},{"EmployeeId":6,"FirstName":"System","LastName":"Admin","FullName":"System Admin","Email":"admin@wms.com","PhoneNumber":"9999999999","Gender":"Male","DOB":"1990-01-01T00:00:00.0000000","DOJ":"2026-06-13T19:06:47.4733333","DepartmentId":1,"DepartmentName":"HR","RoleId":1,"RoleName":"Admin","Status":"Active","CreatedOn":"2026-06-13T19:06:47.4733333","UpdatedOn":null,"$type":"EmployeeDto"}],"TotalCount":7,"PageNumber":1,"PageSize":500,"TotalPages":1,"HasPreviousPage":false,"HasNextPage":false,"$type":"PagedResult`1"}
2026-06-14 12:11:29.055 +05:30 [INF] WMS Response: GetTodayAttendanceQuery []
2026-06-14 12:11:29.194 +05:30 [INF] HTTP GET /api/v1/employees responded 200 in 162.1550 ms
2026-06-14 12:11:29.197 +05:30 [INF] HTTP GET /api/v1/attendance/today responded 200 in 169.5186 ms
2026-06-14 12:11:38.558 +05:30 [INF] HTTP OPTIONS /api/v1/employees responded 204 in 0.0391 ms
2026-06-14 12:11:38.580 +05:30 [INF] WMS Request: GetEmployeesQuery {"Search":null,"DepartmentId":null,"RoleId":null,"Status":null,"PageNumber":1,"PageSize":500,"$type":"GetEmployeesQuery"}
2026-06-14 12:11:38.618 +05:30 [INF] WMS Response: GetEmployeesQuery {"Items":[{"EmployeeId":4,"FirstName":"aditya","LastName":"batwara","FullName":"aditya batwara","Email":"aditya21@gmail.com","PhoneNumber":"7414040730","Gender":"Male","DOB":"2004-02-21T00:00:00.0000000","DOJ":"2026-04-07T00:00:00.0000000","DepartmentId":5,"DepartmentName":"AI-DS","RoleId":3,"RoleName":"Employee","Status":"Inactive","CreatedOn":"2026-06-12T23:12:11.5907684","UpdatedOn":"2026-06-13T12:36:11.3585878","$type":"EmployeeDto"},{"EmployeeId":1,"FirstName":"Hardik","LastName":"Patel","FullName":"Hardik Patel","Email":"hardik@test.com","PhoneNumber":"7737131410","Gender":"Male","DOB":"2004-06-21T00:00:00.0000000","DOJ":"2026-06-08T00:00:00.0000000","DepartmentId":1,"DepartmentName":"HR","RoleId":2,"RoleName":"Manager","Status":"Inactive","CreatedOn":"2026-06-11T15:03:58.6936554","UpdatedOn":"2026-06-13T23:49:09.2801027","$type":"EmployeeDto"},{"EmployeeId":3,"FirstName":"hardik","LastName":"maloo","FullName":"hardik maloo","Email":"hardikmaloo21@gmail.com","PhoneNumber":"8107663009","Gender":"Male","DOB":"2004-06-21T00:00:00.0000000","DOJ":"2026-06-04T00:00:00.0000000","DepartmentId":5,"DepartmentName":"AI-DS","RoleId":3,"RoleName":"Employee","Status":"Active","CreatedOn":"2026-06-12T23:10:13.1851457","UpdatedOn":null,"$type":"EmployeeDto"},{"EmployeeId":2,"FirstName":"harsh","LastName":"rathore","FullName":"harsh rathore","Email":"harsh@gmail.com","PhoneNumber":"7976681235","Gender":"Male","DOB":"2005-07-03T00:00:00.0000000","DOJ":"2026-06-12T00:00:00.0000000","DepartmentId":3,"DepartmentName":"Finance","RoleId":1,"RoleName":"Admin","Status":"Active","CreatedOn":"2026-06-12T21:25:47.5693795","UpdatedOn":"2026-06-12T23:08:27.1985056","$type":"EmployeeDto"},{"EmployeeId":5,"FirstName":"lakshya","LastName":"sharma","FullName":"lakshya sharma","Email":"lakshya@gmail.com","PhoneNumber":"8946456765","Gender":"Male","DOB":"2005-03-14T00:00:00.0000000","DOJ":"2026-04-08T00:00:00.0000000","DepartmentId":4,"DepartmentName":"Operations","RoleId":3,"RoleName":"Employee","Status":"Active","CreatedOn":"2026-06-13T08:09:44.8928080","UpdatedOn":null,"$type":"EmployeeDto"},{"EmployeeId":7,"FirstName":"pulkit","LastName":"jain","FullName":"pulkit jain","Email":"pulkitjain@gmail.com","PhoneNumber":"7894561230","Gender":"Male","DOB":"2004-04-14T00:00:00.0000000","DOJ":"2026-06-14T00:00:00.0000000","DepartmentId":4,"DepartmentName":"Operations","RoleId":3,"RoleName":"Employee","Status":"Active","CreatedOn":"2026-06-14T06:41:11.1355668","UpdatedOn":null,"$type":"EmployeeDto"},{"EmployeeId":6,"FirstName":"System","LastName":"Admin","FullName":"System Admin","Email":"admin@wms.com","PhoneNumber":"9999999999","Gender":"Male","DOB":"1990-01-01T00:00:00.0000000","DOJ":"2026-06-13T19:06:47.4733333","DepartmentId":1,"DepartmentName":"HR","RoleId":1,"RoleName":"Admin","Status":"Active","CreatedOn":"2026-06-13T19:06:47.4733333","UpdatedOn":null,"$type":"EmployeeDto"}],"TotalCount":7,"PageNumber":1,"PageSize":500,"TotalPages":1,"HasPreviousPage":false,"HasNextPage":false,"$type":"PagedResult`1"}
2026-06-14 12:11:38.766 +05:30 [INF] HTTP GET /api/v1/employees responded 200 in 188.5356 ms
2026-06-14 12:11:39.778 +05:30 [INF] HTTP OPTIONS /api/v1/attendance/today responded 204 in 0.0332 ms
2026-06-14 12:11:39.781 +05:30 [INF] WMS Request: GetEmployeesQuery {"Search":null,"DepartmentId":null,"RoleId":null,"Status":null,"PageNumber":1,"PageSize":500,"$type":"GetEmployeesQuery"}
2026-06-14 12:11:39.788 +05:30 [INF] WMS Request: GetTodayAttendanceQuery {"$type":"GetTodayAttendanceQuery"}
2026-06-14 12:11:39.825 +05:30 [INF] WMS Response: GetTodayAttendanceQuery []
2026-06-14 12:11:39.828 +05:30 [INF] HTTP GET /api/v1/attendance/today responded 200 in 39.8492 ms
2026-06-14 12:11:39.828 +05:30 [INF] WMS Response: GetEmployeesQuery {"Items":[{"EmployeeId":4,"FirstName":"aditya","LastName":"batwara","FullName":"aditya batwara","Email":"aditya21@gmail.com","PhoneNumber":"7414040730","Gender":"Male","DOB":"2004-02-21T00:00:00.0000000","DOJ":"2026-04-07T00:00:00.0000000","DepartmentId":5,"DepartmentName":"AI-DS","RoleId":3,"RoleName":"Employee","Status":"Inactive","CreatedOn":"2026-06-12T23:12:11.5907684","UpdatedOn":"2026-06-13T12:36:11.3585878","$type":"EmployeeDto"},{"EmployeeId":1,"FirstName":"Hardik","LastName":"Patel","FullName":"Hardik Patel","Email":"hardik@test.com","PhoneNumber":"7737131410","Gender":"Male","DOB":"2004-06-21T00:00:00.0000000","DOJ":"2026-06-08T00:00:00.0000000","DepartmentId":1,"DepartmentName":"HR","RoleId":2,"RoleName":"Manager","Status":"Inactive","CreatedOn":"2026-06-11T15:03:58.6936554","UpdatedOn":"2026-06-13T23:49:09.2801027","$type":"EmployeeDto"},{"EmployeeId":3,"FirstName":"hardik","LastName":"maloo","FullName":"hardik maloo","Email":"hardikmaloo21@gmail.com","PhoneNumber":"8107663009","Gender":"Male","DOB":"2004-06-21T00:00:00.0000000","DOJ":"2026-06-04T00:00:00.0000000","DepartmentId":5,"DepartmentName":"AI-DS","RoleId":3,"RoleName":"Employee","Status":"Active","CreatedOn":"2026-06-12T23:10:13.1851457","UpdatedOn":null,"$type":"EmployeeDto"},{"EmployeeId":2,"FirstName":"harsh","LastName":"rathore","FullName":"harsh rathore","Email":"harsh@gmail.com","PhoneNumber":"7976681235","Gender":"Male","DOB":"2005-07-03T00:00:00.0000000","DOJ":"2026-06-12T00:00:00.0000000","DepartmentId":3,"DepartmentName":"Finance","RoleId":1,"RoleName":"Admin","Status":"Active","CreatedOn":"2026-06-12T21:25:47.5693795","UpdatedOn":"2026-06-12T23:08:27.1985056","$type":"EmployeeDto"},{"EmployeeId":5,"FirstName":"lakshya","LastName":"sharma","FullName":"lakshya sharma","Email":"lakshya@gmail.com","PhoneNumber":"8946456765","Gender":"Male","DOB":"2005-03-14T00:00:00.0000000","DOJ":"2026-04-08T00:00:00.0000000","DepartmentId":4,"DepartmentName":"Operations","RoleId":3,"RoleName":"Employee","Status":"Active","CreatedOn":"2026-06-13T08:09:44.8928080","UpdatedOn":null,"$type":"EmployeeDto"},{"EmployeeId":7,"FirstName":"pulkit","LastName":"jain","FullName":"pulkit jain","Email":"pulkitjain@gmail.com","PhoneNumber":"7894561230","Gender":"Male","DOB":"2004-04-14T00:00:00.0000000","DOJ":"2026-06-14T00:00:00.0000000","DepartmentId":4,"DepartmentName":"Operations","RoleId":3,"RoleName":"Employee","Status":"Active","CreatedOn":"2026-06-14T06:41:11.1355668","UpdatedOn":null,"$type":"EmployeeDto"},{"EmployeeId":6,"FirstName":"System","LastName":"Admin","FullName":"System Admin","Email":"admin@wms.com","PhoneNumber":"9999999999","Gender":"Male","DOB":"1990-01-01T00:00:00.0000000","DOJ":"2026-06-13T19:06:47.4733333","DepartmentId":1,"DepartmentName":"HR","RoleId":1,"RoleName":"Admin","Status":"Active","CreatedOn":"2026-06-13T19:06:47.4733333","UpdatedOn":null,"$type":"EmployeeDto"}],"TotalCount":7,"PageNumber":1,"PageSize":500,"TotalPages":1,"HasPreviousPage":false,"HasNextPage":false,"$type":"PagedResult`1"}
2026-06-14 12:11:39.941 +05:30 [INF] HTTP GET /api/v1/employees responded 200 in 161.3159 ms
2026-06-14 12:11:45.880 +05:30 [INF] HTTP OPTIONS /api/v1/leaves/employee/6 responded 204 in 0.0542 ms
2026-06-14 12:11:45.880 +05:30 [INF] HTTP OPTIONS /api/v1/leaves/pending responded 204 in 0.0222 ms
2026-06-14 12:11:45.894 +05:30 [INF] WMS Request: GetLeavesByEmployeeQuery {"EmployeeId":6,"PageNumber":1,"PageSize":10,"$type":"GetLeavesByEmployeeQuery"}
2026-06-14 12:11:45.899 +05:30 [INF] WMS Request: GetPendingLeavesQuery {"$type":"GetPendingLeavesQuery"}
2026-06-14 12:11:45.915 +05:30 [INF] WMS Response: GetLeavesByEmployeeQuery {"Items":[],"TotalCount":0,"PageNumber":1,"PageSize":10,"TotalPages":0,"HasPreviousPage":false,"HasNextPage":false,"$type":"PagedResult`1"}
2026-06-14 12:11:45.922 +05:30 [INF] WMS Response: GetPendingLeavesQuery [{"LeaveId":12,"EmpId":1,"EmployeeName":"Hardik Patel","LeaveType":"Earned","Reason":"hdtdyuyiuih","FromDate":"2026-07-18T00:00:00.0000000","ToDate":"2026-07-21T00:00:00.0000000","TotalDays":4,"Status":"Pending","AppliedOn":"2026-06-13T18:16:13.0904676","ApprovedBy":null,"ApproverName":null,"ApprovedOn":null,"$type":"LeaveDto"}]
2026-06-14 12:11:45.923 +05:30 [INF] HTTP GET /api/v1/leaves/employee/6 responded 200 in 31.9621 ms
2026-06-14 12:11:45.940 +05:30 [INF] HTTP GET /api/v1/leaves/pending responded 200 in 41.2767 ms
2026-06-14 12:11:47.457 +05:30 [INF] HTTP OPTIONS /api/v1/attendance/today responded 204 in 0.0462 ms
2026-06-14 12:11:47.458 +05:30 [INF] HTTP OPTIONS /api/v1/employees responded 204 in 0.0478 ms
2026-06-14 12:11:47.472 +05:30 [INF] WMS Request: GetTodayAttendanceQuery {"$type":"GetTodayAttendanceQuery"}
2026-06-14 12:11:47.478 +05:30 [INF] WMS Request: GetEmployeesQuery {"Search":null,"DepartmentId":null,"RoleId":null,"Status":null,"PageNumber":1,"PageSize":500,"$type":"GetEmployeesQuery"}
2026-06-14 12:11:47.496 +05:30 [INF] WMS Response: GetTodayAttendanceQuery []
2026-06-14 12:11:47.499 +05:30 [INF] HTTP GET /api/v1/attendance/today responded 200 in 27.7464 ms
2026-06-14 12:11:47.507 +05:30 [INF] WMS Response: GetEmployeesQuery {"Items":[{"EmployeeId":4,"FirstName":"aditya","LastName":"batwara","FullName":"aditya batwara","Email":"aditya21@gmail.com","PhoneNumber":"7414040730","Gender":"Male","DOB":"2004-02-21T00:00:00.0000000","DOJ":"2026-04-07T00:00:00.0000000","DepartmentId":5,"DepartmentName":"AI-DS","RoleId":3,"RoleName":"Employee","Status":"Inactive","CreatedOn":"2026-06-12T23:12:11.5907684","UpdatedOn":"2026-06-13T12:36:11.3585878","$type":"EmployeeDto"},{"EmployeeId":1,"FirstName":"Hardik","LastName":"Patel","FullName":"Hardik Patel","Email":"hardik@test.com","PhoneNumber":"7737131410","Gender":"Male","DOB":"2004-06-21T00:00:00.0000000","DOJ":"2026-06-08T00:00:00.0000000","DepartmentId":1,"DepartmentName":"HR","RoleId":2,"RoleName":"Manager","Status":"Inactive","CreatedOn":"2026-06-11T15:03:58.6936554","UpdatedOn":"2026-06-13T23:49:09.2801027","$type":"EmployeeDto"},{"EmployeeId":3,"FirstName":"hardik","LastName":"maloo","FullName":"hardik maloo","Email":"hardikmaloo21@gmail.com","PhoneNumber":"8107663009","Gender":"Male","DOB":"2004-06-21T00:00:00.0000000","DOJ":"2026-06-04T00:00:00.0000000","DepartmentId":5,"DepartmentName":"AI-DS","RoleId":3,"RoleName":"Employee","Status":"Active","CreatedOn":"2026-06-12T23:10:13.1851457","UpdatedOn":null,"$type":"EmployeeDto"},{"EmployeeId":2,"FirstName":"harsh","LastName":"rathore","FullName":"harsh rathore","Email":"harsh@gmail.com","PhoneNumber":"7976681235","Gender":"Male","DOB":"2005-07-03T00:00:00.0000000","DOJ":"2026-06-12T00:00:00.0000000","DepartmentId":3,"DepartmentName":"Finance","RoleId":1,"RoleName":"Admin","Status":"Active","CreatedOn":"2026-06-12T21:25:47.5693795","UpdatedOn":"2026-06-12T23:08:27.1985056","$type":"EmployeeDto"},{"EmployeeId":5,"FirstName":"lakshya","LastName":"sharma","FullName":"lakshya sharma","Email":"lakshya@gmail.com","PhoneNumber":"8946456765","Gender":"Male","DOB":"2005-03-14T00:00:00.0000000","DOJ":"2026-04-08T00:00:00.0000000","DepartmentId":4,"DepartmentName":"Operations","RoleId":3,"RoleName":"Employee","Status":"Active","CreatedOn":"2026-06-13T08:09:44.8928080","UpdatedOn":null,"$type":"EmployeeDto"},{"EmployeeId":7,"FirstName":"pulkit","LastName":"jain","FullName":"pulkit jain","Email":"pulkitjain@gmail.com","PhoneNumber":"7894561230","Gender":"Male","DOB":"2004-04-14T00:00:00.0000000","DOJ":"2026-06-14T00:00:00.0000000","DepartmentId":4,"DepartmentName":"Operations","RoleId":3,"RoleName":"Employee","Status":"Active","CreatedOn":"2026-06-14T06:41:11.1355668","UpdatedOn":null,"$type":"EmployeeDto"},{"EmployeeId":6,"FirstName":"System","LastName":"Admin","FullName":"System Admin","Email":"admin@wms.com","PhoneNumber":"9999999999","Gender":"Male","DOB":"1990-01-01T00:00:00.0000000","DOJ":"2026-06-13T19:06:47.4733333","DepartmentId":1,"DepartmentName":"HR","RoleId":1,"RoleName":"Admin","Status":"Active","CreatedOn":"2026-06-13T19:06:47.4733333","UpdatedOn":null,"$type":"EmployeeDto"}],"TotalCount":7,"PageNumber":1,"PageSize":500,"TotalPages":1,"HasPreviousPage":false,"HasNextPage":false,"$type":"PagedResult`1"}
2026-06-14 12:11:47.648 +05:30 [INF] HTTP GET /api/v1/employees responded 200 in 170.3786 ms
2026-06-14 12:11:48.464 +05:30 [INF] HTTP OPTIONS /api/v1/projects responded 204 in 0.0338 ms
2026-06-14 12:11:48.475 +05:30 [INF] WMS Request: GetProjectsQuery {"Search":null,"Status":null,"ClientId":null,"PageNumber":1,"PageSize":10,"$type":"GetProjectsQuery"}
2026-06-14 12:11:48.517 +05:30 [INF] WMS Response: GetProjectsQuery {"Items":[{"ProjectId":7,"ProjectName":"CRM","ClientId":3,"ClientName":"Microsoft","StartDate":"2026-06-13T00:00:00.0000000","EndDate":"2026-06-27T00:00:00.0000000","Status":"Active","AllocatedEmployeeCount":1,"CreatedOn":"2026-06-13T17:02:39.7969376","$type":"ProjectDto"},{"ProjectId":2,"ProjectName":"HR Portal","ClientId":3,"ClientName":"Microsoft","StartDate":"2026-01-01T00:00:00.0000000","EndDate":"2026-12-31T00:00:00.0000000","Status":"Active","AllocatedEmployeeCount":3,"CreatedOn":"2026-06-13T02:30:31.6900000","$type":"ProjectDto"},{"ProjectId":3,"ProjectName":"Employee App","ClientId":6,"ClientName":"Google","StartDate":"2026-02-01T00:00:00.0000000","EndDate":"2026-11-30T00:00:00.0000000","Status":"Active","AllocatedEmployeeCount":1,"CreatedOn":"2026-06-13T02:30:31.6900000","$type":"ProjectDto"},{"ProjectId":4,"ProjectName":"Finance Dashboard","ClientId":7,"ClientName":"string","StartDate":"2026-03-01T00:00:00.0000000","EndDate":"2026-10-31T00:00:00.0000000","Status":"Completed","AllocatedEmployeeCount":1,"CreatedOn":"2026-06-13T02:30:31.6900000","$type":"ProjectDto"}],"TotalCount":4,"PageNumber":1,"PageSize":10,"TotalPages":1,"HasPreviousPage":false,"HasNextPage":false,"$type":"PagedResult`1"}
2026-06-14 12:11:48.554 +05:30 [INF] HTTP GET /api/v1/projects responded 200 in 80.2432 ms
2026-06-14 12:11:52.407 +05:30 [INF] HTTP OPTIONS /api/v1/clients responded 204 in 0.0353 ms
2026-06-14 12:11:52.415 +05:30 [INF] WMS Request: GetClientsQuery {"Search":null,"PageNumber":1,"PageSize":10,"$type":"GetClientsQuery"}
2026-06-14 12:11:52.435 +05:30 [INF] WMS Response: GetClientsQuery {"Items":[{"ClientId":6,"ClientName":"Google","ClientAddress":"California","ClientPhoneNumber":9876543211,"ClientLocation":"USA","Status":true,"CreatedOn":"2026-06-13T02:24:32.4966667","$type":"ClientDto"},{"ClientId":8,"ClientName":"Infosys","ClientAddress":"Bangalore","ClientPhoneNumber":9876543213,"ClientLocation":"India","Status":true,"CreatedOn":"2026-06-13T02:24:32.4966667","$type":"ClientDto"},{"ClientId":3,"ClientName":"Microsoft","ClientAddress":"Redmond","ClientPhoneNumber":9876543210,"ClientLocation":"USA","Status":true,"CreatedOn":"2026-06-13T02:20:16.9833333","$type":"ClientDto"},{"ClientId":7,"ClientName":"string","ClientAddress":"string","ClientPhoneNumber":0,"ClientLocation":"string","Status":true,"CreatedOn":"2026-06-13T02:24:32.4966667","$type":"ClientDto"}],"TotalCount":4,"PageNumber":1,"PageSize":10,"TotalPages":1,"HasPreviousPage":false,"HasNextPage":false,"$type":"PagedResult`1"}
2026-06-14 12:11:52.490 +05:30 [INF] HTTP GET /api/v1/clients responded 200 in 76.4811 ms
2026-06-14 12:11:53.556 +05:30 [INF] HTTP OPTIONS /api/v1/allocations responded 204 in 0.0270 ms
2026-06-14 12:11:53.563 +05:30 [INF] WMS Request: GetAllocationsQuery {"EmpId":null,"ProjectId":null,"Status":null,"PageNumber":1,"PageSize":20,"$type":"GetAllocationsQuery"}
2026-06-14 12:11:53.598 +05:30 [INF] WMS Response: GetAllocationsQuery {"Items":[{"AllocationId":8,"EmpId":5,"EmployeeName":"lakshya sharma","DepartmentName":"Operations","ProjectId":7,"ProjectName":"CRM","AssignedOn":"2026-08-15T00:00:00.0000000","Status":true,"CreatedBy":"","CreateDate":"2026-06-13T23:49:50.9229903","UpdatedBy":null,"UpdatedDate":null,"$type":"AllocationDto"},{"AllocationId":6,"EmpId":3,"EmployeeName":"hardik maloo","DepartmentName":"AI-DS","ProjectId":2,"ProjectName":"HR Portal","AssignedOn":"2026-06-29T00:00:00.0000000","Status":false,"CreatedBy":"","CreateDate":"2026-06-13T17:43:55.7346527","UpdatedBy":"admin","UpdatedDate":"2026-06-13T18:29:43.0918397","$type":"AllocationDto"},{"AllocationId":7,"EmpId":2,"EmployeeName":"harsh rathore","DepartmentName":"Finance","ProjectId":2,"ProjectName":"HR Portal","AssignedOn":"2026-06-22T00:00:00.0000000","Status":true,"CreatedBy":"","CreateDate":"2026-06-13T17:52:25.6705390","UpdatedBy":null,"UpdatedDate":null,"$type":"AllocationDto"},{"AllocationId":3,"EmpId":1,"EmployeeName":"Hardik Patel","DepartmentName":"HR","ProjectId":2,"ProjectName":"HR Portal","AssignedOn":"2026-06-13T02:32:33.3600000","Status":true,"CreatedBy":"Admin","CreateDate":"2026-06-13T02:32:33.3600000","UpdatedBy":null,"UpdatedDate":null,"$type":"AllocationDto"},{"AllocationId":4,"EmpId":1,"EmployeeName":"Hardik Patel","DepartmentName":"HR","ProjectId":3,"ProjectName":"Employee App","AssignedOn":"2026-06-13T02:32:33.3600000","Status":false,"CreatedBy":"Admin","CreateDate":"2026-06-13T02:32:33.3600000","UpdatedBy":null,"UpdatedDate":"2026-06-13T17:29:12.8824343","$type":"AllocationDto"},{"AllocationId":5,"EmpId":1,"EmployeeName":"Hardik Patel","DepartmentName":"HR","ProjectId":4,"ProjectName":"Finance Dashboard","AssignedOn":"2026-06-13T02:32:33.3600000","Status":false,"CreatedBy":"Admin","CreateDate":"2026-06-13T02:32:33.3600000","UpdatedBy":null,"UpdatedDate":"2026-06-13T17:29:05.4585258","$type":"AllocationDto"}],"TotalCount":6,"PageNumber":1,"PageSize":20,"TotalPages":1,"HasPreviousPage":false,"HasNextPage":false,"$type":"PagedResult`1"}
2026-06-14 12:11:53.659 +05:30 [INF] HTTP GET /api/v1/allocations responded 200 in 96.7473 ms
2026-06-14 12:11:55.855 +05:30 [INF] HTTP OPTIONS /api/v1/announcements responded 204 in 0.0249 ms
2026-06-14 12:11:55.863 +05:30 [INF] WMS Request: GetAnnouncementsQuery {"IsActive":null,"PageNumber":1,"PageSize":10,"$type":"GetAnnouncementsQuery"}
2026-06-14 12:11:55.884 +05:30 [INF] WMS Response: GetAnnouncementsQuery {"Items":[{"AnnouncementId":2,"Title":"Holiday","Message":"Office holiday next week yesss","CreatedBy":1,"CreatedByName":"Hardik Patel","CreatedOn":"2026-06-13T02:26:06.7300000","IsActive":true,"$type":"AnnouncementDto"},{"AnnouncementId":3,"Title":"Meeting","Message":"Monthly review meeting","CreatedBy":1,"CreatedByName":"Hardik Patel","CreatedOn":"2026-06-13T02:26:06.7300000","IsActive":true,"$type":"AnnouncementDto"},{"AnnouncementId":4,"Title":"Policy Update","Message":"New HR policy released","CreatedBy":1,"CreatedByName":"Hardik Patel","CreatedOn":"2026-06-13T02:26:06.7300000","IsActive":true,"$type":"AnnouncementDto"},{"AnnouncementId":5,"Title":"Training","Message":"AI training scheduled","CreatedBy":1,"CreatedByName":"Hardik Patel","CreatedOn":"2026-06-13T02:26:06.7300000","IsActive":true,"$type":"AnnouncementDto"}],"TotalCount":4,"PageNumber":1,"PageSize":10,"TotalPages":1,"HasPreviousPage":false,"HasNextPage":false,"$type":"PagedResult`1"}
2026-06-14 12:11:55.923 +05:30 [INF] HTTP GET /api/v1/announcements responded 200 in 61.3214 ms
2026-06-14 12:11:58.572 +05:30 [INF] HTTP OPTIONS /api/v1/leaves/employee/6 responded 204 in 0.0363 ms
2026-06-14 12:11:58.572 +05:30 [INF] HTTP OPTIONS /api/v1/leaves/pending responded 204 in 0.0135 ms
2026-06-14 12:11:58.581 +05:30 [INF] WMS Request: GetLeavesByEmployeeQuery {"EmployeeId":6,"PageNumber":1,"PageSize":10,"$type":"GetLeavesByEmployeeQuery"}
2026-06-14 12:11:58.586 +05:30 [INF] WMS Request: GetPendingLeavesQuery {"$type":"GetPendingLeavesQuery"}
2026-06-14 12:11:58.602 +05:30 [INF] WMS Response: GetLeavesByEmployeeQuery {"Items":[],"TotalCount":0,"PageNumber":1,"PageSize":10,"TotalPages":0,"HasPreviousPage":false,"HasNextPage":false,"$type":"PagedResult`1"}
2026-06-14 12:11:58.612 +05:30 [INF] WMS Response: GetPendingLeavesQuery [{"LeaveId":12,"EmpId":1,"EmployeeName":"Hardik Patel","LeaveType":"Earned","Reason":"hdtdyuyiuih","FromDate":"2026-07-18T00:00:00.0000000","ToDate":"2026-07-21T00:00:00.0000000","TotalDays":4,"Status":"Pending","AppliedOn":"2026-06-13T18:16:13.0904676","ApprovedBy":null,"ApproverName":null,"ApprovedOn":null,"$type":"LeaveDto"}]
2026-06-14 12:11:58.619 +05:30 [INF] HTTP GET /api/v1/leaves/employee/6 responded 200 in 39.9987 ms
2026-06-14 12:11:58.641 +05:30 [INF] HTTP GET /api/v1/leaves/pending responded 200 in 55.1692 ms
2026-06-14 12:13:29.914 +05:30 [INF] HTTP OPTIONS /api/v1/leaves/employee/6 responded 204 in 0.3762 ms
2026-06-14 12:13:29.914 +05:30 [INF] HTTP OPTIONS /api/v1/leaves/pending responded 204 in 0.4134 ms
2026-06-14 12:13:29.934 +05:30 [INF] WMS Request: GetPendingLeavesQuery {"$type":"GetPendingLeavesQuery"}
2026-06-14 12:13:29.934 +05:30 [INF] WMS Request: GetLeavesByEmployeeQuery {"EmployeeId":6,"PageNumber":1,"PageSize":10,"$type":"GetLeavesByEmployeeQuery"}
2026-06-14 12:13:29.986 +05:30 [INF] WMS Response: GetLeavesByEmployeeQuery {"Items":[],"TotalCount":0,"PageNumber":1,"PageSize":10,"TotalPages":0,"HasPreviousPage":false,"HasNextPage":false,"$type":"PagedResult`1"}
2026-06-14 12:13:29.992 +05:30 [INF] WMS Response: GetPendingLeavesQuery [{"LeaveId":12,"EmpId":1,"EmployeeName":"Hardik Patel","LeaveType":"Earned","Reason":"hdtdyuyiuih","FromDate":"2026-07-18T00:00:00.0000000","ToDate":"2026-07-21T00:00:00.0000000","TotalDays":4,"Status":"Pending","AppliedOn":"2026-06-13T18:16:13.0904676","ApprovedBy":null,"ApproverName":null,"ApprovedOn":null,"$type":"LeaveDto"}]
2026-06-14 12:13:30.001 +05:30 [INF] HTTP GET /api/v1/leaves/employee/6 responded 200 in 72.2796 ms
2026-06-14 12:13:30.022 +05:30 [INF] HTTP GET /api/v1/leaves/pending responded 200 in 93.2019 ms
2026-06-14 12:13:43.305 +05:30 [INF] HTTP OPTIONS /api/v1/leaves/employee/6 responded 204 in 0.0497 ms
2026-06-14 12:13:43.306 +05:30 [INF] HTTP OPTIONS /api/v1/leaves/pending responded 204 in 0.0234 ms
2026-06-14 12:13:43.312 +05:30 [INF] WMS Request: GetLeavesByEmployeeQuery {"EmployeeId":6,"PageNumber":1,"PageSize":10,"$type":"GetLeavesByEmployeeQuery"}
2026-06-14 12:13:43.313 +05:30 [INF] WMS Request: GetPendingLeavesQuery {"$type":"GetPendingLeavesQuery"}
2026-06-14 12:13:43.331 +05:30 [INF] WMS Response: GetLeavesByEmployeeQuery {"Items":[],"TotalCount":0,"PageNumber":1,"PageSize":10,"TotalPages":0,"HasPreviousPage":false,"HasNextPage":false,"$type":"PagedResult`1"}
2026-06-14 12:13:43.333 +05:30 [INF] WMS Response: GetPendingLeavesQuery [{"LeaveId":12,"EmpId":1,"EmployeeName":"Hardik Patel","LeaveType":"Earned","Reason":"hdtdyuyiuih","FromDate":"2026-07-18T00:00:00.0000000","ToDate":"2026-07-21T00:00:00.0000000","TotalDays":4,"Status":"Pending","AppliedOn":"2026-06-13T18:16:13.0904676","ApprovedBy":null,"ApproverName":null,"ApprovedOn":null,"$type":"LeaveDto"}]
2026-06-14 12:13:43.342 +05:30 [INF] HTTP GET /api/v1/leaves/employee/6 responded 200 in 32.0260 ms
2026-06-14 12:13:43.355 +05:30 [INF] HTTP GET /api/v1/leaves/pending responded 200 in 41.9905 ms
2026-06-14 12:14:09.792 +05:30 [INF] HTTP OPTIONS /api/v1/leaves/pending responded 204 in 1.0226 ms
2026-06-14 12:14:09.792 +05:30 [INF] HTTP OPTIONS /api/v1/leaves/employee/6 responded 204 in 1.0010 ms
2026-06-14 12:14:09.808 +05:30 [INF] WMS Request: GetPendingLeavesQuery {"$type":"GetPendingLeavesQuery"}
2026-06-14 12:14:09.808 +05:30 [INF] WMS Request: GetLeavesByEmployeeQuery {"EmployeeId":6,"PageNumber":1,"PageSize":10,"$type":"GetLeavesByEmployeeQuery"}
2026-06-14 12:14:09.956 +05:30 [INF] WMS Response: GetPendingLeavesQuery [{"LeaveId":12,"EmpId":1,"EmployeeName":"Hardik Patel","LeaveType":"Earned","Reason":"hdtdyuyiuih","FromDate":"2026-07-18T00:00:00.0000000","ToDate":"2026-07-21T00:00:00.0000000","TotalDays":4,"Status":"Pending","AppliedOn":"2026-06-13T18:16:13.0904676","ApprovedBy":null,"ApproverName":null,"ApprovedOn":null,"$type":"LeaveDto"}]
2026-06-14 12:14:09.980 +05:30 [INF] HTTP GET /api/v1/leaves/pending responded 200 in 178.6358 ms
2026-06-14 12:14:09.994 +05:30 [INF] WMS Response: GetLeavesByEmployeeQuery {"Items":[],"TotalCount":0,"PageNumber":1,"PageSize":10,"TotalPages":0,"HasPreviousPage":false,"HasNextPage":false,"$type":"PagedResult`1"}
2026-06-14 12:14:10.004 +05:30 [INF] HTTP GET /api/v1/leaves/employee/6 responded 200 in 201.1283 ms
2026-06-14 12:14:51.020 +05:30 [INF] HTTP OPTIONS /api/v1/leaves/employee/6 responded 204 in 0.1006 ms
2026-06-14 12:14:51.025 +05:30 [INF] HTTP OPTIONS /api/v1/leaves/pending responded 204 in 0.0504 ms
2026-06-14 12:14:51.033 +05:30 [INF] WMS Request: GetPendingLeavesQuery {"$type":"GetPendingLeavesQuery"}
2026-06-14 12:14:51.033 +05:30 [INF] WMS Request: GetLeavesByEmployeeQuery {"EmployeeId":6,"PageNumber":1,"PageSize":10,"$type":"GetLeavesByEmployeeQuery"}
2026-06-14 12:14:51.069 +05:30 [INF] WMS Response: GetPendingLeavesQuery [{"LeaveId":12,"EmpId":1,"EmployeeName":"Hardik Patel","LeaveType":"Earned","Reason":"hdtdyuyiuih","FromDate":"2026-07-18T00:00:00.0000000","ToDate":"2026-07-21T00:00:00.0000000","TotalDays":4,"Status":"Pending","AppliedOn":"2026-06-13T18:16:13.0904676","ApprovedBy":null,"ApproverName":null,"ApprovedOn":null,"$type":"LeaveDto"}]
2026-06-14 12:14:51.093 +05:30 [INF] HTTP GET /api/v1/leaves/pending responded 200 in 60.0349 ms
2026-06-14 12:14:51.108 +05:30 [INF] WMS Response: GetLeavesByEmployeeQuery {"Items":[],"TotalCount":0,"PageNumber":1,"PageSize":10,"TotalPages":0,"HasPreviousPage":false,"HasNextPage":false,"$type":"PagedResult`1"}
2026-06-14 12:14:51.127 +05:30 [INF] HTTP GET /api/v1/leaves/employee/6 responded 200 in 95.3734 ms
2026-06-14 12:16:23.894 +05:30 [INF] HTTP OPTIONS /api/v1/leaves/employee/6 responded 204 in 3.7896 ms
2026-06-14 12:16:23.894 +05:30 [INF] HTTP OPTIONS /api/v1/leaves/pending responded 204 in 3.8742 ms
2026-06-14 12:16:23.934 +05:30 [INF] WMS Request: GetPendingLeavesQuery {"$type":"GetPendingLeavesQuery"}
2026-06-14 12:16:23.935 +05:30 [INF] WMS Request: GetLeavesByEmployeeQuery {"EmployeeId":6,"PageNumber":1,"PageSize":10,"$type":"GetLeavesByEmployeeQuery"}
2026-06-14 12:16:24.130 +05:30 [INF] WMS Response: GetLeavesByEmployeeQuery {"Items":[],"TotalCount":0,"PageNumber":1,"PageSize":10,"TotalPages":0,"HasPreviousPage":false,"HasNextPage":false,"$type":"PagedResult`1"}
2026-06-14 12:16:24.130 +05:30 [INF] WMS Response: GetPendingLeavesQuery [{"LeaveId":12,"EmpId":1,"EmployeeName":"Hardik Patel","LeaveType":"Earned","Reason":"hdtdyuyiuih","FromDate":"2026-07-18T00:00:00.0000000","ToDate":"2026-07-21T00:00:00.0000000","TotalDays":4,"Status":"Pending","AppliedOn":"2026-06-13T18:16:13.0904676","ApprovedBy":null,"ApproverName":null,"ApprovedOn":null,"$type":"LeaveDto"}]
2026-06-14 12:16:24.142 +05:30 [INF] HTTP GET /api/v1/leaves/employee/6 responded 200 in 231.1325 ms
2026-06-14 12:16:24.157 +05:30 [INF] HTTP GET /api/v1/leaves/pending responded 200 in 246.4089 ms
2026-06-14 12:16:32.094 +05:30 [INF] HTTP OPTIONS /api/v1/projects responded 204 in 0.1371 ms
2026-06-14 12:16:32.112 +05:30 [INF] WMS Request: GetProjectsQuery {"Search":null,"Status":null,"ClientId":null,"PageNumber":1,"PageSize":10,"$type":"GetProjectsQuery"}
2026-06-14 12:16:32.207 +05:30 [INF] WMS Response: GetProjectsQuery {"Items":[{"ProjectId":7,"ProjectName":"CRM","ClientId":3,"ClientName":"Microsoft","StartDate":"2026-06-13T00:00:00.0000000","EndDate":"2026-06-27T00:00:00.0000000","Status":"Active","AllocatedEmployeeCount":1,"CreatedOn":"2026-06-13T17:02:39.7969376","$type":"ProjectDto"},{"ProjectId":2,"ProjectName":"HR Portal","ClientId":3,"ClientName":"Microsoft","StartDate":"2026-01-01T00:00:00.0000000","EndDate":"2026-12-31T00:00:00.0000000","Status":"Active","AllocatedEmployeeCount":3,"CreatedOn":"2026-06-13T02:30:31.6900000","$type":"ProjectDto"},{"ProjectId":3,"ProjectName":"Employee App","ClientId":6,"ClientName":"Google","StartDate":"2026-02-01T00:00:00.0000000","EndDate":"2026-11-30T00:00:00.0000000","Status":"Active","AllocatedEmployeeCount":1,"CreatedOn":"2026-06-13T02:30:31.6900000","$type":"ProjectDto"},{"ProjectId":4,"ProjectName":"Finance Dashboard","ClientId":7,"ClientName":"string","StartDate":"2026-03-01T00:00:00.0000000","EndDate":"2026-10-31T00:00:00.0000000","Status":"Completed","AllocatedEmployeeCount":1,"CreatedOn":"2026-06-13T02:30:31.6900000","$type":"ProjectDto"}],"TotalCount":4,"PageNumber":1,"PageSize":10,"TotalPages":1,"HasPreviousPage":false,"HasNextPage":false,"$type":"PagedResult`1"}
2026-06-14 12:16:32.252 +05:30 [INF] HTTP GET /api/v1/projects responded 200 in 146.4863 ms
2026-06-14 12:18:38.387 +05:30 [INF] HTTP OPTIONS /api/v1/projects responded 204 in 2.1323 ms
2026-06-14 12:18:38.419 +05:30 [INF] WMS Request: GetProjectsQuery {"Search":null,"Status":null,"ClientId":null,"PageNumber":1,"PageSize":10,"$type":"GetProjectsQuery"}
2026-06-14 12:18:38.639 +05:30 [INF] WMS Response: GetProjectsQuery {"Items":[{"ProjectId":7,"ProjectName":"CRM","ClientId":3,"ClientName":"Microsoft","StartDate":"2026-06-13T00:00:00.0000000","EndDate":"2026-06-27T00:00:00.0000000","Status":"Active","AllocatedEmployeeCount":1,"CreatedOn":"2026-06-13T17:02:39.7969376","$type":"ProjectDto"},{"ProjectId":2,"ProjectName":"HR Portal","ClientId":3,"ClientName":"Microsoft","StartDate":"2026-01-01T00:00:00.0000000","EndDate":"2026-12-31T00:00:00.0000000","Status":"Active","AllocatedEmployeeCount":3,"CreatedOn":"2026-06-13T02:30:31.6900000","$type":"ProjectDto"},{"ProjectId":3,"ProjectName":"Employee App","ClientId":6,"ClientName":"Google","StartDate":"2026-02-01T00:00:00.0000000","EndDate":"2026-11-30T00:00:00.0000000","Status":"Active","AllocatedEmployeeCount":1,"CreatedOn":"2026-06-13T02:30:31.6900000","$type":"ProjectDto"},{"ProjectId":4,"ProjectName":"Finance Dashboard","ClientId":7,"ClientName":"string","StartDate":"2026-03-01T00:00:00.0000000","EndDate":"2026-10-31T00:00:00.0000000","Status":"Completed","AllocatedEmployeeCount":1,"CreatedOn":"2026-06-13T02:30:31.6900000","$type":"ProjectDto"}],"TotalCount":4,"PageNumber":1,"PageSize":10,"TotalPages":1,"HasPreviousPage":false,"HasNextPage":false,"$type":"PagedResult`1"}
2026-06-14 12:18:38.690 +05:30 [INF] HTTP GET /api/v1/projects responded 200 in 287.1793 ms
2026-06-14 12:19:30.918 +05:30 [INF] HTTP OPTIONS /api/v1/projects responded 204 in 0.5843 ms
2026-06-14 12:19:30.943 +05:30 [INF] WMS Request: GetProjectsQuery {"Search":null,"Status":null,"ClientId":null,"PageNumber":1,"PageSize":10,"$type":"GetProjectsQuery"}
2026-06-14 12:19:31.062 +05:30 [INF] WMS Response: GetProjectsQuery {"Items":[{"ProjectId":7,"ProjectName":"CRM","ClientId":3,"ClientName":"Microsoft","StartDate":"2026-06-13T00:00:00.0000000","EndDate":"2026-06-27T00:00:00.0000000","Status":"Active","AllocatedEmployeeCount":1,"CreatedOn":"2026-06-13T17:02:39.7969376","$type":"ProjectDto"},{"ProjectId":2,"ProjectName":"HR Portal","ClientId":3,"ClientName":"Microsoft","StartDate":"2026-01-01T00:00:00.0000000","EndDate":"2026-12-31T00:00:00.0000000","Status":"Active","AllocatedEmployeeCount":3,"CreatedOn":"2026-06-13T02:30:31.6900000","$type":"ProjectDto"},{"ProjectId":3,"ProjectName":"Employee App","ClientId":6,"ClientName":"Google","StartDate":"2026-02-01T00:00:00.0000000","EndDate":"2026-11-30T00:00:00.0000000","Status":"Active","AllocatedEmployeeCount":1,"CreatedOn":"2026-06-13T02:30:31.6900000","$type":"ProjectDto"},{"ProjectId":4,"ProjectName":"Finance Dashboard","ClientId":7,"ClientName":"string","StartDate":"2026-03-01T00:00:00.0000000","EndDate":"2026-10-31T00:00:00.0000000","Status":"Completed","AllocatedEmployeeCount":1,"CreatedOn":"2026-06-13T02:30:31.6900000","$type":"ProjectDto"}],"TotalCount":4,"PageNumber":1,"PageSize":10,"TotalPages":1,"HasPreviousPage":false,"HasNextPage":false,"$type":"PagedResult`1"}
2026-06-14 12:19:31.113 +05:30 [INF] HTTP GET /api/v1/projects responded 200 in 181.8303 ms
2026-06-14 12:23:04.915 +05:30 [INF] HTTP OPTIONS /api/v1/projects responded 204 in 1.8255 ms
2026-06-14 12:23:05.696 +05:30 [INF] WMS Request: GetProjectsQuery {"Search":null,"Status":null,"ClientId":null,"PageNumber":1,"PageSize":10,"$type":"GetProjectsQuery"}
2026-06-14 12:23:06.317 +05:30 [ERR] HTTP GET /api/v1/projects responded 500 in 694.5182 ms
Microsoft.Data.SqlClient.SqlException (0x80131904): A severe error occurred on the current command.  The results, if any, should be discarded.
Operation cancelled by user.
   at System.Threading.Tasks.ContinuationResultTaskFromResultTask`2.InnerInvoke()
   at System.Threading.ExecutionContext.RunInternal(ExecutionContext executionContext, ContextCallback callback, Object state)
--- End of stack trace from previous location ---
   at System.Threading.ExecutionContext.RunInternal(ExecutionContext executionContext, ContextCallback callback, Object state)
   at System.Threading.Tasks.Task.ExecuteWithThreadLocal(Task& currentTaskSlot, Thread threadPoolThread)
--- End of stack trace from previous location ---
   at Microsoft.EntityFrameworkCore.Storage.RelationalCommand.ExecuteReaderAsync(RelationalCommandParameterObject parameterObject, CancellationToken cancellationToken)
   at Microsoft.EntityFrameworkCore.Storage.RelationalCommand.ExecuteReaderAsync(RelationalCommandParameterObject parameterObject, CancellationToken cancellationToken)
   at Microsoft.EntityFrameworkCore.Query.Internal.SingleQueryingEnumerable`1.AsyncEnumerator.InitializeReaderAsync(AsyncEnumerator enumerator, CancellationToken cancellationToken)
   at Microsoft.EntityFrameworkCore.Storage.ExecutionStrategy.<>c__DisplayClass30_0`2.<<ExecuteAsync>b__0>d.MoveNext()
--- End of stack trace from previous location ---
   at Microsoft.EntityFrameworkCore.Storage.ExecutionStrategy.ExecuteImplementationAsync[TState,TResult](Func`4 operation, Func`4 verifySucceeded, TState state, CancellationToken cancellationToken)
   at Microsoft.EntityFrameworkCore.Storage.ExecutionStrategy.ExecuteImplementationAsync[TState,TResult](Func`4 operation, Func`4 verifySucceeded, TState state, CancellationToken cancellationToken)
   at Microsoft.EntityFrameworkCore.Storage.ExecutionStrategy.ExecuteAsync[TState,TResult](TState state, Func`4 operation, Func`4 verifySucceeded, CancellationToken cancellationToken)
   at Microsoft.EntityFrameworkCore.Query.Internal.SingleQueryingEnumerable`1.AsyncEnumerator.MoveNextAsync()
   at Microsoft.EntityFrameworkCore.Query.ShapedQueryCompilingExpressionVisitor.SingleAsync[TSource](IAsyncEnumerable`1 asyncEnumerable, CancellationToken cancellationToken)
   at Microsoft.EntityFrameworkCore.Query.ShapedQueryCompilingExpressionVisitor.SingleAsync[TSource](IAsyncEnumerable`1 asyncEnumerable, CancellationToken cancellationToken)
   at GetProjectsQueryHandler.Handle(GetProjectsQuery request, CancellationToken ct) in C:\Users\Hardik\Desktop\WMS-Solution\src\WMS.Application\Features\Projects\Queries\GetProjectsQuery.cs:line 51
   at WMS.Application.Common.Behaviours.PerformanceBehaviour`2.Handle(TRequest request, RequestHandlerDelegate`1 next, CancellationToken ct) in C:\Users\Hardik\Desktop\WMS-Solution\src\WMS.Application\Common\Behaviours\PerformanceBehaviour.cs:line 22
   at WMS.Application.Common.Behaviours.ValidationBehaviour`2.Handle(TRequest request, RequestHandlerDelegate`1 next, CancellationToken ct) in C:\Users\Hardik\Desktop\WMS-Solution\src\WMS.Application\Common\Behaviours\ValidationBehaviour.cs:line 20
   at WMS.Application.Common.Behaviours.LoggingBehaviour`2.Handle(TRequest request, RequestHandlerDelegate`1 next, CancellationToken ct) in C:\Users\Hardik\Desktop\WMS-Solution\src\WMS.Application\Common\Behaviours\LoggingBehaviour.cs:line 22
   at ProjectsController.GetAll(String search, String status, Nullable`1 clientId, Int32 pageNumber, Int32 pageSize, CancellationToken ct) in C:\Users\Hardik\Desktop\WMS-Solution\src\WMS.API\Controllers\v1\ProjectsController.cs:line 29
   at Microsoft.AspNetCore.Mvc.Infrastructure.ActionMethodExecutor.TaskOfIActionResultExecutor.Execute(ActionContext actionContext, IActionResultTypeMapper mapper, ObjectMethodExecutor executor, Object controller, Object[] arguments)
   at Microsoft.AspNetCore.Mvc.Infrastructure.ControllerActionInvoker.<InvokeActionMethodAsync>g__Awaited|12_0(ControllerActionInvoker invoker, ValueTask`1 actionResultValueTask)
   at Microsoft.AspNetCore.Mvc.Infrastructure.ControllerActionInvoker.<InvokeNextActionFilterAsync>g__Awaited|10_0(ControllerActionInvoker invoker, Task lastTask, State next, Scope scope, Object state, Boolean isCompleted)
   at Microsoft.AspNetCore.Mvc.Infrastructure.ControllerActionInvoker.Rethrow(ActionExecutedContextSealed context)
   at Microsoft.AspNetCore.Mvc.Infrastructure.ControllerActionInvoker.Next(State& next, Scope& scope, Object& state, Boolean& isCompleted)
   at Microsoft.AspNetCore.Mvc.Infrastructure.ControllerActionInvoker.<InvokeInnerFilterAsync>g__Awaited|13_0(ControllerActionInvoker invoker, Task lastTask, State next, Scope scope, Object state, Boolean isCompleted)
   at Microsoft.AspNetCore.Mvc.Infrastructure.ResourceInvoker.<InvokeFilterPipelineAsync>g__Awaited|20_0(ResourceInvoker invoker, Task lastTask, State next, Scope scope, Object state, Boolean isCompleted)
   at Microsoft.AspNetCore.Mvc.Infrastructure.ResourceInvoker.<InvokeAsync>g__Awaited|17_0(ResourceInvoker invoker, Task task, IDisposable scope)
   at Microsoft.AspNetCore.Mvc.Infrastructure.ResourceInvoker.<InvokeAsync>g__Awaited|17_0(ResourceInvoker invoker, Task task, IDisposable scope)
   at Microsoft.AspNetCore.Authorization.AuthorizationMiddleware.Invoke(HttpContext context)
   at Microsoft.AspNetCore.Authentication.AuthenticationMiddleware.Invoke(HttpContext context)
   at Serilog.AspNetCore.RequestLoggingMiddleware.Invoke(HttpContext httpContext)
ClientConnectionId:5d9f6a8e-cc09-463f-b36f-bb438e65ec9b
2026-06-14 12:23:06.431 +05:30 [ERR] An unhandled exception occurred: A severe error occurred on the current command.  The results, if any, should be discarded.
Operation cancelled by user.
Microsoft.Data.SqlClient.SqlException (0x80131904): A severe error occurred on the current command.  The results, if any, should be discarded.
Operation cancelled by user.
   at System.Threading.Tasks.ContinuationResultTaskFromResultTask`2.InnerInvoke()
   at System.Threading.ExecutionContext.RunInternal(ExecutionContext executionContext, ContextCallback callback, Object state)
--- End of stack trace from previous location ---
   at System.Threading.ExecutionContext.RunInternal(ExecutionContext executionContext, ContextCallback callback, Object state)
   at System.Threading.Tasks.Task.ExecuteWithThreadLocal(Task& currentTaskSlot, Thread threadPoolThread)
--- End of stack trace from previous location ---
   at Microsoft.EntityFrameworkCore.Storage.RelationalCommand.ExecuteReaderAsync(RelationalCommandParameterObject parameterObject, CancellationToken cancellationToken)
   at Microsoft.EntityFrameworkCore.Storage.RelationalCommand.ExecuteReaderAsync(RelationalCommandParameterObject parameterObject, CancellationToken cancellationToken)
   at Microsoft.EntityFrameworkCore.Query.Internal.SingleQueryingEnumerable`1.AsyncEnumerator.InitializeReaderAsync(AsyncEnumerator enumerator, CancellationToken cancellationToken)
   at Microsoft.EntityFrameworkCore.Storage.ExecutionStrategy.<>c__DisplayClass30_0`2.<<ExecuteAsync>b__0>d.MoveNext()
--- End of stack trace from previous location ---
   at Microsoft.EntityFrameworkCore.Storage.ExecutionStrategy.ExecuteImplementationAsync[TState,TResult](Func`4 operation, Func`4 verifySucceeded, TState state, CancellationToken cancellationToken)
   at Microsoft.EntityFrameworkCore.Storage.ExecutionStrategy.ExecuteImplementationAsync[TState,TResult](Func`4 operation, Func`4 verifySucceeded, TState state, CancellationToken cancellationToken)
   at Microsoft.EntityFrameworkCore.Storage.ExecutionStrategy.ExecuteAsync[TState,TResult](TState state, Func`4 operation, Func`4 verifySucceeded, CancellationToken cancellationToken)
   at Microsoft.EntityFrameworkCore.Query.Internal.SingleQueryingEnumerable`1.AsyncEnumerator.MoveNextAsync()
   at Microsoft.EntityFrameworkCore.Query.ShapedQueryCompilingExpressionVisitor.SingleAsync[TSource](IAsyncEnumerable`1 asyncEnumerable, CancellationToken cancellationToken)
   at Microsoft.EntityFrameworkCore.Query.ShapedQueryCompilingExpressionVisitor.SingleAsync[TSource](IAsyncEnumerable`1 asyncEnumerable, CancellationToken cancellationToken)
   at GetProjectsQueryHandler.Handle(GetProjectsQuery request, CancellationToken ct) in C:\Users\Hardik\Desktop\WMS-Solution\src\WMS.Application\Features\Projects\Queries\GetProjectsQuery.cs:line 51
   at WMS.Application.Common.Behaviours.PerformanceBehaviour`2.Handle(TRequest request, RequestHandlerDelegate`1 next, CancellationToken ct) in C:\Users\Hardik\Desktop\WMS-Solution\src\WMS.Application\Common\Behaviours\PerformanceBehaviour.cs:line 22
   at WMS.Application.Common.Behaviours.ValidationBehaviour`2.Handle(TRequest request, RequestHandlerDelegate`1 next, CancellationToken ct) in C:\Users\Hardik\Desktop\WMS-Solution\src\WMS.Application\Common\Behaviours\ValidationBehaviour.cs:line 20
   at WMS.Application.Common.Behaviours.LoggingBehaviour`2.Handle(TRequest request, RequestHandlerDelegate`1 next, CancellationToken ct) in C:\Users\Hardik\Desktop\WMS-Solution\src\WMS.Application\Common\Behaviours\LoggingBehaviour.cs:line 22
   at ProjectsController.GetAll(String search, String status, Nullable`1 clientId, Int32 pageNumber, Int32 pageSize, CancellationToken ct) in C:\Users\Hardik\Desktop\WMS-Solution\src\WMS.API\Controllers\v1\ProjectsController.cs:line 29
   at Microsoft.AspNetCore.Mvc.Infrastructure.ActionMethodExecutor.TaskOfIActionResultExecutor.Execute(ActionContext actionContext, IActionResultTypeMapper mapper, ObjectMethodExecutor executor, Object controller, Object[] arguments)
   at Microsoft.AspNetCore.Mvc.Infrastructure.ControllerActionInvoker.<InvokeActionMethodAsync>g__Awaited|12_0(ControllerActionInvoker invoker, ValueTask`1 actionResultValueTask)
   at Microsoft.AspNetCore.Mvc.Infrastructure.ControllerActionInvoker.<InvokeNextActionFilterAsync>g__Awaited|10_0(ControllerActionInvoker invoker, Task lastTask, State next, Scope scope, Object state, Boolean isCompleted)
   at Microsoft.AspNetCore.Mvc.Infrastructure.ControllerActionInvoker.Rethrow(ActionExecutedContextSealed context)
   at Microsoft.AspNetCore.Mvc.Infrastructure.ControllerActionInvoker.Next(State& next, Scope& scope, Object& state, Boolean& isCompleted)
   at Microsoft.AspNetCore.Mvc.Infrastructure.ControllerActionInvoker.<InvokeInnerFilterAsync>g__Awaited|13_0(ControllerActionInvoker invoker, Task lastTask, State next, Scope scope, Object state, Boolean isCompleted)
   at Microsoft.AspNetCore.Mvc.Infrastructure.ResourceInvoker.<InvokeFilterPipelineAsync>g__Awaited|20_0(ResourceInvoker invoker, Task lastTask, State next, Scope scope, Object state, Boolean isCompleted)
   at Microsoft.AspNetCore.Mvc.Infrastructure.ResourceInvoker.<InvokeAsync>g__Awaited|17_0(ResourceInvoker invoker, Task task, IDisposable scope)
   at Microsoft.AspNetCore.Mvc.Infrastructure.ResourceInvoker.<InvokeAsync>g__Awaited|17_0(ResourceInvoker invoker, Task task, IDisposable scope)
   at Microsoft.AspNetCore.Authorization.AuthorizationMiddleware.Invoke(HttpContext context)
   at Microsoft.AspNetCore.Authentication.AuthenticationMiddleware.Invoke(HttpContext context)
   at Serilog.AspNetCore.RequestLoggingMiddleware.Invoke(HttpContext httpContext)
   at Swashbuckle.AspNetCore.SwaggerUI.SwaggerUIMiddleware.Invoke(HttpContext httpContext)
   at Swashbuckle.AspNetCore.Swagger.SwaggerMiddleware.Invoke(HttpContext httpContext, ISwaggerProvider swaggerProvider)
   at WMS.API.Middleware.GlobalExceptionMiddleware.InvokeAsync(HttpContext context) in C:\Users\Hardik\Desktop\WMS-Solution\src\WMS.API\Middleware\GlobalExceptionMiddleware.cs:line 26
ClientConnectionId:5d9f6a8e-cc09-463f-b36f-bb438e65ec9b
2026-06-14 12:23:06.533 +05:30 [INF] WMS Request: GetProjectsQuery {"Search":null,"Status":null,"ClientId":null,"PageNumber":1,"PageSize":10,"$type":"GetProjectsQuery"}
2026-06-14 12:23:06.709 +05:30 [INF] WMS Response: GetProjectsQuery {"Items":[{"ProjectId":7,"ProjectName":"CRM","ClientId":3,"ClientName":"Microsoft","StartDate":"2026-06-13T00:00:00.0000000","EndDate":"2026-06-27T00:00:00.0000000","Status":"Active","AllocatedEmployeeCount":1,"CreatedOn":"2026-06-13T17:02:39.7969376","$type":"ProjectDto"},{"ProjectId":2,"ProjectName":"HR Portal","ClientId":3,"ClientName":"Microsoft","StartDate":"2026-01-01T00:00:00.0000000","EndDate":"2026-12-31T00:00:00.0000000","Status":"Active","AllocatedEmployeeCount":3,"CreatedOn":"2026-06-13T02:30:31.6900000","$type":"ProjectDto"},{"ProjectId":3,"ProjectName":"Employee App","ClientId":6,"ClientName":"Google","StartDate":"2026-02-01T00:00:00.0000000","EndDate":"2026-11-30T00:00:00.0000000","Status":"Active","AllocatedEmployeeCount":1,"CreatedOn":"2026-06-13T02:30:31.6900000","$type":"ProjectDto"},{"ProjectId":4,"ProjectName":"Finance Dashboard","ClientId":7,"ClientName":"string","StartDate":"2026-03-01T00:00:00.0000000","EndDate":"2026-10-31T00:00:00.0000000","Status":"Completed","AllocatedEmployeeCount":1,"CreatedOn":"2026-06-13T02:30:31.6900000","$type":"ProjectDto"}],"TotalCount":4,"PageNumber":1,"PageSize":10,"TotalPages":1,"HasPreviousPage":false,"HasNextPage":false,"$type":"PagedResult`1"}
2026-06-14 12:23:06.762 +05:30 [INF] HTTP GET /api/v1/projects responded 200 in 232.1335 ms
2026-06-14 12:23:46.837 +05:30 [INF] HTTP OPTIONS /api/v1/projects responded 204 in 0.1051 ms
2026-06-14 12:23:46.849 +05:30 [INF] WMS Request: GetProjectsQuery {"Search":null,"Status":null,"ClientId":null,"PageNumber":1,"PageSize":10,"$type":"GetProjectsQuery"}
2026-06-14 12:23:47.176 +05:30 [INF] WMS Response: GetProjectsQuery {"Items":[{"ProjectId":7,"ProjectName":"CRM","ClientId":3,"ClientName":"Microsoft","StartDate":"2026-06-13T00:00:00.0000000","EndDate":"2026-06-27T00:00:00.0000000","Status":"Active","AllocatedEmployeeCount":1,"CreatedOn":"2026-06-13T17:02:39.7969376","$type":"ProjectDto"},{"ProjectId":2,"ProjectName":"HR Portal","ClientId":3,"ClientName":"Microsoft","StartDate":"2026-01-01T00:00:00.0000000","EndDate":"2026-12-31T00:00:00.0000000","Status":"Active","AllocatedEmployeeCount":3,"CreatedOn":"2026-06-13T02:30:31.6900000","$type":"ProjectDto"},{"ProjectId":3,"ProjectName":"Employee App","ClientId":6,"ClientName":"Google","StartDate":"2026-02-01T00:00:00.0000000","EndDate":"2026-11-30T00:00:00.0000000","Status":"Active","AllocatedEmployeeCount":1,"CreatedOn":"2026-06-13T02:30:31.6900000","$type":"ProjectDto"},{"ProjectId":4,"ProjectName":"Finance Dashboard","ClientId":7,"ClientName":"string","StartDate":"2026-03-01T00:00:00.0000000","EndDate":"2026-10-31T00:00:00.0000000","Status":"Completed","AllocatedEmployeeCount":1,"CreatedOn":"2026-06-13T02:30:31.6900000","$type":"ProjectDto"}],"TotalCount":4,"PageNumber":1,"PageSize":10,"TotalPages":1,"HasPreviousPage":false,"HasNextPage":false,"$type":"PagedResult`1"}
2026-06-14 12:23:47.223 +05:30 [INF] HTTP GET /api/v1/projects responded 200 in 376.1324 ms
2026-06-14 12:25:44.049 +05:30 [INF] HTTP OPTIONS /api/v1/clients responded 204 in 1.5628 ms
2026-06-14 12:25:44.082 +05:30 [INF] WMS Request: GetClientsQuery {"Search":null,"PageNumber":1,"PageSize":10,"$type":"GetClientsQuery"}
2026-06-14 12:25:44.339 +05:30 [INF] WMS Response: GetClientsQuery {"Items":[{"ClientId":6,"ClientName":"Google","ClientAddress":"California","ClientPhoneNumber":9876543211,"ClientLocation":"USA","Status":true,"CreatedOn":"2026-06-13T02:24:32.4966667","$type":"ClientDto"},{"ClientId":8,"ClientName":"Infosys","ClientAddress":"Bangalore","ClientPhoneNumber":9876543213,"ClientLocation":"India","Status":true,"CreatedOn":"2026-06-13T02:24:32.4966667","$type":"ClientDto"},{"ClientId":3,"ClientName":"Microsoft","ClientAddress":"Redmond","ClientPhoneNumber":9876543210,"ClientLocation":"USA","Status":true,"CreatedOn":"2026-06-13T02:20:16.9833333","$type":"ClientDto"},{"ClientId":7,"ClientName":"string","ClientAddress":"string","ClientPhoneNumber":0,"ClientLocation":"string","Status":true,"CreatedOn":"2026-06-13T02:24:32.4966667","$type":"ClientDto"}],"TotalCount":4,"PageNumber":1,"PageSize":10,"TotalPages":1,"HasPreviousPage":false,"HasNextPage":false,"$type":"PagedResult`1"}
2026-06-14 12:25:44.390 +05:30 [INF] HTTP GET /api/v1/clients responded 200 in 325.9543 ms
2026-06-14 12:25:53.269 +05:30 [INF] HTTP OPTIONS /api/v1/projects responded 204 in 0.0376 ms
2026-06-14 12:25:53.279 +05:30 [INF] WMS Request: GetProjectsQuery {"Search":null,"Status":null,"ClientId":null,"PageNumber":1,"PageSize":10,"$type":"GetProjectsQuery"}
2026-06-14 12:25:53.378 +05:30 [INF] WMS Response: GetProjectsQuery {"Items":[{"ProjectId":7,"ProjectName":"CRM","ClientId":3,"ClientName":"Microsoft","StartDate":"2026-06-13T00:00:00.0000000","EndDate":"2026-06-27T00:00:00.0000000","Status":"Active","AllocatedEmployeeCount":1,"CreatedOn":"2026-06-13T17:02:39.7969376","$type":"ProjectDto"},{"ProjectId":2,"ProjectName":"HR Portal","ClientId":3,"ClientName":"Microsoft","StartDate":"2026-01-01T00:00:00.0000000","EndDate":"2026-12-31T00:00:00.0000000","Status":"Active","AllocatedEmployeeCount":3,"CreatedOn":"2026-06-13T02:30:31.6900000","$type":"ProjectDto"},{"ProjectId":3,"ProjectName":"Employee App","ClientId":6,"ClientName":"Google","StartDate":"2026-02-01T00:00:00.0000000","EndDate":"2026-11-30T00:00:00.0000000","Status":"Active","AllocatedEmployeeCount":1,"CreatedOn":"2026-06-13T02:30:31.6900000","$type":"ProjectDto"},{"ProjectId":4,"ProjectName":"Finance Dashboard","ClientId":7,"ClientName":"string","StartDate":"2026-03-01T00:00:00.0000000","EndDate":"2026-10-31T00:00:00.0000000","Status":"Completed","AllocatedEmployeeCount":1,"CreatedOn":"2026-06-13T02:30:31.6900000","$type":"ProjectDto"}],"TotalCount":4,"PageNumber":1,"PageSize":10,"TotalPages":1,"HasPreviousPage":false,"HasNextPage":false,"$type":"PagedResult`1"}
2026-06-14 12:25:53.428 +05:30 [INF] HTTP GET /api/v1/projects responded 200 in 151.2338 ms
2026-06-14 12:26:03.431 +05:30 [INF] HTTP OPTIONS /api/v1/clients responded 204 in 0.0332 ms
2026-06-14 12:26:03.437 +05:30 [INF] WMS Request: GetClientsQuery {"Search":null,"PageNumber":1,"PageSize":10,"$type":"GetClientsQuery"}
2026-06-14 12:26:03.453 +05:30 [INF] WMS Response: GetClientsQuery {"Items":[{"ClientId":6,"ClientName":"Google","ClientAddress":"California","ClientPhoneNumber":9876543211,"ClientLocation":"USA","Status":true,"CreatedOn":"2026-06-13T02:24:32.4966667","$type":"ClientDto"},{"ClientId":8,"ClientName":"Infosys","ClientAddress":"Bangalore","ClientPhoneNumber":9876543213,"ClientLocation":"India","Status":true,"CreatedOn":"2026-06-13T02:24:32.4966667","$type":"ClientDto"},{"ClientId":3,"ClientName":"Microsoft","ClientAddress":"Redmond","ClientPhoneNumber":9876543210,"ClientLocation":"USA","Status":true,"CreatedOn":"2026-06-13T02:20:16.9833333","$type":"ClientDto"},{"ClientId":7,"ClientName":"string","ClientAddress":"string","ClientPhoneNumber":0,"ClientLocation":"string","Status":true,"CreatedOn":"2026-06-13T02:24:32.4966667","$type":"ClientDto"}],"TotalCount":4,"PageNumber":1,"PageSize":10,"TotalPages":1,"HasPreviousPage":false,"HasNextPage":false,"$type":"PagedResult`1"}
2026-06-14 12:26:03.494 +05:30 [INF] HTTP GET /api/v1/clients responded 200 in 57.3581 ms
2026-06-14 12:26:08.610 +05:30 [INF] HTTP OPTIONS /api/v1/clients responded 204 in 0.0223 ms
2026-06-14 12:26:08.626 +05:30 [INF] WMS Request: GetClientsQuery {"Search":null,"PageNumber":1,"PageSize":10,"$type":"GetClientsQuery"}
2026-06-14 12:26:08.651 +05:30 [INF] WMS Response: GetClientsQuery {"Items":[{"ClientId":6,"ClientName":"Google","ClientAddress":"California","ClientPhoneNumber":9876543211,"ClientLocation":"USA","Status":true,"CreatedOn":"2026-06-13T02:24:32.4966667","$type":"ClientDto"},{"ClientId":8,"ClientName":"Infosys","ClientAddress":"Bangalore","ClientPhoneNumber":9876543213,"ClientLocation":"India","Status":true,"CreatedOn":"2026-06-13T02:24:32.4966667","$type":"ClientDto"},{"ClientId":3,"ClientName":"Microsoft","ClientAddress":"Redmond","ClientPhoneNumber":9876543210,"ClientLocation":"USA","Status":true,"CreatedOn":"2026-06-13T02:20:16.9833333","$type":"ClientDto"},{"ClientId":7,"ClientName":"string","ClientAddress":"string","ClientPhoneNumber":0,"ClientLocation":"string","Status":true,"CreatedOn":"2026-06-13T02:24:32.4966667","$type":"ClientDto"}],"TotalCount":4,"PageNumber":1,"PageSize":10,"TotalPages":1,"HasPreviousPage":false,"HasNextPage":false,"$type":"PagedResult`1"}
2026-06-14 12:26:08.698 +05:30 [INF] HTTP GET /api/v1/clients responded 200 in 80.5936 ms
2026-06-14 12:27:36.586 +05:30 [INF] HTTP OPTIONS /api/v1/clients responded 204 in 2.8809 ms
2026-06-14 12:27:36.614 +05:30 [INF] WMS Request: GetClientsQuery {"Search":null,"PageNumber":1,"PageSize":10,"$type":"GetClientsQuery"}
2026-06-14 12:27:36.665 +05:30 [INF] WMS Response: GetClientsQuery {"Items":[{"ClientId":6,"ClientName":"Google","ClientAddress":"California","ClientPhoneNumber":9876543211,"ClientLocation":"USA","Status":true,"CreatedOn":"2026-06-13T02:24:32.4966667","$type":"ClientDto"},{"ClientId":8,"ClientName":"Infosys","ClientAddress":"Bangalore","ClientPhoneNumber":9876543213,"ClientLocation":"India","Status":true,"CreatedOn":"2026-06-13T02:24:32.4966667","$type":"ClientDto"},{"ClientId":3,"ClientName":"Microsoft","ClientAddress":"Redmond","ClientPhoneNumber":9876543210,"ClientLocation":"USA","Status":true,"CreatedOn":"2026-06-13T02:20:16.9833333","$type":"ClientDto"},{"ClientId":7,"ClientName":"string","ClientAddress":"string","ClientPhoneNumber":0,"ClientLocation":"string","Status":true,"CreatedOn":"2026-06-13T02:24:32.4966667","$type":"ClientDto"}],"TotalCount":4,"PageNumber":1,"PageSize":10,"TotalPages":1,"HasPreviousPage":false,"HasNextPage":false,"$type":"PagedResult`1"}
2026-06-14 12:27:36.719 +05:30 [INF] HTTP GET /api/v1/clients responded 200 in 118.1157 ms
2026-06-14 12:28:00.518 +05:30 [INF] HTTP OPTIONS /api/v1/announcements responded 204 in 0.0424 ms
2026-06-14 12:28:00.533 +05:30 [INF] WMS Request: GetAnnouncementsQuery {"IsActive":null,"PageNumber":1,"PageSize":10,"$type":"GetAnnouncementsQuery"}
2026-06-14 12:28:00.688 +05:30 [INF] WMS Response: GetAnnouncementsQuery {"Items":[{"AnnouncementId":2,"Title":"Holiday","Message":"Office holiday next week yesss","CreatedBy":1,"CreatedByName":"Hardik Patel","CreatedOn":"2026-06-13T02:26:06.7300000","IsActive":true,"$type":"AnnouncementDto"},{"AnnouncementId":3,"Title":"Meeting","Message":"Monthly review meeting","CreatedBy":1,"CreatedByName":"Hardik Patel","CreatedOn":"2026-06-13T02:26:06.7300000","IsActive":true,"$type":"AnnouncementDto"},{"AnnouncementId":4,"Title":"Policy Update","Message":"New HR policy released","CreatedBy":1,"CreatedByName":"Hardik Patel","CreatedOn":"2026-06-13T02:26:06.7300000","IsActive":true,"$type":"AnnouncementDto"},{"AnnouncementId":5,"Title":"Training","Message":"AI training scheduled","CreatedBy":1,"CreatedByName":"Hardik Patel","CreatedOn":"2026-06-13T02:26:06.7300000","IsActive":true,"$type":"AnnouncementDto"}],"TotalCount":4,"PageNumber":1,"PageSize":10,"TotalPages":1,"HasPreviousPage":false,"HasNextPage":false,"$type":"PagedResult`1"}
2026-06-14 12:28:00.743 +05:30 [INF] HTTP GET /api/v1/announcements responded 200 in 217.0352 ms
2026-06-14 12:28:42.242 +05:30 [INF] HTTP OPTIONS /api/v1/announcements responded 204 in 0.0606 ms
2026-06-14 12:28:42.333 +05:30 [INF] WMS Request: GetAnnouncementsQuery {"IsActive":true,"PageNumber":1,"PageSize":10,"$type":"GetAnnouncementsQuery"}
2026-06-14 12:28:42.575 +05:30 [INF] WMS Response: GetAnnouncementsQuery {"Items":[{"AnnouncementId":2,"Title":"Holiday","Message":"Office holiday next week yesss","CreatedBy":1,"CreatedByName":"Hardik Patel","CreatedOn":"2026-06-13T02:26:06.7300000","IsActive":true,"$type":"AnnouncementDto"},{"AnnouncementId":3,"Title":"Meeting","Message":"Monthly review meeting","CreatedBy":1,"CreatedByName":"Hardik Patel","CreatedOn":"2026-06-13T02:26:06.7300000","IsActive":true,"$type":"AnnouncementDto"},{"AnnouncementId":4,"Title":"Policy Update","Message":"New HR policy released","CreatedBy":1,"CreatedByName":"Hardik Patel","CreatedOn":"2026-06-13T02:26:06.7300000","IsActive":true,"$type":"AnnouncementDto"},{"AnnouncementId":5,"Title":"Training","Message":"AI training scheduled","CreatedBy":1,"CreatedByName":"Hardik Patel","CreatedOn":"2026-06-13T02:26:06.7300000","IsActive":true,"$type":"AnnouncementDto"}],"TotalCount":4,"PageNumber":1,"PageSize":10,"TotalPages":1,"HasPreviousPage":false,"HasNextPage":false,"$type":"PagedResult`1"}
2026-06-14 12:28:42.626 +05:30 [INF] HTTP GET /api/v1/announcements responded 200 in 375.3067 ms
2026-06-14 12:28:52.390 +05:30 [INF] HTTP OPTIONS /api/v1/announcements/2/toggle responded 204 in 2.5466 ms
2026-06-14 12:28:52.456 +05:30 [INF] WMS Request: ToggleAnnouncementCommand {"AnnouncementId":2,"$type":"ToggleAnnouncementCommand"}
2026-06-14 12:28:52.560 +05:30 [INF] WMS Response: ToggleAnnouncementCommand {"AnnouncementId":2,"Title":"Holiday","Message":"Office holiday next week yesss","CreatedBy":1,"CreatedByName":null,"CreatedOn":"2026-06-13T02:26:06.7300000","IsActive":false,"$type":"AnnouncementDto"}
2026-06-14 12:28:52.571 +05:30 [INF] HTTP PATCH /api/v1/announcements/2/toggle responded 200 in 175.1534 ms
2026-06-14 12:28:52.583 +05:30 [INF] HTTP OPTIONS /api/v1/announcements responded 204 in 0.0646 ms
2026-06-14 12:28:52.588 +05:30 [INF] WMS Request: GetAnnouncementsQuery {"IsActive":true,"PageNumber":1,"PageSize":10,"$type":"GetAnnouncementsQuery"}
2026-06-14 12:28:52.599 +05:30 [INF] WMS Response: GetAnnouncementsQuery {"Items":[{"AnnouncementId":3,"Title":"Meeting","Message":"Monthly review meeting","CreatedBy":1,"CreatedByName":"Hardik Patel","CreatedOn":"2026-06-13T02:26:06.7300000","IsActive":true,"$type":"AnnouncementDto"},{"AnnouncementId":4,"Title":"Policy Update","Message":"New HR policy released","CreatedBy":1,"CreatedByName":"Hardik Patel","CreatedOn":"2026-06-13T02:26:06.7300000","IsActive":true,"$type":"AnnouncementDto"},{"AnnouncementId":5,"Title":"Training","Message":"AI training scheduled","CreatedBy":1,"CreatedByName":"Hardik Patel","CreatedOn":"2026-06-13T02:26:06.7300000","IsActive":true,"$type":"AnnouncementDto"}],"TotalCount":3,"PageNumber":1,"PageSize":10,"TotalPages":1,"HasPreviousPage":false,"HasNextPage":false,"$type":"PagedResult`1"}
2026-06-14 12:28:52.622 +05:30 [INF] HTTP GET /api/v1/announcements responded 200 in 35.0385 ms
2026-06-14 12:28:59.029 +05:30 [INF] HTTP OPTIONS /api/v1/announcements responded 204 in 0.0229 ms
2026-06-14 12:28:59.041 +05:30 [INF] WMS Request: GetAnnouncementsQuery {"IsActive":false,"PageNumber":1,"PageSize":10,"$type":"GetAnnouncementsQuery"}
2026-06-14 12:28:59.055 +05:30 [INF] WMS Response: GetAnnouncementsQuery {"Items":[{"AnnouncementId":2,"Title":"Holiday","Message":"Office holiday next week yesss","CreatedBy":1,"CreatedByName":"Hardik Patel","CreatedOn":"2026-06-13T02:26:06.7300000","IsActive":false,"$type":"AnnouncementDto"}],"TotalCount":1,"PageNumber":1,"PageSize":10,"TotalPages":1,"HasPreviousPage":false,"HasNextPage":false,"$type":"PagedResult`1"}
2026-06-14 12:28:59.068 +05:30 [INF] HTTP GET /api/v1/announcements responded 200 in 27.8277 ms
2026-06-14 12:42:46.673 +05:30 [INF] HTTP OPTIONS /api/v1/announcements responded 204 in 3.0912 ms
2026-06-14 12:42:46.714 +05:30 [INF] WMS Request: GetAnnouncementsQuery {"IsActive":null,"PageNumber":1,"PageSize":10,"$type":"GetAnnouncementsQuery"}
2026-06-14 12:42:47.164 +05:30 [INF] WMS Response: GetAnnouncementsQuery {"Items":[{"AnnouncementId":2,"Title":"Holiday","Message":"Office holiday next week yesss","CreatedBy":1,"CreatedByName":"Hardik Patel","CreatedOn":"2026-06-13T02:26:06.7300000","IsActive":false,"$type":"AnnouncementDto"},{"AnnouncementId":3,"Title":"Meeting","Message":"Monthly review meeting","CreatedBy":1,"CreatedByName":"Hardik Patel","CreatedOn":"2026-06-13T02:26:06.7300000","IsActive":true,"$type":"AnnouncementDto"},{"AnnouncementId":4,"Title":"Policy Update","Message":"New HR policy released","CreatedBy":1,"CreatedByName":"Hardik Patel","CreatedOn":"2026-06-13T02:26:06.7300000","IsActive":true,"$type":"AnnouncementDto"},{"AnnouncementId":5,"Title":"Training","Message":"AI training scheduled","CreatedBy":1,"CreatedByName":"Hardik Patel","CreatedOn":"2026-06-13T02:26:06.7300000","IsActive":true,"$type":"AnnouncementDto"}],"TotalCount":4,"PageNumber":1,"PageSize":10,"TotalPages":1,"HasPreviousPage":false,"HasNextPage":false,"$type":"PagedResult`1"}
2026-06-14 12:42:47.203 +05:30 [INF] HTTP GET /api/v1/announcements responded 200 in 512.3239 ms
2026-06-14 12:42:49.580 +05:30 [INF] WMS Request: GetAnnouncementsQuery {"IsActive":null,"PageNumber":1,"PageSize":10,"$type":"GetAnnouncementsQuery"}
2026-06-14 12:42:49.604 +05:30 [INF] WMS Response: GetAnnouncementsQuery {"Items":[{"AnnouncementId":2,"Title":"Holiday","Message":"Office holiday next week yesss","CreatedBy":1,"CreatedByName":"Hardik Patel","CreatedOn":"2026-06-13T02:26:06.7300000","IsActive":false,"$type":"AnnouncementDto"},{"AnnouncementId":3,"Title":"Meeting","Message":"Monthly review meeting","CreatedBy":1,"CreatedByName":"Hardik Patel","CreatedOn":"2026-06-13T02:26:06.7300000","IsActive":true,"$type":"AnnouncementDto"},{"AnnouncementId":4,"Title":"Policy Update","Message":"New HR policy released","CreatedBy":1,"CreatedByName":"Hardik Patel","CreatedOn":"2026-06-13T02:26:06.7300000","IsActive":true,"$type":"AnnouncementDto"},{"AnnouncementId":5,"Title":"Training","Message":"AI training scheduled","CreatedBy":1,"CreatedByName":"Hardik Patel","CreatedOn":"2026-06-13T02:26:06.7300000","IsActive":true,"$type":"AnnouncementDto"}],"TotalCount":4,"PageNumber":1,"PageSize":10,"TotalPages":1,"HasPreviousPage":false,"HasNextPage":false,"$type":"PagedResult`1"}
2026-06-14 12:42:49.654 +05:30 [INF] HTTP GET /api/v1/announcements responded 200 in 74.5063 ms
2026-06-14 12:42:52.101 +05:30 [INF] HTTP OPTIONS /api/v1/allocations responded 204 in 0.0434 ms
2026-06-14 12:42:52.117 +05:30 [INF] WMS Request: GetAllocationsQuery {"EmpId":null,"ProjectId":null,"Status":null,"PageNumber":1,"PageSize":10,"$type":"GetAllocationsQuery"}
2026-06-14 12:42:52.222 +05:30 [INF] WMS Response: GetAllocationsQuery {"Items":[{"AllocationId":8,"EmpId":5,"EmployeeName":"lakshya sharma","DepartmentName":"Operations","ProjectId":7,"ProjectName":"CRM","AssignedOn":"2026-08-15T00:00:00.0000000","Status":true,"CreatedBy":"","CreateDate":"2026-06-13T23:49:50.9229903","UpdatedBy":null,"UpdatedDate":null,"$type":"AllocationDto"},{"AllocationId":6,"EmpId":3,"EmployeeName":"hardik maloo","DepartmentName":"AI-DS","ProjectId":2,"ProjectName":"HR Portal","AssignedOn":"2026-06-29T00:00:00.0000000","Status":false,"CreatedBy":"","CreateDate":"2026-06-13T17:43:55.7346527","UpdatedBy":"admin","UpdatedDate":"2026-06-13T18:29:43.0918397","$type":"AllocationDto"},{"AllocationId":7,"EmpId":2,"EmployeeName":"harsh rathore","DepartmentName":"Finance","ProjectId":2,"ProjectName":"HR Portal","AssignedOn":"2026-06-22T00:00:00.0000000","Status":true,"CreatedBy":"","CreateDate":"2026-06-13T17:52:25.6705390","UpdatedBy":null,"UpdatedDate":null,"$type":"AllocationDto"},{"AllocationId":3,"EmpId":1,"EmployeeName":"Hardik Patel","DepartmentName":"HR","ProjectId":2,"ProjectName":"HR Portal","AssignedOn":"2026-06-13T02:32:33.3600000","Status":true,"CreatedBy":"Admin","CreateDate":"2026-06-13T02:32:33.3600000","UpdatedBy":null,"UpdatedDate":null,"$type":"AllocationDto"},{"AllocationId":4,"EmpId":1,"EmployeeName":"Hardik Patel","DepartmentName":"HR","ProjectId":3,"ProjectName":"Employee App","AssignedOn":"2026-06-13T02:32:33.3600000","Status":false,"CreatedBy":"Admin","CreateDate":"2026-06-13T02:32:33.3600000","UpdatedBy":null,"UpdatedDate":"2026-06-13T17:29:12.8824343","$type":"AllocationDto"},{"AllocationId":5,"EmpId":1,"EmployeeName":"Hardik Patel","DepartmentName":"HR","ProjectId":4,"ProjectName":"Finance Dashboard","AssignedOn":"2026-06-13T02:32:33.3600000","Status":false,"CreatedBy":"Admin","CreateDate":"2026-06-13T02:32:33.3600000","UpdatedBy":null,"UpdatedDate":"2026-06-13T17:29:05.4585258","$type":"AllocationDto"}],"TotalCount":6,"PageNumber":1,"PageSize":10,"TotalPages":1,"HasPreviousPage":false,"HasNextPage":false,"$type":"PagedResult`1"}
2026-06-14 12:42:52.319 +05:30 [INF] HTTP GET /api/v1/allocations responded 200 in 212.6755 ms
2026-06-14 12:43:07.416 +05:30 [INF] HTTP OPTIONS /api/v1/allocations responded 204 in 0.0240 ms
2026-06-14 12:43:07.477 +05:30 [INF] WMS Request: GetAllocationsQuery {"EmpId":null,"ProjectId":null,"Status":true,"PageNumber":1,"PageSize":10,"$type":"GetAllocationsQuery"}
2026-06-14 12:43:07.767 +05:30 [INF] WMS Response: GetAllocationsQuery {"Items":[{"AllocationId":8,"EmpId":5,"EmployeeName":"lakshya sharma","DepartmentName":"Operations","ProjectId":7,"ProjectName":"CRM","AssignedOn":"2026-08-15T00:00:00.0000000","Status":true,"CreatedBy":"","CreateDate":"2026-06-13T23:49:50.9229903","UpdatedBy":null,"UpdatedDate":null,"$type":"AllocationDto"},{"AllocationId":7,"EmpId":2,"EmployeeName":"harsh rathore","DepartmentName":"Finance","ProjectId":2,"ProjectName":"HR Portal","AssignedOn":"2026-06-22T00:00:00.0000000","Status":true,"CreatedBy":"","CreateDate":"2026-06-13T17:52:25.6705390","UpdatedBy":null,"UpdatedDate":null,"$type":"AllocationDto"},{"AllocationId":3,"EmpId":1,"EmployeeName":"Hardik Patel","DepartmentName":"HR","ProjectId":2,"ProjectName":"HR Portal","AssignedOn":"2026-06-13T02:32:33.3600000","Status":true,"CreatedBy":"Admin","CreateDate":"2026-06-13T02:32:33.3600000","UpdatedBy":null,"UpdatedDate":null,"$type":"AllocationDto"}],"TotalCount":3,"PageNumber":1,"PageSize":10,"TotalPages":1,"HasPreviousPage":false,"HasNextPage":false,"$type":"PagedResult`1"}
2026-06-14 12:43:07.815 +05:30 [INF] HTTP GET /api/v1/allocations responded 200 in 395.2231 ms
2026-06-14 12:43:10.092 +05:30 [INF] HTTP OPTIONS /api/v1/allocations responded 204 in 0.0234 ms
2026-06-14 12:43:10.098 +05:30 [INF] WMS Request: GetAllocationsQuery {"EmpId":null,"ProjectId":null,"Status":null,"PageNumber":1,"PageSize":10,"$type":"GetAllocationsQuery"}
2026-06-14 12:43:10.129 +05:30 [INF] WMS Response: GetAllocationsQuery {"Items":[{"AllocationId":8,"EmpId":5,"EmployeeName":"lakshya sharma","DepartmentName":"Operations","ProjectId":7,"ProjectName":"CRM","AssignedOn":"2026-08-15T00:00:00.0000000","Status":true,"CreatedBy":"","CreateDate":"2026-06-13T23:49:50.9229903","UpdatedBy":null,"UpdatedDate":null,"$type":"AllocationDto"},{"AllocationId":6,"EmpId":3,"EmployeeName":"hardik maloo","DepartmentName":"AI-DS","ProjectId":2,"ProjectName":"HR Portal","AssignedOn":"2026-06-29T00:00:00.0000000","Status":false,"CreatedBy":"","CreateDate":"2026-06-13T17:43:55.7346527","UpdatedBy":"admin","UpdatedDate":"2026-06-13T18:29:43.0918397","$type":"AllocationDto"},{"AllocationId":7,"EmpId":2,"EmployeeName":"harsh rathore","DepartmentName":"Finance","ProjectId":2,"ProjectName":"HR Portal","AssignedOn":"2026-06-22T00:00:00.0000000","Status":true,"CreatedBy":"","CreateDate":"2026-06-13T17:52:25.6705390","UpdatedBy":null,"UpdatedDate":null,"$type":"AllocationDto"},{"AllocationId":3,"EmpId":1,"EmployeeName":"Hardik Patel","DepartmentName":"HR","ProjectId":2,"ProjectName":"HR Portal","AssignedOn":"2026-06-13T02:32:33.3600000","Status":true,"CreatedBy":"Admin","CreateDate":"2026-06-13T02:32:33.3600000","UpdatedBy":null,"UpdatedDate":null,"$type":"AllocationDto"},{"AllocationId":4,"EmpId":1,"EmployeeName":"Hardik Patel","DepartmentName":"HR","ProjectId":3,"ProjectName":"Employee App","AssignedOn":"2026-06-13T02:32:33.3600000","Status":false,"CreatedBy":"Admin","CreateDate":"2026-06-13T02:32:33.3600000","UpdatedBy":null,"UpdatedDate":"2026-06-13T17:29:12.8824343","$type":"AllocationDto"},{"AllocationId":5,"EmpId":1,"EmployeeName":"Hardik Patel","DepartmentName":"HR","ProjectId":4,"ProjectName":"Finance Dashboard","AssignedOn":"2026-06-13T02:32:33.3600000","Status":false,"CreatedBy":"Admin","CreateDate":"2026-06-13T02:32:33.3600000","UpdatedBy":null,"UpdatedDate":"2026-06-13T17:29:05.4585258","$type":"AllocationDto"}],"TotalCount":6,"PageNumber":1,"PageSize":10,"TotalPages":1,"HasPreviousPage":false,"HasNextPage":false,"$type":"PagedResult`1"}
2026-06-14 12:43:10.223 +05:30 [INF] HTTP GET /api/v1/allocations responded 200 in 125.7225 ms
2026-06-14 12:43:14.477 +05:30 [INF] HTTP OPTIONS /api/v1/employees responded 204 in 0.0587 ms
2026-06-14 12:43:14.479 +05:30 [INF] HTTP OPTIONS /api/v1/projects responded 204 in 0.0309 ms
2026-06-14 12:43:14.492 +05:30 [INF] WMS Request: GetProjectsQuery {"Search":null,"Status":null,"ClientId":null,"PageNumber":1,"PageSize":100,"$type":"GetProjectsQuery"}
2026-06-14 12:43:14.493 +05:30 [INF] WMS Request: GetEmployeesQuery {"Search":null,"DepartmentId":null,"RoleId":null,"Status":null,"PageNumber":1,"PageSize":100,"$type":"GetEmployeesQuery"}
2026-06-14 12:43:14.544 +05:30 [INF] WMS Response: GetEmployeesQuery {"Items":[{"EmployeeId":4,"FirstName":"aditya","LastName":"batwara","FullName":"aditya batwara","Email":"aditya21@gmail.com","PhoneNumber":"7414040730","Gender":"Male","DOB":"2004-02-21T00:00:00.0000000","DOJ":"2026-04-07T00:00:00.0000000","DepartmentId":5,"DepartmentName":"AI-DS","RoleId":3,"RoleName":"Employee","Status":"Inactive","CreatedOn":"2026-06-12T23:12:11.5907684","UpdatedOn":"2026-06-13T12:36:11.3585878","$type":"EmployeeDto"},{"EmployeeId":1,"FirstName":"Hardik","LastName":"Patel","FullName":"Hardik Patel","Email":"hardik@test.com","PhoneNumber":"7737131410","Gender":"Male","DOB":"2004-06-21T00:00:00.0000000","DOJ":"2026-06-08T00:00:00.0000000","DepartmentId":1,"DepartmentName":"HR","RoleId":2,"RoleName":"Manager","Status":"Inactive","CreatedOn":"2026-06-11T15:03:58.6936554","UpdatedOn":"2026-06-13T23:49:09.2801027","$type":"EmployeeDto"},{"EmployeeId":3,"FirstName":"hardik","LastName":"maloo","FullName":"hardik maloo","Email":"hardikmaloo21@gmail.com","PhoneNumber":"8107663009","Gender":"Male","DOB":"2004-06-21T00:00:00.0000000","DOJ":"2026-06-04T00:00:00.0000000","DepartmentId":5,"DepartmentName":"AI-DS","RoleId":3,"RoleName":"Employee","Status":"Active","CreatedOn":"2026-06-12T23:10:13.1851457","UpdatedOn":null,"$type":"EmployeeDto"},{"EmployeeId":2,"FirstName":"harsh","LastName":"rathore","FullName":"harsh rathore","Email":"harsh@gmail.com","PhoneNumber":"7976681235","Gender":"Male","DOB":"2005-07-03T00:00:00.0000000","DOJ":"2026-06-12T00:00:00.0000000","DepartmentId":3,"DepartmentName":"Finance","RoleId":1,"RoleName":"Admin","Status":"Active","CreatedOn":"2026-06-12T21:25:47.5693795","UpdatedOn":"2026-06-12T23:08:27.1985056","$type":"EmployeeDto"},{"EmployeeId":5,"FirstName":"lakshya","LastName":"sharma","FullName":"lakshya sharma","Email":"lakshya@gmail.com","PhoneNumber":"8946456765","Gender":"Male","DOB":"2005-03-14T00:00:00.0000000","DOJ":"2026-04-08T00:00:00.0000000","DepartmentId":4,"DepartmentName":"Operations","RoleId":3,"RoleName":"Employee","Status":"Active","CreatedOn":"2026-06-13T08:09:44.8928080","UpdatedOn":null,"$type":"EmployeeDto"},{"EmployeeId":7,"FirstName":"pulkit","LastName":"jain","FullName":"pulkit jain","Email":"pulkitjain@gmail.com","PhoneNumber":"7894561230","Gender":"Male","DOB":"2004-04-14T00:00:00.0000000","DOJ":"2026-06-14T00:00:00.0000000","DepartmentId":4,"DepartmentName":"Operations","RoleId":3,"RoleName":"Employee","Status":"Active","CreatedOn":"2026-06-14T06:41:11.1355668","UpdatedOn":null,"$type":"EmployeeDto"},{"EmployeeId":6,"FirstName":"System","LastName":"Admin","FullName":"System Admin","Email":"admin@wms.com","PhoneNumber":"9999999999","Gender":"Male","DOB":"1990-01-01T00:00:00.0000000","DOJ":"2026-06-13T19:06:47.4733333","DepartmentId":1,"DepartmentName":"HR","RoleId":1,"RoleName":"Admin","Status":"Active","CreatedOn":"2026-06-13T19:06:47.4733333","UpdatedOn":null,"$type":"EmployeeDto"}],"TotalCount":7,"PageNumber":1,"PageSize":100,"TotalPages":1,"HasPreviousPage":false,"HasNextPage":false,"$type":"PagedResult`1"}
2026-06-14 12:43:14.563 +05:30 [INF] WMS Response: GetProjectsQuery {"Items":[{"ProjectId":7,"ProjectName":"CRM","ClientId":3,"ClientName":"Microsoft","StartDate":"2026-06-13T00:00:00.0000000","EndDate":"2026-06-27T00:00:00.0000000","Status":"Active","AllocatedEmployeeCount":1,"CreatedOn":"2026-06-13T17:02:39.7969376","$type":"ProjectDto"},{"ProjectId":2,"ProjectName":"HR Portal","ClientId":3,"ClientName":"Microsoft","StartDate":"2026-01-01T00:00:00.0000000","EndDate":"2026-12-31T00:00:00.0000000","Status":"Active","AllocatedEmployeeCount":3,"CreatedOn":"2026-06-13T02:30:31.6900000","$type":"ProjectDto"},{"ProjectId":3,"ProjectName":"Employee App","ClientId":6,"ClientName":"Google","StartDate":"2026-02-01T00:00:00.0000000","EndDate":"2026-11-30T00:00:00.0000000","Status":"Active","AllocatedEmployeeCount":1,"CreatedOn":"2026-06-13T02:30:31.6900000","$type":"ProjectDto"},{"ProjectId":4,"ProjectName":"Finance Dashboard","ClientId":7,"ClientName":"string","StartDate":"2026-03-01T00:00:00.0000000","EndDate":"2026-10-31T00:00:00.0000000","Status":"Completed","AllocatedEmployeeCount":1,"CreatedOn":"2026-06-13T02:30:31.6900000","$type":"ProjectDto"}],"TotalCount":4,"PageNumber":1,"PageSize":100,"TotalPages":1,"HasPreviousPage":false,"HasNextPage":false,"$type":"PagedResult`1"}
2026-06-14 12:43:14.669 +05:30 [INF] HTTP GET /api/v1/employees responded 200 in 184.6691 ms
2026-06-14 12:43:14.717 +05:30 [INF] HTTP GET /api/v1/projects responded 200 in 231.4547 ms
2026-06-14 12:43:16.478 +05:30 [INF] HTTP OPTIONS /api/v1/allocations responded 204 in 0.0314 ms
2026-06-14 12:43:16.489 +05:30 [INF] WMS Request: GetAllocationsQuery {"EmpId":null,"ProjectId":null,"Status":null,"PageNumber":1,"PageSize":10,"$type":"GetAllocationsQuery"}
2026-06-14 12:43:16.516 +05:30 [INF] WMS Response: GetAllocationsQuery {"Items":[{"AllocationId":8,"EmpId":5,"EmployeeName":"lakshya sharma","DepartmentName":"Operations","ProjectId":7,"ProjectName":"CRM","AssignedOn":"2026-08-15T00:00:00.0000000","Status":true,"CreatedBy":"","CreateDate":"2026-06-13T23:49:50.9229903","UpdatedBy":null,"UpdatedDate":null,"$type":"AllocationDto"},{"AllocationId":6,"EmpId":3,"EmployeeName":"hardik maloo","DepartmentName":"AI-DS","ProjectId":2,"ProjectName":"HR Portal","AssignedOn":"2026-06-29T00:00:00.0000000","Status":false,"CreatedBy":"","CreateDate":"2026-06-13T17:43:55.7346527","UpdatedBy":"admin","UpdatedDate":"2026-06-13T18:29:43.0918397","$type":"AllocationDto"},{"AllocationId":7,"EmpId":2,"EmployeeName":"harsh rathore","DepartmentName":"Finance","ProjectId":2,"ProjectName":"HR Portal","AssignedOn":"2026-06-22T00:00:00.0000000","Status":true,"CreatedBy":"","CreateDate":"2026-06-13T17:52:25.6705390","UpdatedBy":null,"UpdatedDate":null,"$type":"AllocationDto"},{"AllocationId":3,"EmpId":1,"EmployeeName":"Hardik Patel","DepartmentName":"HR","ProjectId":2,"ProjectName":"HR Portal","AssignedOn":"2026-06-13T02:32:33.3600000","Status":true,"CreatedBy":"Admin","CreateDate":"2026-06-13T02:32:33.3600000","UpdatedBy":null,"UpdatedDate":null,"$type":"AllocationDto"},{"AllocationId":4,"EmpId":1,"EmployeeName":"Hardik Patel","DepartmentName":"HR","ProjectId":3,"ProjectName":"Employee App","AssignedOn":"2026-06-13T02:32:33.3600000","Status":false,"CreatedBy":"Admin","CreateDate":"2026-06-13T02:32:33.3600000","UpdatedBy":null,"UpdatedDate":"2026-06-13T17:29:12.8824343","$type":"AllocationDto"},{"AllocationId":5,"EmpId":1,"EmployeeName":"Hardik Patel","DepartmentName":"HR","ProjectId":4,"ProjectName":"Finance Dashboard","AssignedOn":"2026-06-13T02:32:33.3600000","Status":false,"CreatedBy":"Admin","CreateDate":"2026-06-13T02:32:33.3600000","UpdatedBy":null,"UpdatedDate":"2026-06-13T17:29:05.4585258","$type":"AllocationDto"}],"TotalCount":6,"PageNumber":1,"PageSize":10,"TotalPages":1,"HasPreviousPage":false,"HasNextPage":false,"$type":"PagedResult`1"}
2026-06-14 12:43:16.598 +05:30 [INF] HTTP GET /api/v1/allocations responded 200 in 110.1798 ms
2026-06-14 12:50:42.889 +05:30 [INF] HTTP OPTIONS /api/v1/allocations responded 204 in 6.2297 ms
2026-06-14 12:50:42.988 +05:30 [INF] WMS Request: GetAllocationsQuery {"EmpId":null,"ProjectId":null,"Status":null,"PageNumber":1,"PageSize":10,"$type":"GetAllocationsQuery"}
2026-06-14 12:50:43.564 +05:30 [WRN] WMS Long Running Request: GetAllocationsQuery (553ms) {"EmpId":null,"ProjectId":null,"Status":null,"PageNumber":1,"PageSize":10,"$type":"GetAllocationsQuery"}
2026-06-14 12:50:43.582 +05:30 [INF] WMS Response: GetAllocationsQuery {"Items":[{"AllocationId":8,"EmpId":5,"EmployeeName":"lakshya sharma","DepartmentName":"Operations","ProjectId":7,"ProjectName":"CRM","AssignedOn":"2026-08-15T00:00:00.0000000","Status":true,"CreatedBy":"","CreateDate":"2026-06-13T23:49:50.9229903","UpdatedBy":null,"UpdatedDate":null,"$type":"AllocationDto"},{"AllocationId":6,"EmpId":3,"EmployeeName":"hardik maloo","DepartmentName":"AI-DS","ProjectId":2,"ProjectName":"HR Portal","AssignedOn":"2026-06-29T00:00:00.0000000","Status":false,"CreatedBy":"","CreateDate":"2026-06-13T17:43:55.7346527","UpdatedBy":"admin","UpdatedDate":"2026-06-13T18:29:43.0918397","$type":"AllocationDto"},{"AllocationId":7,"EmpId":2,"EmployeeName":"harsh rathore","DepartmentName":"Finance","ProjectId":2,"ProjectName":"HR Portal","AssignedOn":"2026-06-22T00:00:00.0000000","Status":true,"CreatedBy":"","CreateDate":"2026-06-13T17:52:25.6705390","UpdatedBy":null,"UpdatedDate":null,"$type":"AllocationDto"},{"AllocationId":3,"EmpId":1,"EmployeeName":"Hardik Patel","DepartmentName":"HR","ProjectId":2,"ProjectName":"HR Portal","AssignedOn":"2026-06-13T02:32:33.3600000","Status":true,"CreatedBy":"Admin","CreateDate":"2026-06-13T02:32:33.3600000","UpdatedBy":null,"UpdatedDate":null,"$type":"AllocationDto"},{"AllocationId":4,"EmpId":1,"EmployeeName":"Hardik Patel","DepartmentName":"HR","ProjectId":3,"ProjectName":"Employee App","AssignedOn":"2026-06-13T02:32:33.3600000","Status":false,"CreatedBy":"Admin","CreateDate":"2026-06-13T02:32:33.3600000","UpdatedBy":null,"UpdatedDate":"2026-06-13T17:29:12.8824343","$type":"AllocationDto"},{"AllocationId":5,"EmpId":1,"EmployeeName":"Hardik Patel","DepartmentName":"HR","ProjectId":4,"ProjectName":"Finance Dashboard","AssignedOn":"2026-06-13T02:32:33.3600000","Status":false,"CreatedBy":"Admin","CreateDate":"2026-06-13T02:32:33.3600000","UpdatedBy":null,"UpdatedDate":"2026-06-13T17:29:05.4585258","$type":"AllocationDto"}],"TotalCount":6,"PageNumber":1,"PageSize":10,"TotalPages":1,"HasPreviousPage":false,"HasNextPage":false,"$type":"PagedResult`1"}
2026-06-14 12:50:43.671 +05:30 [INF] HTTP GET /api/v1/allocations responded 200 in 752.3501 ms
2026-06-14 12:53:58.467 +05:30 [INF] HTTP OPTIONS /api/v1/allocations responded 204 in 6.3998 ms
2026-06-14 12:53:58.521 +05:30 [INF] WMS Request: GetAllocationsQuery {"EmpId":null,"ProjectId":null,"Status":null,"PageNumber":1,"PageSize":10,"$type":"GetAllocationsQuery"}
2026-06-14 12:53:58.911 +05:30 [INF] WMS Response: GetAllocationsQuery {"Items":[{"AllocationId":8,"EmpId":5,"EmployeeName":"lakshya sharma","DepartmentName":"Operations","ProjectId":7,"ProjectName":"CRM","AssignedOn":"2026-08-15T00:00:00.0000000","Status":true,"CreatedBy":"","CreateDate":"2026-06-13T23:49:50.9229903","UpdatedBy":null,"UpdatedDate":null,"$type":"AllocationDto"},{"AllocationId":6,"EmpId":3,"EmployeeName":"hardik maloo","DepartmentName":"AI-DS","ProjectId":2,"ProjectName":"HR Portal","AssignedOn":"2026-06-29T00:00:00.0000000","Status":false,"CreatedBy":"","CreateDate":"2026-06-13T17:43:55.7346527","UpdatedBy":"admin","UpdatedDate":"2026-06-13T18:29:43.0918397","$type":"AllocationDto"},{"AllocationId":7,"EmpId":2,"EmployeeName":"harsh rathore","DepartmentName":"Finance","ProjectId":2,"ProjectName":"HR Portal","AssignedOn":"2026-06-22T00:00:00.0000000","Status":true,"CreatedBy":"","CreateDate":"2026-06-13T17:52:25.6705390","UpdatedBy":null,"UpdatedDate":null,"$type":"AllocationDto"},{"AllocationId":3,"EmpId":1,"EmployeeName":"Hardik Patel","DepartmentName":"HR","ProjectId":2,"ProjectName":"HR Portal","AssignedOn":"2026-06-13T02:32:33.3600000","Status":true,"CreatedBy":"Admin","CreateDate":"2026-06-13T02:32:33.3600000","UpdatedBy":null,"UpdatedDate":null,"$type":"AllocationDto"},{"AllocationId":4,"EmpId":1,"EmployeeName":"Hardik Patel","DepartmentName":"HR","ProjectId":3,"ProjectName":"Employee App","AssignedOn":"2026-06-13T02:32:33.3600000","Status":false,"CreatedBy":"Admin","CreateDate":"2026-06-13T02:32:33.3600000","UpdatedBy":null,"UpdatedDate":"2026-06-13T17:29:12.8824343","$type":"AllocationDto"},{"AllocationId":5,"EmpId":1,"EmployeeName":"Hardik Patel","DepartmentName":"HR","ProjectId":4,"ProjectName":"Finance Dashboard","AssignedOn":"2026-06-13T02:32:33.3600000","Status":false,"CreatedBy":"Admin","CreateDate":"2026-06-13T02:32:33.3600000","UpdatedBy":null,"UpdatedDate":"2026-06-13T17:29:05.4585258","$type":"AllocationDto"}],"TotalCount":6,"PageNumber":1,"PageSize":10,"TotalPages":1,"HasPreviousPage":false,"HasNextPage":false,"$type":"PagedResult`1"}
2026-06-14 12:53:59.008 +05:30 [INF] HTTP GET /api/v1/allocations responded 200 in 514.1211 ms
2026-06-14 12:54:00.253 +05:30 [INF] HTTP OPTIONS /api/v1/dashboard/summary responded 204 in 0.4151 ms
2026-06-14 12:54:00.268 +05:30 [INF] WMS Request: GetDashboardSummaryQuery {"$type":"GetDashboardSummaryQuery"}
2026-06-14 12:54:00.694 +05:30 [INF] WMS Response: GetDashboardSummaryQuery {"TotalEmployees":7,"ActiveEmployees":5,"TotalDepartments":4,"TotalProjects":4,"ActiveProjects":3,"TotalClients":4,"TodayAttendanceCount":0,"PendingLeaves":1,"AttendanceTrend":[{"Date":"Jun 08","Present":1,"Absent":0,"WFH":1,"WFO":0,"$type":"AttendanceTrendDto"},{"Date":"Jun 09","Present":1,"Absent":0,"WFH":0,"WFO":1,"$type":"AttendanceTrendDto"},{"Date":"Jun 10","Present":1,"Absent":0,"WFH":1,"WFO":0,"$type":"AttendanceTrendDto"},{"Date":"Jun 11","Present":1,"Absent":0,"WFH":0,"WFO":1,"$type":"AttendanceTrendDto"},{"Date":"Jun 12","Present":1,"Absent":0,"WFH":1,"WFO":0,"$type":"AttendanceTrendDto"},{"Date":"Jun 13","Present":3,"Absent":0,"WFH":1,"WFO":2,"$type":"AttendanceTrendDto"}],"LeaveTrend":[{"Month":"2/2026","Approved":1,"Pending":0,"Rejected":0,"$type":"LeaveTrendDto"},{"Month":"3/2026","Approved":0,"Pending":0,"Rejected":1,"$type":"LeaveTrendDto"},{"Month":"4/2026","Approved":0,"Pending":0,"Rejected":1,"$type":"LeaveTrendDto"},{"Month":"5/2026","Approved":1,"Pending":0,"Rejected":0,"$type":"LeaveTrendDto"},{"Month":"6/2026","Approved":4,"Pending":1,"Rejected":2,"$type":"LeaveTrendDto"}],"DepartmentDistribution":[{"DepartmentName":"Operations","EmployeeCount":2,"$type":"DepartmentDistributionDto"},{"DepartmentName":"AI-DS","EmployeeCount":1,"$type":"DepartmentDistributionDto"},{"DepartmentName":"HR","EmployeeCount":1,"$type":"DepartmentDistributionDto"},{"DepartmentName":"Finance","EmployeeCount":1,"$type":"DepartmentDistributionDto"}],"ProjectStatusDistribution":[{"Status":"Active","Count":3,"$type":"ProjectStatusDto"},{"Status":"Completed","Count":1,"$type":"ProjectStatusDto"}],"RecentAnnouncements":[{"AnnouncementId":3,"Title":"Meeting","Message":"Monthly review meeting","CreatedBy":0,"CreatedByName":"Hardik Patel","CreatedOn":"2026-06-13T02:26:06.7300000","IsActive":true,"$type":"AnnouncementDto"},{"AnnouncementId":4,"Title":"Policy Update","Message":"New HR policy released","CreatedBy":0,"CreatedByName":"Hardik Patel","CreatedOn":"2026-06-13T02:26:06.7300000","IsActive":true,"$type":"AnnouncementDto"},{"AnnouncementId":5,"Title":"Training","Message":"AI training scheduled","CreatedBy":0,"CreatedByName":"Hardik Patel","CreatedOn":"2026-06-13T02:26:06.7300000","IsActive":true,"$type":"AnnouncementDto"}],"$type":"DashboardSummaryDto"}
2026-06-14 12:54:00.794 +05:30 [INF] HTTP GET /api/v1/dashboard/summary responded 200 in 531.9949 ms
2026-06-14 13:04:14.881 +05:30 [INF] HTTP OPTIONS /api/v1/auth/logout responded 204 in 4.8490 ms
2026-06-14 13:04:15.170 +05:30 [INF] WMS Request: LogoutCommand {"Username":"admin","$type":"LogoutCommand"}
2026-06-14 13:04:15.693 +05:30 [WRN] WMS Long Running Request: LogoutCommand (517ms) {"Username":"admin","$type":"LogoutCommand"}
2026-06-14 13:04:15.696 +05:30 [INF] WMS Response: LogoutCommand {"$type":"Unit"}
2026-06-14 13:04:15.699 +05:30 [INF] HTTP POST /api/v1/auth/logout responded 200 in 792.1795 ms
2026-06-14 13:04:55.415 +05:30 [INF] HTTP OPTIONS /api/v1/auth/login responded 204 in 0.0409 ms
2026-06-14 13:04:55.463 +05:30 [INF] WMS Request: LoginCommand {"Username":"admin","Password":"Admin@123","$type":"LoginCommand"}
2026-06-14 13:04:55.790 +05:30 [INF] WMS Response: LoginCommand {"AccessToken":"eyJhbGciOiJIUzI1NiIsInR5cCI6IkpXVCJ9.eyJzdWIiOiIxIiwidW5pcXVlX25hbWUiOiJhZG1pbiIsImh0dHA6Ly9zY2hlbWFzLm1pY3Jvc29mdC5jb20vd3MvMjAwOC8wNi9pZGVudGl0eS9jbGFpbXMvcm9sZSI6IkFkbWluIiwiZW1wbG95ZWVJZCI6IjYiLCJqdGkiOiI5ZjNkMTA1Yy1hM2QzLTQ2ZGYtYTEyZS00NGE3NjdkY2Y1MjQiLCJleHAiOjE3ODE0MjYwOTUsImlzcyI6IldNUy5BUEkiLCJhdWQiOiJXTVMuQ2xpZW50In0.MqdHFpxzekcRVa_I951u_w8s8COxgnKQ6T5gC1AmE_k","RefreshToken":"JmuiLe8xQiqQm5g5pXnK2P+mKvGrZDyh7Zw2TSe+/CSLDQSfNwNb2Nh6d/moWIA5wrfCsovCU4wfyWAYb2mNKg==","ExpiresAt":"2026-06-14T08:34:55.7887713Z","Username":"admin","Role":"Admin","EmployeeId":6,"$type":"LoginResponse"}
2026-06-14 13:04:55.798 +05:30 [INF] HTTP POST /api/v1/auth/login responded 200 in 371.0469 ms
2026-06-14 13:04:55.848 +05:30 [INF] HTTP OPTIONS /api/v1/dashboard/summary responded 204 in 0.0427 ms
2026-06-14 13:04:55.856 +05:30 [INF] WMS Request: GetDashboardSummaryQuery {"$type":"GetDashboardSummaryQuery"}
2026-06-14 13:04:56.020 +05:30 [INF] WMS Response: GetDashboardSummaryQuery {"TotalEmployees":7,"ActiveEmployees":5,"TotalDepartments":4,"TotalProjects":4,"ActiveProjects":3,"TotalClients":4,"TodayAttendanceCount":0,"PendingLeaves":1,"AttendanceTrend":[{"Date":"Jun 08","Present":1,"Absent":0,"WFH":1,"WFO":0,"$type":"AttendanceTrendDto"},{"Date":"Jun 09","Present":1,"Absent":0,"WFH":0,"WFO":1,"$type":"AttendanceTrendDto"},{"Date":"Jun 10","Present":1,"Absent":0,"WFH":1,"WFO":0,"$type":"AttendanceTrendDto"},{"Date":"Jun 11","Present":1,"Absent":0,"WFH":0,"WFO":1,"$type":"AttendanceTrendDto"},{"Date":"Jun 12","Present":1,"Absent":0,"WFH":1,"WFO":0,"$type":"AttendanceTrendDto"},{"Date":"Jun 13","Present":3,"Absent":0,"WFH":1,"WFO":2,"$type":"AttendanceTrendDto"}],"LeaveTrend":[{"Month":"2/2026","Approved":1,"Pending":0,"Rejected":0,"$type":"LeaveTrendDto"},{"Month":"3/2026","Approved":0,"Pending":0,"Rejected":1,"$type":"LeaveTrendDto"},{"Month":"4/2026","Approved":0,"Pending":0,"Rejected":1,"$type":"LeaveTrendDto"},{"Month":"5/2026","Approved":1,"Pending":0,"Rejected":0,"$type":"LeaveTrendDto"},{"Month":"6/2026","Approved":4,"Pending":1,"Rejected":2,"$type":"LeaveTrendDto"}],"DepartmentDistribution":[{"DepartmentName":"Operations","EmployeeCount":2,"$type":"DepartmentDistributionDto"},{"DepartmentName":"AI-DS","EmployeeCount":1,"$type":"DepartmentDistributionDto"},{"DepartmentName":"HR","EmployeeCount":1,"$type":"DepartmentDistributionDto"},{"DepartmentName":"Finance","EmployeeCount":1,"$type":"DepartmentDistributionDto"}],"ProjectStatusDistribution":[{"Status":"Active","Count":3,"$type":"ProjectStatusDto"},{"Status":"Completed","Count":1,"$type":"ProjectStatusDto"}],"RecentAnnouncements":[{"AnnouncementId":3,"Title":"Meeting","Message":"Monthly review meeting","CreatedBy":0,"CreatedByName":"Hardik Patel","CreatedOn":"2026-06-13T02:26:06.7300000","IsActive":true,"$type":"AnnouncementDto"},{"AnnouncementId":4,"Title":"Policy Update","Message":"New HR policy released","CreatedBy":0,"CreatedByName":"Hardik Patel","CreatedOn":"2026-06-13T02:26:06.7300000","IsActive":true,"$type":"AnnouncementDto"},{"AnnouncementId":5,"Title":"Training","Message":"AI training scheduled","CreatedBy":0,"CreatedByName":"Hardik Patel","CreatedOn":"2026-06-13T02:26:06.7300000","IsActive":true,"$type":"AnnouncementDto"}],"$type":"DashboardSummaryDto"}
2026-06-14 13:04:56.134 +05:30 [INF] HTTP GET /api/v1/dashboard/summary responded 200 in 278.5641 ms
2026-06-14 13:05:37.942 +05:30 [INF] HTTP OPTIONS /api/v1/auth/logout responded 204 in 0.0352 ms
2026-06-14 13:05:37.947 +05:30 [INF] WMS Request: LogoutCommand {"Username":"admin","$type":"LogoutCommand"}
2026-06-14 13:05:37.975 +05:30 [INF] WMS Response: LogoutCommand {"$type":"Unit"}
2026-06-14 13:05:37.979 +05:30 [INF] HTTP POST /api/v1/auth/logout responded 200 in 33.0024 ms
2026-06-14 13:06:14.714 +05:30 [INF] HTTP OPTIONS /api/v1/auth/login responded 204 in 0.0437 ms
2026-06-14 13:06:14.734 +05:30 [INF] WMS Request: LoginCommand {"Username":"pulkit","Password":"Pulkit@123","$type":"LoginCommand"}
2026-06-14 13:06:15.229 +05:30 [INF] WMS Response: LoginCommand {"AccessToken":"eyJhbGciOiJIUzI1NiIsInR5cCI6IkpXVCJ9.eyJzdWIiOiI3IiwidW5pcXVlX25hbWUiOiJwdWxraXQiLCJodHRwOi8vc2NoZW1hcy5taWNyb3NvZnQuY29tL3dzLzIwMDgvMDYvaWRlbnRpdHkvY2xhaW1zL3JvbGUiOiJFbXBsb3llZSIsImVtcGxveWVlSWQiOiI3IiwianRpIjoiOGUxNjY2ZDMtZWVhOS00MjFlLTk1ZmEtODNhMDY4Mzg3ZThlIiwiZXhwIjoxNzgxNDI2MTc1LCJpc3MiOiJXTVMuQVBJIiwiYXVkIjoiV01TLkNsaWVudCJ9.iWMXLaYyldtgjJVKTjWCgtw0gtw4zSCKTvGsIjX9Wd8","RefreshToken":"EN/eogIfL3fwK96fEaiP3AA+b4+AZDoUxp0iruiliuhCoh0Vps9v7CHs1ZZBimcyMqhoEtgZbthDmUOzCQmuag==","ExpiresAt":"2026-06-14T08:36:15.2290487Z","Username":"pulkit","Role":"Employee","EmployeeId":7,"$type":"LoginResponse"}
2026-06-14 13:06:15.238 +05:30 [INF] HTTP POST /api/v1/auth/login responded 200 in 515.0460 ms
2026-06-14 13:06:15.272 +05:30 [INF] HTTP OPTIONS /api/v1/dashboard/summary responded 204 in 0.0256 ms
2026-06-14 13:06:15.297 +05:30 [INF] HTTP GET /api/v1/dashboard/summary responded 403 in 21.6828 ms
2026-06-14 13:07:44.721 +05:30 [WRN] As of ""2026-06-14T07:37:40.8998008+00:00"", the heartbeat has been running for ""00:00:01.0413636"" which is longer than ""00:00:01"". This could be caused by thread pool starvation.
2026-06-14 13:10:19.174 +05:30 [INF] HTTP OPTIONS /api/v1/auth/login responded 204 in 2.8844 ms
2026-06-14 13:10:19.241 +05:30 [INF] WMS Request: LoginCommand {"Username":"admin","Password":"Admin@123","$type":"LoginCommand"}
2026-06-14 13:10:19.814 +05:30 [WRN] WMS Long Running Request: LoginCommand (564ms) {"Username":"admin","Password":"Admin@123","$type":"LoginCommand"}
2026-06-14 13:10:19.819 +05:30 [INF] WMS Response: LoginCommand {"AccessToken":"eyJhbGciOiJIUzI1NiIsInR5cCI6IkpXVCJ9.eyJzdWIiOiIxIiwidW5pcXVlX25hbWUiOiJhZG1pbiIsImh0dHA6Ly9zY2hlbWFzLm1pY3Jvc29mdC5jb20vd3MvMjAwOC8wNi9pZGVudGl0eS9jbGFpbXMvcm9sZSI6IkFkbWluIiwiZW1wbG95ZWVJZCI6IjYiLCJqdGkiOiI2YWMzNTRmMi03MTY4LTRhMjUtYWJjNy1lMmUyNTIyNGI3YmMiLCJleHAiOjE3ODE0MjY0MTksImlzcyI6IldNUy5BUEkiLCJhdWQiOiJXTVMuQ2xpZW50In0.qghSt4oiS84AG-T8lswgoP8uZ1ADl8IUw0E-cscDBTc","RefreshToken":"GGRzoZgGboyiLoa1ClBBdd34lmHo0YiHq870g5wC+JsFEV9jVAIg4u/2I7BVgqxLFDmbRkTEpb4HwW9k0j9KEA==","ExpiresAt":"2026-06-14T08:40:19.8142836Z","Username":"admin","Role":"Admin","EmployeeId":6,"$type":"LoginResponse"}
2026-06-14 13:10:19.827 +05:30 [INF] HTTP POST /api/v1/auth/login responded 200 in 637.4507 ms
2026-06-14 13:10:19.962 +05:30 [INF] HTTP OPTIONS /api/v1/dashboard/summary responded 204 in 0.0333 ms
2026-06-14 13:10:19.975 +05:30 [INF] WMS Request: GetDashboardSummaryQuery {"$type":"GetDashboardSummaryQuery"}
2026-06-14 13:10:20.152 +05:30 [INF] WMS Response: GetDashboardSummaryQuery {"TotalEmployees":7,"ActiveEmployees":5,"TotalDepartments":4,"TotalProjects":4,"ActiveProjects":3,"TotalClients":4,"TodayAttendanceCount":0,"PendingLeaves":1,"AttendanceTrend":[{"Date":"Jun 08","Present":1,"Absent":0,"WFH":1,"WFO":0,"$type":"AttendanceTrendDto"},{"Date":"Jun 09","Present":1,"Absent":0,"WFH":0,"WFO":1,"$type":"AttendanceTrendDto"},{"Date":"Jun 10","Present":1,"Absent":0,"WFH":1,"WFO":0,"$type":"AttendanceTrendDto"},{"Date":"Jun 11","Present":1,"Absent":0,"WFH":0,"WFO":1,"$type":"AttendanceTrendDto"},{"Date":"Jun 12","Present":1,"Absent":0,"WFH":1,"WFO":0,"$type":"AttendanceTrendDto"},{"Date":"Jun 13","Present":3,"Absent":0,"WFH":1,"WFO":2,"$type":"AttendanceTrendDto"}],"LeaveTrend":[{"Month":"2/2026","Approved":1,"Pending":0,"Rejected":0,"$type":"LeaveTrendDto"},{"Month":"3/2026","Approved":0,"Pending":0,"Rejected":1,"$type":"LeaveTrendDto"},{"Month":"4/2026","Approved":0,"Pending":0,"Rejected":1,"$type":"LeaveTrendDto"},{"Month":"5/2026","Approved":1,"Pending":0,"Rejected":0,"$type":"LeaveTrendDto"},{"Month":"6/2026","Approved":4,"Pending":1,"Rejected":2,"$type":"LeaveTrendDto"}],"DepartmentDistribution":[{"DepartmentName":"Operations","EmployeeCount":2,"$type":"DepartmentDistributionDto"},{"DepartmentName":"AI-DS","EmployeeCount":1,"$type":"DepartmentDistributionDto"},{"DepartmentName":"HR","EmployeeCount":1,"$type":"DepartmentDistributionDto"},{"DepartmentName":"Finance","EmployeeCount":1,"$type":"DepartmentDistributionDto"}],"ProjectStatusDistribution":[{"Status":"Active","Count":3,"$type":"ProjectStatusDto"},{"Status":"Completed","Count":1,"$type":"ProjectStatusDto"}],"RecentAnnouncements":[{"AnnouncementId":3,"Title":"Meeting","Message":"Monthly review meeting","CreatedBy":0,"CreatedByName":"Hardik Patel","CreatedOn":"2026-06-13T02:26:06.7300000","IsActive":true,"$type":"AnnouncementDto"},{"AnnouncementId":4,"Title":"Policy Update","Message":"New HR policy released","CreatedBy":0,"CreatedByName":"Hardik Patel","CreatedOn":"2026-06-13T02:26:06.7300000","IsActive":true,"$type":"AnnouncementDto"},{"AnnouncementId":5,"Title":"Training","Message":"AI training scheduled","CreatedBy":0,"CreatedByName":"Hardik Patel","CreatedOn":"2026-06-13T02:26:06.7300000","IsActive":true,"$type":"AnnouncementDto"}],"$type":"DashboardSummaryDto"}
2026-06-14 13:10:20.272 +05:30 [INF] HTTP GET /api/v1/dashboard/summary responded 200 in 301.3517 ms
2026-06-14 13:28:43.087 +05:30 [INF] HTTP OPTIONS /api/v1/employees responded 204 in 3.4749 ms
2026-06-14 13:28:43.087 +05:30 [INF] HTTP OPTIONS /api/v1/departments responded 204 in 3.4868 ms
2026-06-14 13:28:43.209 +05:30 [INF] WMS Request: GetDepartmentsQuery {"$type":"GetDepartmentsQuery"}
2026-06-14 13:28:43.212 +05:30 [INF] WMS Request: GetEmployeesQuery {"Search":null,"DepartmentId":null,"RoleId":null,"Status":"Active","PageNumber":1,"PageSize":10,"$type":"GetEmployeesQuery"}
2026-06-14 13:28:43.656 +05:30 [INF] WMS Response: GetDepartmentsQuery [{"DepartmentId":1,"DepartmentName":"HR","Description":"Human Resourcesss","EmployeeCount":2,"CreatedOn":"2024-01-01T00:00:00.0000000","$type":"DepartmentDto"},{"DepartmentId":3,"DepartmentName":"Finance","Description":"Finance & Accounts","EmployeeCount":1,"CreatedOn":"2024-01-01T00:00:00.0000000","$type":"DepartmentDto"},{"DepartmentId":4,"DepartmentName":"Operations","Description":"Business Operations","EmployeeCount":2,"CreatedOn":"2024-01-01T00:00:00.0000000","$type":"DepartmentDto"},{"DepartmentId":5,"DepartmentName":"AI-DS","Description":"artificial intelligence and data science","EmployeeCount":2,"CreatedOn":"2026-06-11T15:03:13.6443056","$type":"DepartmentDto"}]
2026-06-14 13:28:43.671 +05:30 [INF] WMS Response: GetEmployeesQuery {"Items":[{"EmployeeId":3,"FirstName":"hardik","LastName":"maloo","FullName":"hardik maloo","Email":"hardikmaloo21@gmail.com","PhoneNumber":"8107663009","Gender":"Male","DOB":"2004-06-21T00:00:00.0000000","DOJ":"2026-06-04T00:00:00.0000000","DepartmentId":5,"DepartmentName":"AI-DS","RoleId":3,"RoleName":"Employee","Status":"Active","CreatedOn":"2026-06-12T23:10:13.1851457","UpdatedOn":null,"$type":"EmployeeDto"},{"EmployeeId":2,"FirstName":"harsh","LastName":"rathore","FullName":"harsh rathore","Email":"harsh@gmail.com","PhoneNumber":"7976681235","Gender":"Male","DOB":"2005-07-03T00:00:00.0000000","DOJ":"2026-06-12T00:00:00.0000000","DepartmentId":3,"DepartmentName":"Finance","RoleId":1,"RoleName":"Admin","Status":"Active","CreatedOn":"2026-06-12T21:25:47.5693795","UpdatedOn":"2026-06-12T23:08:27.1985056","$type":"EmployeeDto"},{"EmployeeId":5,"FirstName":"lakshya","LastName":"sharma","FullName":"lakshya sharma","Email":"lakshya@gmail.com","PhoneNumber":"8946456765","Gender":"Male","DOB":"2005-03-14T00:00:00.0000000","DOJ":"2026-04-08T00:00:00.0000000","DepartmentId":4,"DepartmentName":"Operations","RoleId":3,"RoleName":"Employee","Status":"Active","CreatedOn":"2026-06-13T08:09:44.8928080","UpdatedOn":null,"$type":"EmployeeDto"},{"EmployeeId":7,"FirstName":"pulkit","LastName":"jain","FullName":"pulkit jain","Email":"pulkitjain@gmail.com","PhoneNumber":"7894561230","Gender":"Male","DOB":"2004-04-14T00:00:00.0000000","DOJ":"2026-06-14T00:00:00.0000000","DepartmentId":4,"DepartmentName":"Operations","RoleId":3,"RoleName":"Employee","Status":"Active","CreatedOn":"2026-06-14T06:41:11.1355668","UpdatedOn":null,"$type":"EmployeeDto"},{"EmployeeId":6,"FirstName":"System","LastName":"Admin","FullName":"System Admin","Email":"admin@wms.com","PhoneNumber":"9999999999","Gender":"Male","DOB":"1990-01-01T00:00:00.0000000","DOJ":"2026-06-13T19:06:47.4733333","DepartmentId":1,"DepartmentName":"HR","RoleId":1,"RoleName":"Admin","Status":"Active","CreatedOn":"2026-06-13T19:06:47.4733333","UpdatedOn":null,"$type":"EmployeeDto"}],"TotalCount":5,"PageNumber":1,"PageSize":10,"TotalPages":1,"HasPreviousPage":false,"HasNextPage":false,"$type":"PagedResult`1"}
2026-06-14 13:28:43.718 +05:30 [INF] HTTP GET /api/v1/departments responded 200 in 595.7358 ms
2026-06-14 13:28:43.817 +05:30 [INF] HTTP GET /api/v1/employees responded 200 in 686.7621 ms
2026-06-14 13:28:46.802 +05:30 [INF] WMS Request: GetDepartmentsQuery {"$type":"GetDepartmentsQuery"}
2026-06-14 13:28:46.818 +05:30 [INF] WMS Response: GetDepartmentsQuery [{"DepartmentId":1,"DepartmentName":"HR","Description":"Human Resourcesss","EmployeeCount":2,"CreatedOn":"2024-01-01T00:00:00.0000000","$type":"DepartmentDto"},{"DepartmentId":3,"DepartmentName":"Finance","Description":"Finance & Accounts","EmployeeCount":1,"CreatedOn":"2024-01-01T00:00:00.0000000","$type":"DepartmentDto"},{"DepartmentId":4,"DepartmentName":"Operations","Description":"Business Operations","EmployeeCount":2,"CreatedOn":"2024-01-01T00:00:00.0000000","$type":"DepartmentDto"},{"DepartmentId":5,"DepartmentName":"AI-DS","Description":"artificial intelligence and data science","EmployeeCount":2,"CreatedOn":"2026-06-11T15:03:13.6443056","$type":"DepartmentDto"}]
2026-06-14 13:28:46.849 +05:30 [INF] HTTP GET /api/v1/departments responded 200 in 46.9025 ms
2026-06-14 13:28:48.523 +05:30 [INF] HTTP OPTIONS /api/v1/departments responded 204 in 0.0348 ms
2026-06-14 13:28:48.524 +05:30 [INF] HTTP OPTIONS /api/v1/employees responded 204 in 0.0354 ms
2026-06-14 13:28:48.532 +05:30 [INF] WMS Request: GetDepartmentsQuery {"$type":"GetDepartmentsQuery"}
2026-06-14 13:28:48.546 +05:30 [INF] WMS Request: GetEmployeesQuery {"Search":null,"DepartmentId":null,"RoleId":null,"Status":"Active","PageNumber":1,"PageSize":10,"$type":"GetEmployeesQuery"}
2026-06-14 13:28:48.550 +05:30 [INF] WMS Response: GetDepartmentsQuery [{"DepartmentId":1,"DepartmentName":"HR","Description":"Human Resourcesss","EmployeeCount":2,"CreatedOn":"2024-01-01T00:00:00.0000000","$type":"DepartmentDto"},{"DepartmentId":3,"DepartmentName":"Finance","Description":"Finance & Accounts","EmployeeCount":1,"CreatedOn":"2024-01-01T00:00:00.0000000","$type":"DepartmentDto"},{"DepartmentId":4,"DepartmentName":"Operations","Description":"Business Operations","EmployeeCount":2,"CreatedOn":"2024-01-01T00:00:00.0000000","$type":"DepartmentDto"},{"DepartmentId":5,"DepartmentName":"AI-DS","Description":"artificial intelligence and data science","EmployeeCount":2,"CreatedOn":"2026-06-11T15:03:13.6443056","$type":"DepartmentDto"}]
2026-06-14 13:28:48.579 +05:30 [INF] WMS Response: GetEmployeesQuery {"Items":[{"EmployeeId":3,"FirstName":"hardik","LastName":"maloo","FullName":"hardik maloo","Email":"hardikmaloo21@gmail.com","PhoneNumber":"8107663009","Gender":"Male","DOB":"2004-06-21T00:00:00.0000000","DOJ":"2026-06-04T00:00:00.0000000","DepartmentId":5,"DepartmentName":"AI-DS","RoleId":3,"RoleName":"Employee","Status":"Active","CreatedOn":"2026-06-12T23:10:13.1851457","UpdatedOn":null,"$type":"EmployeeDto"},{"EmployeeId":2,"FirstName":"harsh","LastName":"rathore","FullName":"harsh rathore","Email":"harsh@gmail.com","PhoneNumber":"7976681235","Gender":"Male","DOB":"2005-07-03T00:00:00.0000000","DOJ":"2026-06-12T00:00:00.0000000","DepartmentId":3,"DepartmentName":"Finance","RoleId":1,"RoleName":"Admin","Status":"Active","CreatedOn":"2026-06-12T21:25:47.5693795","UpdatedOn":"2026-06-12T23:08:27.1985056","$type":"EmployeeDto"},{"EmployeeId":5,"FirstName":"lakshya","LastName":"sharma","FullName":"lakshya sharma","Email":"lakshya@gmail.com","PhoneNumber":"8946456765","Gender":"Male","DOB":"2005-03-14T00:00:00.0000000","DOJ":"2026-04-08T00:00:00.0000000","DepartmentId":4,"DepartmentName":"Operations","RoleId":3,"RoleName":"Employee","Status":"Active","CreatedOn":"2026-06-13T08:09:44.8928080","UpdatedOn":null,"$type":"EmployeeDto"},{"EmployeeId":7,"FirstName":"pulkit","LastName":"jain","FullName":"pulkit jain","Email":"pulkitjain@gmail.com","PhoneNumber":"7894561230","Gender":"Male","DOB":"2004-04-14T00:00:00.0000000","DOJ":"2026-06-14T00:00:00.0000000","DepartmentId":4,"DepartmentName":"Operations","RoleId":3,"RoleName":"Employee","Status":"Active","CreatedOn":"2026-06-14T06:41:11.1355668","UpdatedOn":null,"$type":"EmployeeDto"},{"EmployeeId":6,"FirstName":"System","LastName":"Admin","FullName":"System Admin","Email":"admin@wms.com","PhoneNumber":"9999999999","Gender":"Male","DOB":"1990-01-01T00:00:00.0000000","DOJ":"2026-06-13T19:06:47.4733333","DepartmentId":1,"DepartmentName":"HR","RoleId":1,"RoleName":"Admin","Status":"Active","CreatedOn":"2026-06-13T19:06:47.4733333","UpdatedOn":null,"$type":"EmployeeDto"}],"TotalCount":5,"PageNumber":1,"PageSize":10,"TotalPages":1,"HasPreviousPage":false,"HasNextPage":false,"$type":"PagedResult`1"}
2026-06-14 13:28:48.588 +05:30 [INF] HTTP GET /api/v1/departments responded 200 in 57.3750 ms
2026-06-14 13:28:48.684 +05:30 [INF] HTTP GET /api/v1/employees responded 200 in 148.7866 ms
2026-06-14 13:28:49.669 +05:30 [INF] WMS Request: GetDepartmentsQuery {"$type":"GetDepartmentsQuery"}
2026-06-14 13:28:49.686 +05:30 [INF] WMS Response: GetDepartmentsQuery [{"DepartmentId":1,"DepartmentName":"HR","Description":"Human Resourcesss","EmployeeCount":2,"CreatedOn":"2024-01-01T00:00:00.0000000","$type":"DepartmentDto"},{"DepartmentId":3,"DepartmentName":"Finance","Description":"Finance & Accounts","EmployeeCount":1,"CreatedOn":"2024-01-01T00:00:00.0000000","$type":"DepartmentDto"},{"DepartmentId":4,"DepartmentName":"Operations","Description":"Business Operations","EmployeeCount":2,"CreatedOn":"2024-01-01T00:00:00.0000000","$type":"DepartmentDto"},{"DepartmentId":5,"DepartmentName":"AI-DS","Description":"artificial intelligence and data science","EmployeeCount":2,"CreatedOn":"2026-06-11T15:03:13.6443056","$type":"DepartmentDto"}]
2026-06-14 13:28:49.712 +05:30 [INF] HTTP GET /api/v1/departments responded 200 in 42.7220 ms
2026-06-14 13:28:51.065 +05:30 [INF] HTTP OPTIONS /api/v1/attendance/today responded 204 in 0.0952 ms
2026-06-14 13:28:51.068 +05:30 [INF] HTTP OPTIONS /api/v1/employees responded 204 in 0.0307 ms
2026-06-14 13:28:51.075 +05:30 [INF] WMS Request: GetEmployeesQuery {"Search":null,"DepartmentId":null,"RoleId":null,"Status":null,"PageNumber":1,"PageSize":500,"$type":"GetEmployeesQuery"}
2026-06-14 13:28:51.078 +05:30 [INF] WMS Request: GetTodayAttendanceQuery {"$type":"GetTodayAttendanceQuery"}
2026-06-14 13:28:51.107 +05:30 [INF] WMS Response: GetEmployeesQuery {"Items":[{"EmployeeId":4,"FirstName":"aditya","LastName":"batwara","FullName":"aditya batwara","Email":"aditya21@gmail.com","PhoneNumber":"7414040730","Gender":"Male","DOB":"2004-02-21T00:00:00.0000000","DOJ":"2026-04-07T00:00:00.0000000","DepartmentId":5,"DepartmentName":"AI-DS","RoleId":3,"RoleName":"Employee","Status":"Inactive","CreatedOn":"2026-06-12T23:12:11.5907684","UpdatedOn":"2026-06-13T12:36:11.3585878","$type":"EmployeeDto"},{"EmployeeId":1,"FirstName":"Hardik","LastName":"Patel","FullName":"Hardik Patel","Email":"hardik@test.com","PhoneNumber":"7737131410","Gender":"Male","DOB":"2004-06-21T00:00:00.0000000","DOJ":"2026-06-08T00:00:00.0000000","DepartmentId":1,"DepartmentName":"HR","RoleId":2,"RoleName":"Manager","Status":"Inactive","CreatedOn":"2026-06-11T15:03:58.6936554","UpdatedOn":"2026-06-13T23:49:09.2801027","$type":"EmployeeDto"},{"EmployeeId":3,"FirstName":"hardik","LastName":"maloo","FullName":"hardik maloo","Email":"hardikmaloo21@gmail.com","PhoneNumber":"8107663009","Gender":"Male","DOB":"2004-06-21T00:00:00.0000000","DOJ":"2026-06-04T00:00:00.0000000","DepartmentId":5,"DepartmentName":"AI-DS","RoleId":3,"RoleName":"Employee","Status":"Active","CreatedOn":"2026-06-12T23:10:13.1851457","UpdatedOn":null,"$type":"EmployeeDto"},{"EmployeeId":2,"FirstName":"harsh","LastName":"rathore","FullName":"harsh rathore","Email":"harsh@gmail.com","PhoneNumber":"7976681235","Gender":"Male","DOB":"2005-07-03T00:00:00.0000000","DOJ":"2026-06-12T00:00:00.0000000","DepartmentId":3,"DepartmentName":"Finance","RoleId":1,"RoleName":"Admin","Status":"Active","CreatedOn":"2026-06-12T21:25:47.5693795","UpdatedOn":"2026-06-12T23:08:27.1985056","$type":"EmployeeDto"},{"EmployeeId":5,"FirstName":"lakshya","LastName":"sharma","FullName":"lakshya sharma","Email":"lakshya@gmail.com","PhoneNumber":"8946456765","Gender":"Male","DOB":"2005-03-14T00:00:00.0000000","DOJ":"2026-04-08T00:00:00.0000000","DepartmentId":4,"DepartmentName":"Operations","RoleId":3,"RoleName":"Employee","Status":"Active","CreatedOn":"2026-06-13T08:09:44.8928080","UpdatedOn":null,"$type":"EmployeeDto"},{"EmployeeId":7,"FirstName":"pulkit","LastName":"jain","FullName":"pulkit jain","Email":"pulkitjain@gmail.com","PhoneNumber":"7894561230","Gender":"Male","DOB":"2004-04-14T00:00:00.0000000","DOJ":"2026-06-14T00:00:00.0000000","DepartmentId":4,"DepartmentName":"Operations","RoleId":3,"RoleName":"Employee","Status":"Active","CreatedOn":"2026-06-14T06:41:11.1355668","UpdatedOn":null,"$type":"EmployeeDto"},{"EmployeeId":6,"FirstName":"System","LastName":"Admin","FullName":"System Admin","Email":"admin@wms.com","PhoneNumber":"9999999999","Gender":"Male","DOB":"1990-01-01T00:00:00.0000000","DOJ":"2026-06-13T19:06:47.4733333","DepartmentId":1,"DepartmentName":"HR","RoleId":1,"RoleName":"Admin","Status":"Active","CreatedOn":"2026-06-13T19:06:47.4733333","UpdatedOn":null,"$type":"EmployeeDto"}],"TotalCount":7,"PageNumber":1,"PageSize":500,"TotalPages":1,"HasPreviousPage":false,"HasNextPage":false,"$type":"PagedResult`1"}
2026-06-14 13:28:51.120 +05:30 [INF] WMS Response: GetTodayAttendanceQuery []
2026-06-14 13:28:51.230 +05:30 [INF] HTTP GET /api/v1/employees responded 200 in 155.3877 ms
2026-06-14 13:28:51.233 +05:30 [INF] HTTP GET /api/v1/attendance/today responded 200 in 161.0159 ms
2026-06-14 13:28:52.850 +05:30 [INF] HTTP OPTIONS /api/v1/projects responded 204 in 0.0324 ms
2026-06-14 13:28:52.862 +05:30 [INF] WMS Request: GetProjectsQuery {"Search":null,"Status":null,"ClientId":null,"PageNumber":1,"PageSize":10,"$type":"GetProjectsQuery"}
2026-06-14 13:28:52.919 +05:30 [INF] WMS Response: GetProjectsQuery {"Items":[{"ProjectId":7,"ProjectName":"CRM","ClientId":3,"ClientName":"Microsoft","StartDate":"2026-06-13T00:00:00.0000000","EndDate":"2026-06-27T00:00:00.0000000","Status":"Active","AllocatedEmployeeCount":1,"CreatedOn":"2026-06-13T17:02:39.7969376","$type":"ProjectDto"},{"ProjectId":2,"ProjectName":"HR Portal","ClientId":3,"ClientName":"Microsoft","StartDate":"2026-01-01T00:00:00.0000000","EndDate":"2026-12-31T00:00:00.0000000","Status":"Active","AllocatedEmployeeCount":3,"CreatedOn":"2026-06-13T02:30:31.6900000","$type":"ProjectDto"},{"ProjectId":3,"ProjectName":"Employee App","ClientId":6,"ClientName":"Google","StartDate":"2026-02-01T00:00:00.0000000","EndDate":"2026-11-30T00:00:00.0000000","Status":"Active","AllocatedEmployeeCount":1,"CreatedOn":"2026-06-13T02:30:31.6900000","$type":"ProjectDto"},{"ProjectId":4,"ProjectName":"Finance Dashboard","ClientId":7,"ClientName":"string","StartDate":"2026-03-01T00:00:00.0000000","EndDate":"2026-10-31T00:00:00.0000000","Status":"Completed","AllocatedEmployeeCount":1,"CreatedOn":"2026-06-13T02:30:31.6900000","$type":"ProjectDto"}],"TotalCount":4,"PageNumber":1,"PageSize":10,"TotalPages":1,"HasPreviousPage":false,"HasNextPage":false,"$type":"PagedResult`1"}
2026-06-14 13:28:52.965 +05:30 [INF] HTTP GET /api/v1/projects responded 200 in 107.6795 ms
2026-06-14 13:28:55.351 +05:30 [INF] HTTP OPTIONS /api/v1/clients responded 204 in 0.0947 ms
2026-06-14 13:28:55.361 +05:30 [INF] WMS Request: GetClientsQuery {"Search":null,"PageNumber":1,"PageSize":10,"$type":"GetClientsQuery"}
2026-06-14 13:28:55.394 +05:30 [INF] WMS Response: GetClientsQuery {"Items":[{"ClientId":6,"ClientName":"Google","ClientAddress":"California","ClientPhoneNumber":9876543211,"ClientLocation":"USA","Status":true,"CreatedOn":"2026-06-13T02:24:32.4966667","$type":"ClientDto"},{"ClientId":8,"ClientName":"Infosys","ClientAddress":"Bangalore","ClientPhoneNumber":9876543213,"ClientLocation":"India","Status":true,"CreatedOn":"2026-06-13T02:24:32.4966667","$type":"ClientDto"},{"ClientId":3,"ClientName":"Microsoft","ClientAddress":"Redmond","ClientPhoneNumber":9876543210,"ClientLocation":"USA","Status":true,"CreatedOn":"2026-06-13T02:20:16.9833333","$type":"ClientDto"},{"ClientId":7,"ClientName":"string","ClientAddress":"string","ClientPhoneNumber":0,"ClientLocation":"string","Status":true,"CreatedOn":"2026-06-13T02:24:32.4966667","$type":"ClientDto"}],"TotalCount":4,"PageNumber":1,"PageSize":10,"TotalPages":1,"HasPreviousPage":false,"HasNextPage":false,"$type":"PagedResult`1"}
2026-06-14 13:28:55.437 +05:30 [INF] HTTP GET /api/v1/clients responded 200 in 80.4658 ms
2026-06-14 13:28:56.833 +05:30 [INF] HTTP OPTIONS /api/v1/allocations responded 204 in 0.0469 ms
2026-06-14 13:28:56.842 +05:30 [INF] WMS Request: GetAllocationsQuery {"EmpId":null,"ProjectId":null,"Status":null,"PageNumber":1,"PageSize":10,"$type":"GetAllocationsQuery"}
2026-06-14 13:28:56.920 +05:30 [INF] WMS Response: GetAllocationsQuery {"Items":[{"AllocationId":8,"EmpId":5,"EmployeeName":"lakshya sharma","DepartmentName":"Operations","ProjectId":7,"ProjectName":"CRM","AssignedOn":"2026-08-15T00:00:00.0000000","Status":true,"CreatedBy":"","CreateDate":"2026-06-13T23:49:50.9229903","UpdatedBy":null,"UpdatedDate":null,"$type":"AllocationDto"},{"AllocationId":6,"EmpId":3,"EmployeeName":"hardik maloo","DepartmentName":"AI-DS","ProjectId":2,"ProjectName":"HR Portal","AssignedOn":"2026-06-29T00:00:00.0000000","Status":false,"CreatedBy":"","CreateDate":"2026-06-13T17:43:55.7346527","UpdatedBy":"admin","UpdatedDate":"2026-06-13T18:29:43.0918397","$type":"AllocationDto"},{"AllocationId":7,"EmpId":2,"EmployeeName":"harsh rathore","DepartmentName":"Finance","ProjectId":2,"ProjectName":"HR Portal","AssignedOn":"2026-06-22T00:00:00.0000000","Status":true,"CreatedBy":"","CreateDate":"2026-06-13T17:52:25.6705390","UpdatedBy":null,"UpdatedDate":null,"$type":"AllocationDto"},{"AllocationId":3,"EmpId":1,"EmployeeName":"Hardik Patel","DepartmentName":"HR","ProjectId":2,"ProjectName":"HR Portal","AssignedOn":"2026-06-13T02:32:33.3600000","Status":true,"CreatedBy":"Admin","CreateDate":"2026-06-13T02:32:33.3600000","UpdatedBy":null,"UpdatedDate":null,"$type":"AllocationDto"},{"AllocationId":4,"EmpId":1,"EmployeeName":"Hardik Patel","DepartmentName":"HR","ProjectId":3,"ProjectName":"Employee App","AssignedOn":"2026-06-13T02:32:33.3600000","Status":false,"CreatedBy":"Admin","CreateDate":"2026-06-13T02:32:33.3600000","UpdatedBy":null,"UpdatedDate":"2026-06-13T17:29:12.8824343","$type":"AllocationDto"},{"AllocationId":5,"EmpId":1,"EmployeeName":"Hardik Patel","DepartmentName":"HR","ProjectId":4,"ProjectName":"Finance Dashboard","AssignedOn":"2026-06-13T02:32:33.3600000","Status":false,"CreatedBy":"Admin","CreateDate":"2026-06-13T02:32:33.3600000","UpdatedBy":null,"UpdatedDate":"2026-06-13T17:29:05.4585258","$type":"AllocationDto"}],"TotalCount":6,"PageNumber":1,"PageSize":10,"TotalPages":1,"HasPreviousPage":false,"HasNextPage":false,"$type":"PagedResult`1"}
2026-06-14 13:28:57.012 +05:30 [INF] HTTP GET /api/v1/allocations responded 200 in 173.0981 ms
2026-06-14 13:29:00.511 +05:30 [INF] HTTP OPTIONS /api/v1/announcements responded 204 in 0.0277 ms
2026-06-14 13:29:00.523 +05:30 [INF] WMS Request: GetAnnouncementsQuery {"IsActive":null,"PageNumber":1,"PageSize":10,"$type":"GetAnnouncementsQuery"}
2026-06-14 13:29:00.551 +05:30 [INF] WMS Response: GetAnnouncementsQuery {"Items":[{"AnnouncementId":2,"Title":"Holiday","Message":"Office holiday next week yesss","CreatedBy":1,"CreatedByName":"Hardik Patel","CreatedOn":"2026-06-13T02:26:06.7300000","IsActive":false,"$type":"AnnouncementDto"},{"AnnouncementId":3,"Title":"Meeting","Message":"Monthly review meeting","CreatedBy":1,"CreatedByName":"Hardik Patel","CreatedOn":"2026-06-13T02:26:06.7300000","IsActive":true,"$type":"AnnouncementDto"},{"AnnouncementId":4,"Title":"Policy Update","Message":"New HR policy released","CreatedBy":1,"CreatedByName":"Hardik Patel","CreatedOn":"2026-06-13T02:26:06.7300000","IsActive":true,"$type":"AnnouncementDto"},{"AnnouncementId":5,"Title":"Training","Message":"AI training scheduled","CreatedBy":1,"CreatedByName":"Hardik Patel","CreatedOn":"2026-06-13T02:26:06.7300000","IsActive":true,"$type":"AnnouncementDto"}],"TotalCount":4,"PageNumber":1,"PageSize":10,"TotalPages":1,"HasPreviousPage":false,"HasNextPage":false,"$type":"PagedResult`1"}
2026-06-14 13:29:00.598 +05:30 [INF] HTTP GET /api/v1/announcements responded 200 in 79.7387 ms
2026-06-14 13:29:02.489 +05:30 [INF] HTTP OPTIONS /api/v1/dashboard/summary responded 204 in 0.0418 ms
2026-06-14 13:29:02.501 +05:30 [INF] WMS Request: GetDashboardSummaryQuery {"$type":"GetDashboardSummaryQuery"}
2026-06-14 13:29:02.734 +05:30 [INF] WMS Response: GetDashboardSummaryQuery {"TotalEmployees":7,"ActiveEmployees":5,"TotalDepartments":4,"TotalProjects":4,"ActiveProjects":3,"TotalClients":4,"TodayAttendanceCount":0,"PendingLeaves":1,"AttendanceTrend":[{"Date":"Jun 08","Present":1,"Absent":0,"WFH":1,"WFO":0,"$type":"AttendanceTrendDto"},{"Date":"Jun 09","Present":1,"Absent":0,"WFH":0,"WFO":1,"$type":"AttendanceTrendDto"},{"Date":"Jun 10","Present":1,"Absent":0,"WFH":1,"WFO":0,"$type":"AttendanceTrendDto"},{"Date":"Jun 11","Present":1,"Absent":0,"WFH":0,"WFO":1,"$type":"AttendanceTrendDto"},{"Date":"Jun 12","Present":1,"Absent":0,"WFH":1,"WFO":0,"$type":"AttendanceTrendDto"},{"Date":"Jun 13","Present":3,"Absent":0,"WFH":1,"WFO":2,"$type":"AttendanceTrendDto"}],"LeaveTrend":[{"Month":"2/2026","Approved":1,"Pending":0,"Rejected":0,"$type":"LeaveTrendDto"},{"Month":"3/2026","Approved":0,"Pending":0,"Rejected":1,"$type":"LeaveTrendDto"},{"Month":"4/2026","Approved":0,"Pending":0,"Rejected":1,"$type":"LeaveTrendDto"},{"Month":"5/2026","Approved":1,"Pending":0,"Rejected":0,"$type":"LeaveTrendDto"},{"Month":"6/2026","Approved":4,"Pending":1,"Rejected":2,"$type":"LeaveTrendDto"}],"DepartmentDistribution":[{"DepartmentName":"Operations","EmployeeCount":2,"$type":"DepartmentDistributionDto"},{"DepartmentName":"AI-DS","EmployeeCount":1,"$type":"DepartmentDistributionDto"},{"DepartmentName":"HR","EmployeeCount":1,"$type":"DepartmentDistributionDto"},{"DepartmentName":"Finance","EmployeeCount":1,"$type":"DepartmentDistributionDto"}],"ProjectStatusDistribution":[{"Status":"Active","Count":3,"$type":"ProjectStatusDto"},{"Status":"Completed","Count":1,"$type":"ProjectStatusDto"}],"RecentAnnouncements":[{"AnnouncementId":3,"Title":"Meeting","Message":"Monthly review meeting","CreatedBy":0,"CreatedByName":"Hardik Patel","CreatedOn":"2026-06-13T02:26:06.7300000","IsActive":true,"$type":"AnnouncementDto"},{"AnnouncementId":4,"Title":"Policy Update","Message":"New HR policy released","CreatedBy":0,"CreatedByName":"Hardik Patel","CreatedOn":"2026-06-13T02:26:06.7300000","IsActive":true,"$type":"AnnouncementDto"},{"AnnouncementId":5,"Title":"Training","Message":"AI training scheduled","CreatedBy":0,"CreatedByName":"Hardik Patel","CreatedOn":"2026-06-13T02:26:06.7300000","IsActive":true,"$type":"AnnouncementDto"}],"$type":"DashboardSummaryDto"}
2026-06-14 13:29:02.865 +05:30 [INF] HTTP GET /api/v1/dashboard/summary responded 200 in 364.7591 ms
2026-06-14 13:34:09.949 +05:30 [INF] HTTP GET /api/v1/auth/login responded 405 in 39.3847 ms
2026-06-14 13:34:41.184 +05:30 [INF] HTTP OPTIONS /api/v1/auth/logout responded 204 in 3.8305 ms
2026-06-14 13:34:41.229 +05:30 [INF] WMS Request: LogoutCommand {"Username":"admin","$type":"LogoutCommand"}
2026-06-14 13:34:41.369 +05:30 [INF] WMS Response: LogoutCommand {"$type":"Unit"}
2026-06-14 13:34:41.375 +05:30 [INF] HTTP POST /api/v1/auth/logout responded 200 in 178.9893 ms
2026-06-14 13:35:10.745 +05:30 [INF] HTTP OPTIONS /api/v1/auth/login responded 204 in 0.0423 ms
2026-06-14 13:35:10.770 +05:30 [INF] WMS Request: LoginCommand {"Username":"pulkit","Password":"Pulkit@123","$type":"LoginCommand"}
2026-06-14 13:35:11.303 +05:30 [WRN] WMS Long Running Request: LoginCommand (521ms) {"Username":"pulkit","Password":"Pulkit@123","$type":"LoginCommand"}
2026-06-14 13:35:11.306 +05:30 [INF] WMS Response: LoginCommand {"AccessToken":"eyJhbGciOiJIUzI1NiIsInR5cCI6IkpXVCJ9.eyJzdWIiOiI3IiwidW5pcXVlX25hbWUiOiJwdWxraXQiLCJodHRwOi8vc2NoZW1hcy5taWNyb3NvZnQuY29tL3dzLzIwMDgvMDYvaWRlbnRpdHkvY2xhaW1zL3JvbGUiOiJFbXBsb3llZSIsImVtcGxveWVlSWQiOiI3IiwianRpIjoiYjZmZjcxMjEtNmNmNC00Nzk4LTljNDYtNDY1Mjg4OTgyOTQzIiwiZXhwIjoxNzgxNDI3OTExLCJpc3MiOiJXTVMuQVBJIiwiYXVkIjoiV01TLkNsaWVudCJ9.yyEUj7V6wAdaIXDme0I_3by2LksedHlqM6ak53goWdE","RefreshToken":"lzbm1yacF+AzK1OgdVCVWIJbJ2jP+89pjZL7yfuRA2v+WoYbDWEUNaGeLB0ponOdkgAL9pViDbFNkvelUQBmog==","ExpiresAt":"2026-06-14T09:05:11.3024545Z","Username":"pulkit","Role":"Employee","EmployeeId":7,"$type":"LoginResponse"}
2026-06-14 13:35:11.315 +05:30 [INF] HTTP POST /api/v1/auth/login responded 200 in 564.5175 ms
2026-06-14 13:35:11.374 +05:30 [INF] HTTP OPTIONS /api/v1/dashboard/summary responded 204 in 0.0390 ms
2026-06-14 13:35:11.401 +05:30 [INF] HTTP GET /api/v1/dashboard/summary responded 403 in 18.0987 ms
2026-06-14 13:36:02.006 +05:30 [INF] HTTP OPTIONS /api/v1/auth/login responded 204 in 0.2298 ms
2026-06-14 13:36:02.014 +05:30 [INF] WMS Request: LoginCommand {"Username":"pulkit","Password":"Pulkit@123","$type":"LoginCommand"}
2026-06-14 13:36:02.500 +05:30 [INF] WMS Response: LoginCommand {"AccessToken":"eyJhbGciOiJIUzI1NiIsInR5cCI6IkpXVCJ9.eyJzdWIiOiI3IiwidW5pcXVlX25hbWUiOiJwdWxraXQiLCJodHRwOi8vc2NoZW1hcy5taWNyb3NvZnQuY29tL3dzLzIwMDgvMDYvaWRlbnRpdHkvY2xhaW1zL3JvbGUiOiJFbXBsb3llZSIsImVtcGxveWVlSWQiOiI3IiwianRpIjoiZDQ1ZGUwZTItMTFhNC00Nzk1LTk0ZDMtNjJjNTVjZGFmZjBlIiwiZXhwIjoxNzgxNDI3OTYyLCJpc3MiOiJXTVMuQVBJIiwiYXVkIjoiV01TLkNsaWVudCJ9.RSiYgwigF4-OxwtnqPzta35cSRv1FHNRFw9Nc3Rl_mY","RefreshToken":"CRVVzaXD02pY0Gm6kUeS8UXFDWhYr1ubZ+XnFjQ8tRKKmE4tKn80JaP86Fyfxjr0CLdxweq070Nu2i0O4M3urQ==","ExpiresAt":"2026-06-14T09:06:02.5004738Z","Username":"pulkit","Role":"Employee","EmployeeId":7,"$type":"LoginResponse"}
2026-06-14 13:36:02.505 +05:30 [INF] HTTP POST /api/v1/auth/login responded 200 in 492.7253 ms
2026-06-14 13:36:02.654 +05:30 [INF] HTTP OPTIONS /api/v1/dashboard/summary responded 204 in 0.0415 ms
2026-06-14 13:36:02.663 +05:30 [INF] HTTP GET /api/v1/dashboard/summary responded 403 in 0.3390 ms
2026-06-14 13:37:27.258 +05:30 [INF] WMS Request: LoginCommand {"Username":"pulkit","Password":"Pulkit@123","$type":"LoginCommand"}
2026-06-14 13:37:27.700 +05:30 [INF] WMS Response: LoginCommand {"AccessToken":"eyJhbGciOiJIUzI1NiIsInR5cCI6IkpXVCJ9.eyJzdWIiOiI3IiwidW5pcXVlX25hbWUiOiJwdWxraXQiLCJodHRwOi8vc2NoZW1hcy5taWNyb3NvZnQuY29tL3dzLzIwMDgvMDYvaWRlbnRpdHkvY2xhaW1zL3JvbGUiOiJFbXBsb3llZSIsImVtcGxveWVlSWQiOiI3IiwianRpIjoiNzI2OGZjOWEtNjFmYS00ZDMyLThiNjItZGYwN2NlY2QwNzIxIiwiZXhwIjoxNzgxNDI4MDQ3LCJpc3MiOiJXTVMuQVBJIiwiYXVkIjoiV01TLkNsaWVudCJ9.GK1NHSP-fAgutc99bWhdhImBrR_w3dzgoE3StXCOUgc","RefreshToken":"Snp0xFfJWEWDzwxP0vDmLNG6S73UAuJcLdGJxnszUBcsjnkkXO9EZSMUKlnmX1LRf7MQJabPOu+JMDiGd3gNaw==","ExpiresAt":"2026-06-14T09:07:27.6999960Z","Username":"pulkit","Role":"Employee","EmployeeId":7,"$type":"LoginResponse"}
2026-06-14 13:37:27.718 +05:30 [INF] HTTP POST /api/v1/Auth/login responded 200 in 463.6413 ms
2026-06-14 13:39:06.840 +05:30 [INF] HTTP OPTIONS /api/v1/auth/login responded 204 in 0.3042 ms
2026-06-14 13:39:06.852 +05:30 [INF] WMS Request: LoginCommand {"Username":"admin","Password":"Admin@123","$type":"LoginCommand"}
2026-06-14 13:39:07.116 +05:30 [INF] WMS Response: LoginCommand {"AccessToken":"eyJhbGciOiJIUzI1NiIsInR5cCI6IkpXVCJ9.eyJzdWIiOiIxIiwidW5pcXVlX25hbWUiOiJhZG1pbiIsImh0dHA6Ly9zY2hlbWFzLm1pY3Jvc29mdC5jb20vd3MvMjAwOC8wNi9pZGVudGl0eS9jbGFpbXMvcm9sZSI6IkFkbWluIiwiZW1wbG95ZWVJZCI6IjYiLCJqdGkiOiIzZTkzYzY2OS01MDg1LTRlZmMtOTk5Ny1hOGQzNzM4NzM5Y2MiLCJleHAiOjE3ODE0MjgxNDcsImlzcyI6IldNUy5BUEkiLCJhdWQiOiJXTVMuQ2xpZW50In0.nwUUrkZEMEGu_Uae37vSszDpYo77UrkF1uNAfIV3OrM","RefreshToken":"gwQL9BnBuDn/LQ62epDo8ia66KGa3eiTf5oP51eQttMwMiRewgo7rgRutgVxGQNBTdWHzpExa/yfKlXnpxQaUQ==","ExpiresAt":"2026-06-14T09:09:07.1162203Z","Username":"admin","Role":"Admin","EmployeeId":6,"$type":"LoginResponse"}
2026-06-14 13:39:07.126 +05:30 [INF] HTTP POST /api/v1/auth/login responded 200 in 279.2634 ms
2026-06-14 13:39:07.232 +05:30 [INF] HTTP OPTIONS /api/v1/dashboard/summary responded 204 in 0.0325 ms
2026-06-14 13:39:07.245 +05:30 [INF] WMS Request: GetDashboardSummaryQuery {"$type":"GetDashboardSummaryQuery"}
2026-06-14 13:39:07.515 +05:30 [INF] WMS Response: GetDashboardSummaryQuery {"TotalEmployees":7,"ActiveEmployees":5,"TotalDepartments":4,"TotalProjects":4,"ActiveProjects":3,"TotalClients":4,"TodayAttendanceCount":0,"PendingLeaves":1,"AttendanceTrend":[{"Date":"Jun 08","Present":1,"Absent":0,"WFH":1,"WFO":0,"$type":"AttendanceTrendDto"},{"Date":"Jun 09","Present":1,"Absent":0,"WFH":0,"WFO":1,"$type":"AttendanceTrendDto"},{"Date":"Jun 10","Present":1,"Absent":0,"WFH":1,"WFO":0,"$type":"AttendanceTrendDto"},{"Date":"Jun 11","Present":1,"Absent":0,"WFH":0,"WFO":1,"$type":"AttendanceTrendDto"},{"Date":"Jun 12","Present":1,"Absent":0,"WFH":1,"WFO":0,"$type":"AttendanceTrendDto"},{"Date":"Jun 13","Present":3,"Absent":0,"WFH":1,"WFO":2,"$type":"AttendanceTrendDto"}],"LeaveTrend":[{"Month":"2/2026","Approved":1,"Pending":0,"Rejected":0,"$type":"LeaveTrendDto"},{"Month":"3/2026","Approved":0,"Pending":0,"Rejected":1,"$type":"LeaveTrendDto"},{"Month":"4/2026","Approved":0,"Pending":0,"Rejected":1,"$type":"LeaveTrendDto"},{"Month":"5/2026","Approved":1,"Pending":0,"Rejected":0,"$type":"LeaveTrendDto"},{"Month":"6/2026","Approved":4,"Pending":1,"Rejected":2,"$type":"LeaveTrendDto"}],"DepartmentDistribution":[{"DepartmentName":"Operations","EmployeeCount":2,"$type":"DepartmentDistributionDto"},{"DepartmentName":"AI-DS","EmployeeCount":1,"$type":"DepartmentDistributionDto"},{"DepartmentName":"HR","EmployeeCount":1,"$type":"DepartmentDistributionDto"},{"DepartmentName":"Finance","EmployeeCount":1,"$type":"DepartmentDistributionDto"}],"ProjectStatusDistribution":[{"Status":"Active","Count":3,"$type":"ProjectStatusDto"},{"Status":"Completed","Count":1,"$type":"ProjectStatusDto"}],"RecentAnnouncements":[{"AnnouncementId":3,"Title":"Meeting","Message":"Monthly review meeting","CreatedBy":0,"CreatedByName":"Hardik Patel","CreatedOn":"2026-06-13T02:26:06.7300000","IsActive":true,"$type":"AnnouncementDto"},{"AnnouncementId":4,"Title":"Policy Update","Message":"New HR policy released","CreatedBy":0,"CreatedByName":"Hardik Patel","CreatedOn":"2026-06-13T02:26:06.7300000","IsActive":true,"$type":"AnnouncementDto"},{"AnnouncementId":5,"Title":"Training","Message":"AI training scheduled","CreatedBy":0,"CreatedByName":"Hardik Patel","CreatedOn":"2026-06-13T02:26:06.7300000","IsActive":true,"$type":"AnnouncementDto"}],"$type":"DashboardSummaryDto"}
2026-06-14 13:39:07.649 +05:30 [INF] HTTP GET /api/v1/dashboard/summary responded 200 in 405.3700 ms
2026-06-14 13:52:22.749 +05:30 [INF] HTTP OPTIONS /api/v1/dashboard/summary responded 204 in 21.9060 ms
2026-06-14 13:52:22.948 +05:30 [INF] WMS Request: GetDashboardSummaryQuery {"$type":"GetDashboardSummaryQuery"}
2026-06-14 13:52:23.851 +05:30 [WRN] WMS Long Running Request: GetDashboardSummaryQuery (892ms) {"$type":"GetDashboardSummaryQuery"}
2026-06-14 13:52:23.859 +05:30 [INF] WMS Response: GetDashboardSummaryQuery {"TotalEmployees":7,"ActiveEmployees":5,"TotalDepartments":4,"TotalProjects":4,"ActiveProjects":3,"TotalClients":4,"TodayAttendanceCount":0,"PendingLeaves":1,"AttendanceTrend":[{"Date":"Jun 08","Present":1,"Absent":0,"WFH":1,"WFO":0,"$type":"AttendanceTrendDto"},{"Date":"Jun 09","Present":1,"Absent":0,"WFH":0,"WFO":1,"$type":"AttendanceTrendDto"},{"Date":"Jun 10","Present":1,"Absent":0,"WFH":1,"WFO":0,"$type":"AttendanceTrendDto"},{"Date":"Jun 11","Present":1,"Absent":0,"WFH":0,"WFO":1,"$type":"AttendanceTrendDto"},{"Date":"Jun 12","Present":1,"Absent":0,"WFH":1,"WFO":0,"$type":"AttendanceTrendDto"},{"Date":"Jun 13","Present":3,"Absent":0,"WFH":1,"WFO":2,"$type":"AttendanceTrendDto"}],"LeaveTrend":[{"Month":"2/2026","Approved":1,"Pending":0,"Rejected":0,"$type":"LeaveTrendDto"},{"Month":"3/2026","Approved":0,"Pending":0,"Rejected":1,"$type":"LeaveTrendDto"},{"Month":"4/2026","Approved":0,"Pending":0,"Rejected":1,"$type":"LeaveTrendDto"},{"Month":"5/2026","Approved":1,"Pending":0,"Rejected":0,"$type":"LeaveTrendDto"},{"Month":"6/2026","Approved":4,"Pending":1,"Rejected":2,"$type":"LeaveTrendDto"}],"DepartmentDistribution":[{"DepartmentName":"Operations","EmployeeCount":2,"$type":"DepartmentDistributionDto"},{"DepartmentName":"AI-DS","EmployeeCount":1,"$type":"DepartmentDistributionDto"},{"DepartmentName":"HR","EmployeeCount":1,"$type":"DepartmentDistributionDto"},{"DepartmentName":"Finance","EmployeeCount":1,"$type":"DepartmentDistributionDto"}],"ProjectStatusDistribution":[{"Status":"Active","Count":3,"$type":"ProjectStatusDto"},{"Status":"Completed","Count":1,"$type":"ProjectStatusDto"}],"RecentAnnouncements":[{"AnnouncementId":3,"Title":"Meeting","Message":"Monthly review meeting","CreatedBy":0,"CreatedByName":"Hardik Patel","CreatedOn":"2026-06-13T02:26:06.7300000","IsActive":true,"$type":"AnnouncementDto"},{"AnnouncementId":4,"Title":"Policy Update","Message":"New HR policy released","CreatedBy":0,"CreatedByName":"Hardik Patel","CreatedOn":"2026-06-13T02:26:06.7300000","IsActive":true,"$type":"AnnouncementDto"},{"AnnouncementId":5,"Title":"Training","Message":"AI training scheduled","CreatedBy":0,"CreatedByName":"Hardik Patel","CreatedOn":"2026-06-13T02:26:06.7300000","IsActive":true,"$type":"AnnouncementDto"}],"$type":"DashboardSummaryDto"}
2026-06-14 13:52:23.975 +05:30 [INF] HTTP GET /api/v1/dashboard/summary responded 200 in 1151.9433 ms
2026-06-14 13:52:56.477 +05:30 [INF] HTTP OPTIONS /api/v1/auth/logout responded 204 in 0.7052 ms
2026-06-14 13:52:56.495 +05:30 [INF] WMS Request: LogoutCommand {"Username":"admin","$type":"LogoutCommand"}
2026-06-14 13:52:56.584 +05:30 [INF] WMS Response: LogoutCommand {"$type":"Unit"}
2026-06-14 13:52:56.589 +05:30 [INF] HTTP POST /api/v1/auth/logout responded 200 in 105.5340 ms
2026-06-14 13:53:05.925 +05:30 [INF] HTTP OPTIONS /api/v1/auth/login responded 204 in 0.0374 ms
2026-06-14 13:53:05.959 +05:30 [INF] WMS Request: LoginCommand {"Username":"pulkit","Password":"Pulkit@123","$type":"LoginCommand"}
2026-06-14 13:53:06.394 +05:30 [INF] WMS Response: LoginCommand {"AccessToken":"eyJhbGciOiJIUzI1NiIsInR5cCI6IkpXVCJ9.eyJzdWIiOiI3IiwidW5pcXVlX25hbWUiOiJwdWxraXQiLCJodHRwOi8vc2NoZW1hcy5taWNyb3NvZnQuY29tL3dzLzIwMDgvMDYvaWRlbnRpdHkvY2xhaW1zL3JvbGUiOiJFbXBsb3llZSIsImVtcGxveWVlSWQiOiI3IiwianRpIjoiZmRhM2ZkODItNTQwYS00MWZjLTkwMTctZWZjN2I4ZDNkYmFmIiwiZXhwIjoxNzgxNDI4OTg2LCJpc3MiOiJXTVMuQVBJIiwiYXVkIjoiV01TLkNsaWVudCJ9.jaL1NRO1m42WVdiJiagttWiyPJobsbl8ym6UsrwdHEU","RefreshToken":"5+fLJT5B4nPO+aPe2HugvTZJdajRggHlMGOCUoI1ataXJyqzfTHSuTQBydY6HVzjaRQyWlx+jRO1QLd1GeVZ+w==","ExpiresAt":"2026-06-14T09:23:06.3943868Z","Username":"pulkit","Role":"Employee","EmployeeId":7,"$type":"LoginResponse"}
2026-06-14 13:53:06.402 +05:30 [INF] HTTP POST /api/v1/auth/login responded 200 in 468.0872 ms
2026-06-14 13:53:11.718 +05:30 [INF] HTTP OPTIONS /api/v1/attendance/today responded 204 in 0.0528 ms
2026-06-14 13:53:11.729 +05:30 [INF] HTTP GET /api/v1/attendance/today responded 403 in 4.1664 ms
2026-06-14 13:53:11.731 +05:30 [INF] HTTP OPTIONS /api/v1/employees responded 204 in 0.0327 ms
2026-06-14 13:53:11.740 +05:30 [INF] HTTP GET /api/v1/employees responded 403 in 0.2590 ms
2026-06-14 13:53:41.499 +05:30 [INF] HTTP OPTIONS /api/v1/auth/login responded 204 in 0.0358 ms
2026-06-14 13:53:41.505 +05:30 [INF] WMS Request: LoginCommand {"Username":"pulkit","Password":"Pulkit@123","$type":"LoginCommand"}
2026-06-14 13:53:41.966 +05:30 [INF] WMS Response: LoginCommand {"AccessToken":"eyJhbGciOiJIUzI1NiIsInR5cCI6IkpXVCJ9.eyJzdWIiOiI3IiwidW5pcXVlX25hbWUiOiJwdWxraXQiLCJodHRwOi8vc2NoZW1hcy5taWNyb3NvZnQuY29tL3dzLzIwMDgvMDYvaWRlbnRpdHkvY2xhaW1zL3JvbGUiOiJFbXBsb3llZSIsImVtcGxveWVlSWQiOiI3IiwianRpIjoiZDRiZjU1NDgtMmUwZi00YjUwLWIxNzUtZmViZWIxODdjMTAzIiwiZXhwIjoxNzgxNDI5MDIxLCJpc3MiOiJXTVMuQVBJIiwiYXVkIjoiV01TLkNsaWVudCJ9.nm4EFz_ot8LGsV49zdwaXd9WFyY6J3ucHVcTu0intng","RefreshToken":"ZE/wwwF7rZ2Zx1g4m6yCIzdkkxBFLSg+vEbZ3YR0oIDdjhDWcy1qxOC4QvS2bUylrHb19i8UVGf0XN9Z43vTzw==","ExpiresAt":"2026-06-14T09:23:41.9662508Z","Username":"pulkit","Role":"Employee","EmployeeId":7,"$type":"LoginResponse"}
2026-06-14 13:53:41.972 +05:30 [INF] HTTP POST /api/v1/auth/login responded 200 in 469.9093 ms
2026-06-14 13:53:49.921 +05:30 [INF] HTTP OPTIONS /api/v1/announcements responded 204 in 0.0277 ms
2026-06-14 13:53:49.930 +05:30 [INF] WMS Request: GetAnnouncementsQuery {"IsActive":null,"PageNumber":1,"PageSize":10,"$type":"GetAnnouncementsQuery"}
2026-06-14 13:53:49.971 +05:30 [INF] WMS Response: GetAnnouncementsQuery {"Items":[{"AnnouncementId":2,"Title":"Holiday","Message":"Office holiday next week yesss","CreatedBy":1,"CreatedByName":"Hardik Patel","CreatedOn":"2026-06-13T02:26:06.7300000","IsActive":false,"$type":"AnnouncementDto"},{"AnnouncementId":3,"Title":"Meeting","Message":"Monthly review meeting","CreatedBy":1,"CreatedByName":"Hardik Patel","CreatedOn":"2026-06-13T02:26:06.7300000","IsActive":true,"$type":"AnnouncementDto"},{"AnnouncementId":4,"Title":"Policy Update","Message":"New HR policy released","CreatedBy":1,"CreatedByName":"Hardik Patel","CreatedOn":"2026-06-13T02:26:06.7300000","IsActive":true,"$type":"AnnouncementDto"},{"AnnouncementId":5,"Title":"Training","Message":"AI training scheduled","CreatedBy":1,"CreatedByName":"Hardik Patel","CreatedOn":"2026-06-13T02:26:06.7300000","IsActive":true,"$type":"AnnouncementDto"}],"TotalCount":4,"PageNumber":1,"PageSize":10,"TotalPages":1,"HasPreviousPage":false,"HasNextPage":false,"$type":"PagedResult`1"}
2026-06-14 13:53:50.019 +05:30 [INF] HTTP GET /api/v1/announcements responded 200 in 91.0062 ms
2026-06-14 13:53:51.613 +05:30 [INF] HTTP OPTIONS /api/v1/projects responded 204 in 0.0257 ms
2026-06-14 13:53:51.623 +05:30 [INF] WMS Request: GetProjectsQuery {"Search":null,"Status":null,"ClientId":null,"PageNumber":1,"PageSize":10,"$type":"GetProjectsQuery"}
2026-06-14 13:53:51.662 +05:30 [INF] WMS Response: GetProjectsQuery {"Items":[{"ProjectId":7,"ProjectName":"CRM","ClientId":3,"ClientName":"Microsoft","StartDate":"2026-06-13T00:00:00.0000000","EndDate":"2026-06-27T00:00:00.0000000","Status":"Active","AllocatedEmployeeCount":1,"CreatedOn":"2026-06-13T17:02:39.7969376","$type":"ProjectDto"},{"ProjectId":2,"ProjectName":"HR Portal","ClientId":3,"ClientName":"Microsoft","StartDate":"2026-01-01T00:00:00.0000000","EndDate":"2026-12-31T00:00:00.0000000","Status":"Active","AllocatedEmployeeCount":3,"CreatedOn":"2026-06-13T02:30:31.6900000","$type":"ProjectDto"},{"ProjectId":3,"ProjectName":"Employee App","ClientId":6,"ClientName":"Google","StartDate":"2026-02-01T00:00:00.0000000","EndDate":"2026-11-30T00:00:00.0000000","Status":"Active","AllocatedEmployeeCount":1,"CreatedOn":"2026-06-13T02:30:31.6900000","$type":"ProjectDto"},{"ProjectId":4,"ProjectName":"Finance Dashboard","ClientId":7,"ClientName":"string","StartDate":"2026-03-01T00:00:00.0000000","EndDate":"2026-10-31T00:00:00.0000000","Status":"Completed","AllocatedEmployeeCount":1,"CreatedOn":"2026-06-13T02:30:31.6900000","$type":"ProjectDto"}],"TotalCount":4,"PageNumber":1,"PageSize":10,"TotalPages":1,"HasPreviousPage":false,"HasNextPage":false,"$type":"PagedResult`1"}
2026-06-14 13:53:51.709 +05:30 [INF] HTTP GET /api/v1/projects responded 200 in 88.6438 ms
2026-06-14 13:54:00.237 +05:30 [INF] HTTP OPTIONS /api/v1/clients responded 204 in 0.0313 ms
2026-06-14 13:54:00.248 +05:30 [INF] WMS Request: GetClientsQuery {"Search":null,"PageNumber":1,"PageSize":100,"$type":"GetClientsQuery"}
2026-06-14 13:54:00.263 +05:30 [INF] WMS Response: GetClientsQuery {"Items":[{"ClientId":6,"ClientName":"Google","ClientAddress":"California","ClientPhoneNumber":9876543211,"ClientLocation":"USA","Status":true,"CreatedOn":"2026-06-13T02:24:32.4966667","$type":"ClientDto"},{"ClientId":8,"ClientName":"Infosys","ClientAddress":"Bangalore","ClientPhoneNumber":9876543213,"ClientLocation":"India","Status":true,"CreatedOn":"2026-06-13T02:24:32.4966667","$type":"ClientDto"},{"ClientId":3,"ClientName":"Microsoft","ClientAddress":"Redmond","ClientPhoneNumber":9876543210,"ClientLocation":"USA","Status":true,"CreatedOn":"2026-06-13T02:20:16.9833333","$type":"ClientDto"},{"ClientId":7,"ClientName":"string","ClientAddress":"string","ClientPhoneNumber":0,"ClientLocation":"string","Status":true,"CreatedOn":"2026-06-13T02:24:32.4966667","$type":"ClientDto"}],"TotalCount":4,"PageNumber":1,"PageSize":100,"TotalPages":1,"HasPreviousPage":false,"HasNextPage":false,"$type":"PagedResult`1"}
2026-06-14 13:54:00.305 +05:30 [INF] HTTP GET /api/v1/clients responded 200 in 58.4685 ms
2026-06-14 13:54:01.915 +05:30 [INF] HTTP OPTIONS /api/v1/leaves/employee/7 responded 204 in 0.0234 ms
2026-06-14 13:54:01.928 +05:30 [INF] WMS Request: GetLeavesByEmployeeQuery {"EmployeeId":7,"PageNumber":1,"PageSize":10,"$type":"GetLeavesByEmployeeQuery"}
2026-06-14 13:54:01.955 +05:30 [INF] WMS Response: GetLeavesByEmployeeQuery {"Items":[],"TotalCount":0,"PageNumber":1,"PageSize":10,"TotalPages":0,"HasPreviousPage":false,"HasNextPage":false,"$type":"PagedResult`1"}
2026-06-14 13:54:01.966 +05:30 [INF] HTTP GET /api/v1/leaves/employee/7 responded 200 in 43.0242 ms
2026-06-14 13:54:03.139 +05:30 [INF] HTTP OPTIONS /api/v1/attendance/today responded 204 in 0.0209 ms
2026-06-14 13:54:03.139 +05:30 [INF] HTTP OPTIONS /api/v1/employees responded 204 in 0.0178 ms
2026-06-14 13:54:03.147 +05:30 [INF] HTTP GET /api/v1/attendance/today responded 403 in 0.5393 ms
2026-06-14 13:54:03.154 +05:30 [INF] HTTP GET /api/v1/employees responded 403 in 0.2624 ms
2026-06-14 14:04:02.450 +05:30 [INF] HTTP OPTIONS /api/v1/auth/login responded 204 in 12.6890 ms
2026-06-14 14:04:02.623 +05:30 [INF] WMS Request: LoginCommand {"Username":"admin","Password":"Admin@123","$type":"LoginCommand"}
2026-06-14 14:04:03.643 +05:30 [WRN] WMS Long Running Request: LoginCommand (998ms) {"Username":"admin","Password":"Admin@123","$type":"LoginCommand"}
2026-06-14 14:04:03.651 +05:30 [INF] WMS Response: LoginCommand {"AccessToken":"eyJhbGciOiJIUzI1NiIsInR5cCI6IkpXVCJ9.eyJzdWIiOiIxIiwidW5pcXVlX25hbWUiOiJhZG1pbiIsImh0dHA6Ly9zY2hlbWFzLm1pY3Jvc29mdC5jb20vd3MvMjAwOC8wNi9pZGVudGl0eS9jbGFpbXMvcm9sZSI6IkFkbWluIiwiZW1wbG95ZWVJZCI6IjYiLCJqdGkiOiJiYjUyYjNlNy04OWUzLTRhNTMtYmUzNy04OGEyMTA2YjZmNGEiLCJleHAiOjE3ODE0Mjk2NDMsImlzcyI6IldNUy5BUEkiLCJhdWQiOiJXTVMuQ2xpZW50In0.pyrDe0DKKDGybpYgsaJVGAmrTd5VEt3pIYTDxwzOzVM","RefreshToken":"rcjXOaJAApTpuF3xOMkRsT+tAtFXLnh8sg6jt8HIutxbg0SGsA/KtMdjOtc4NRDba6ZcFIGMdF/ER8Iz1jiQTA==","ExpiresAt":"2026-06-14T09:34:03.6408245Z","Username":"admin","Role":"Admin","EmployeeId":6,"$type":"LoginResponse"}
2026-06-14 14:04:03.671 +05:30 [INF] HTTP POST /api/v1/auth/login responded 200 in 1192.1963 ms
2026-06-14 14:04:03.973 +05:30 [INF] HTTP OPTIONS /api/v1/dashboard/summary responded 204 in 0.0441 ms
2026-06-14 14:04:03.991 +05:30 [INF] WMS Request: GetDashboardSummaryQuery {"$type":"GetDashboardSummaryQuery"}
2026-06-14 14:04:04.266 +05:30 [INF] WMS Response: GetDashboardSummaryQuery {"TotalEmployees":7,"ActiveEmployees":5,"TotalDepartments":4,"TotalProjects":4,"ActiveProjects":3,"TotalClients":4,"TodayAttendanceCount":0,"PendingLeaves":1,"AttendanceTrend":[{"Date":"Jun 08","Present":1,"Absent":0,"WFH":1,"WFO":0,"$type":"AttendanceTrendDto"},{"Date":"Jun 09","Present":1,"Absent":0,"WFH":0,"WFO":1,"$type":"AttendanceTrendDto"},{"Date":"Jun 10","Present":1,"Absent":0,"WFH":1,"WFO":0,"$type":"AttendanceTrendDto"},{"Date":"Jun 11","Present":1,"Absent":0,"WFH":0,"WFO":1,"$type":"AttendanceTrendDto"},{"Date":"Jun 12","Present":1,"Absent":0,"WFH":1,"WFO":0,"$type":"AttendanceTrendDto"},{"Date":"Jun 13","Present":3,"Absent":0,"WFH":1,"WFO":2,"$type":"AttendanceTrendDto"}],"LeaveTrend":[{"Month":"2/2026","Approved":1,"Pending":0,"Rejected":0,"$type":"LeaveTrendDto"},{"Month":"3/2026","Approved":0,"Pending":0,"Rejected":1,"$type":"LeaveTrendDto"},{"Month":"4/2026","Approved":0,"Pending":0,"Rejected":1,"$type":"LeaveTrendDto"},{"Month":"5/2026","Approved":1,"Pending":0,"Rejected":0,"$type":"LeaveTrendDto"},{"Month":"6/2026","Approved":4,"Pending":1,"Rejected":2,"$type":"LeaveTrendDto"}],"DepartmentDistribution":[{"DepartmentName":"Operations","EmployeeCount":2,"$type":"DepartmentDistributionDto"},{"DepartmentName":"AI-DS","EmployeeCount":1,"$type":"DepartmentDistributionDto"},{"DepartmentName":"HR","EmployeeCount":1,"$type":"DepartmentDistributionDto"},{"DepartmentName":"Finance","EmployeeCount":1,"$type":"DepartmentDistributionDto"}],"ProjectStatusDistribution":[{"Status":"Active","Count":3,"$type":"ProjectStatusDto"},{"Status":"Completed","Count":1,"$type":"ProjectStatusDto"}],"RecentAnnouncements":[{"AnnouncementId":3,"Title":"Meeting","Message":"Monthly review meeting","CreatedBy":0,"CreatedByName":"Hardik Patel","CreatedOn":"2026-06-13T02:26:06.7300000","IsActive":true,"$type":"AnnouncementDto"},{"AnnouncementId":4,"Title":"Policy Update","Message":"New HR policy released","CreatedBy":0,"CreatedByName":"Hardik Patel","CreatedOn":"2026-06-13T02:26:06.7300000","IsActive":true,"$type":"AnnouncementDto"},{"AnnouncementId":5,"Title":"Training","Message":"AI training scheduled","CreatedBy":0,"CreatedByName":"Hardik Patel","CreatedOn":"2026-06-13T02:26:06.7300000","IsActive":true,"$type":"AnnouncementDto"}],"$type":"DashboardSummaryDto"}
2026-06-14 14:04:04.402 +05:30 [INF] HTTP GET /api/v1/dashboard/summary responded 200 in 422.1045 ms
2026-06-14 14:04:08.139 +05:30 [INF] HTTP OPTIONS /api/v1/departments responded 204 in 0.0396 ms
2026-06-14 14:04:08.140 +05:30 [INF] HTTP OPTIONS /api/v1/employees responded 204 in 0.0328 ms
2026-06-14 14:04:08.152 +05:30 [INF] WMS Request: GetDepartmentsQuery {"$type":"GetDepartmentsQuery"}
2026-06-14 14:04:08.156 +05:30 [INF] WMS Request: GetEmployeesQuery {"Search":null,"DepartmentId":null,"RoleId":null,"Status":"Active","PageNumber":1,"PageSize":10,"$type":"GetEmployeesQuery"}
2026-06-14 14:04:08.193 +05:30 [INF] WMS Response: GetDepartmentsQuery [{"DepartmentId":1,"DepartmentName":"HR","Description":"Human Resourcesss","EmployeeCount":2,"CreatedOn":"2024-01-01T00:00:00.0000000","$type":"DepartmentDto"},{"DepartmentId":3,"DepartmentName":"Finance","Description":"Finance & Accounts","EmployeeCount":1,"CreatedOn":"2024-01-01T00:00:00.0000000","$type":"DepartmentDto"},{"DepartmentId":4,"DepartmentName":"Operations","Description":"Business Operations","EmployeeCount":2,"CreatedOn":"2024-01-01T00:00:00.0000000","$type":"DepartmentDto"},{"DepartmentId":5,"DepartmentName":"AI-DS","Description":"artificial intelligence and data science","EmployeeCount":2,"CreatedOn":"2026-06-11T15:03:13.6443056","$type":"DepartmentDto"}]
2026-06-14 14:04:08.227 +05:30 [INF] HTTP GET /api/v1/departments responded 200 in 80.3363 ms
2026-06-14 14:04:08.249 +05:30 [INF] WMS Response: GetEmployeesQuery {"Items":[{"EmployeeId":3,"FirstName":"hardik","LastName":"maloo","FullName":"hardik maloo","Email":"hardikmaloo21@gmail.com","PhoneNumber":"8107663009","Gender":"Male","DOB":"2004-06-21T00:00:00.0000000","DOJ":"2026-06-04T00:00:00.0000000","DepartmentId":5,"DepartmentName":"AI-DS","RoleId":3,"RoleName":"Employee","Status":"Active","CreatedOn":"2026-06-12T23:10:13.1851457","UpdatedOn":null,"$type":"EmployeeDto"},{"EmployeeId":2,"FirstName":"harsh","LastName":"rathore","FullName":"harsh rathore","Email":"harsh@gmail.com","PhoneNumber":"7976681235","Gender":"Male","DOB":"2005-07-03T00:00:00.0000000","DOJ":"2026-06-12T00:00:00.0000000","DepartmentId":3,"DepartmentName":"Finance","RoleId":1,"RoleName":"Admin","Status":"Active","CreatedOn":"2026-06-12T21:25:47.5693795","UpdatedOn":"2026-06-12T23:08:27.1985056","$type":"EmployeeDto"},{"EmployeeId":5,"FirstName":"lakshya","LastName":"sharma","FullName":"lakshya sharma","Email":"lakshya@gmail.com","PhoneNumber":"8946456765","Gender":"Male","DOB":"2005-03-14T00:00:00.0000000","DOJ":"2026-04-08T00:00:00.0000000","DepartmentId":4,"DepartmentName":"Operations","RoleId":3,"RoleName":"Employee","Status":"Active","CreatedOn":"2026-06-13T08:09:44.8928080","UpdatedOn":null,"$type":"EmployeeDto"},{"EmployeeId":7,"FirstName":"pulkit","LastName":"jain","FullName":"pulkit jain","Email":"pulkitjain@gmail.com","PhoneNumber":"7894561230","Gender":"Male","DOB":"2004-04-14T00:00:00.0000000","DOJ":"2026-06-14T00:00:00.0000000","DepartmentId":4,"DepartmentName":"Operations","RoleId":3,"RoleName":"Employee","Status":"Active","CreatedOn":"2026-06-14T06:41:11.1355668","UpdatedOn":null,"$type":"EmployeeDto"},{"EmployeeId":6,"FirstName":"System","LastName":"Admin","FullName":"System Admin","Email":"admin@wms.com","PhoneNumber":"9999999999","Gender":"Male","DOB":"1990-01-01T00:00:00.0000000","DOJ":"2026-06-13T19:06:47.4733333","DepartmentId":1,"DepartmentName":"HR","RoleId":1,"RoleName":"Admin","Status":"Active","CreatedOn":"2026-06-13T19:06:47.4733333","UpdatedOn":null,"$type":"EmployeeDto"}],"TotalCount":5,"PageNumber":1,"PageSize":10,"TotalPages":1,"HasPreviousPage":false,"HasNextPage":false,"$type":"PagedResult`1"}
2026-06-14 14:04:08.332 +05:30 [INF] HTTP GET /api/v1/employees responded 200 in 182.7615 ms
2026-06-14 14:04:09.655 +05:30 [INF] HTTP OPTIONS /api/v1/dashboard/summary responded 204 in 0.0294 ms
2026-06-14 14:04:09.660 +05:30 [INF] WMS Request: GetDashboardSummaryQuery {"$type":"GetDashboardSummaryQuery"}
2026-06-14 14:04:09.753 +05:30 [INF] WMS Response: GetDashboardSummaryQuery {"TotalEmployees":7,"ActiveEmployees":5,"TotalDepartments":4,"TotalProjects":4,"ActiveProjects":3,"TotalClients":4,"TodayAttendanceCount":0,"PendingLeaves":1,"AttendanceTrend":[{"Date":"Jun 08","Present":1,"Absent":0,"WFH":1,"WFO":0,"$type":"AttendanceTrendDto"},{"Date":"Jun 09","Present":1,"Absent":0,"WFH":0,"WFO":1,"$type":"AttendanceTrendDto"},{"Date":"Jun 10","Present":1,"Absent":0,"WFH":1,"WFO":0,"$type":"AttendanceTrendDto"},{"Date":"Jun 11","Present":1,"Absent":0,"WFH":0,"WFO":1,"$type":"AttendanceTrendDto"},{"Date":"Jun 12","Present":1,"Absent":0,"WFH":1,"WFO":0,"$type":"AttendanceTrendDto"},{"Date":"Jun 13","Present":3,"Absent":0,"WFH":1,"WFO":2,"$type":"AttendanceTrendDto"}],"LeaveTrend":[{"Month":"2/2026","Approved":1,"Pending":0,"Rejected":0,"$type":"LeaveTrendDto"},{"Month":"3/2026","Approved":0,"Pending":0,"Rejected":1,"$type":"LeaveTrendDto"},{"Month":"4/2026","Approved":0,"Pending":0,"Rejected":1,"$type":"LeaveTrendDto"},{"Month":"5/2026","Approved":1,"Pending":0,"Rejected":0,"$type":"LeaveTrendDto"},{"Month":"6/2026","Approved":4,"Pending":1,"Rejected":2,"$type":"LeaveTrendDto"}],"DepartmentDistribution":[{"DepartmentName":"Operations","EmployeeCount":2,"$type":"DepartmentDistributionDto"},{"DepartmentName":"AI-DS","EmployeeCount":1,"$type":"DepartmentDistributionDto"},{"DepartmentName":"HR","EmployeeCount":1,"$type":"DepartmentDistributionDto"},{"DepartmentName":"Finance","EmployeeCount":1,"$type":"DepartmentDistributionDto"}],"ProjectStatusDistribution":[{"Status":"Active","Count":3,"$type":"ProjectStatusDto"},{"Status":"Completed","Count":1,"$type":"ProjectStatusDto"}],"RecentAnnouncements":[{"AnnouncementId":3,"Title":"Meeting","Message":"Monthly review meeting","CreatedBy":0,"CreatedByName":"Hardik Patel","CreatedOn":"2026-06-13T02:26:06.7300000","IsActive":true,"$type":"AnnouncementDto"},{"AnnouncementId":4,"Title":"Policy Update","Message":"New HR policy released","CreatedBy":0,"CreatedByName":"Hardik Patel","CreatedOn":"2026-06-13T02:26:06.7300000","IsActive":true,"$type":"AnnouncementDto"},{"AnnouncementId":5,"Title":"Training","Message":"AI training scheduled","CreatedBy":0,"CreatedByName":"Hardik Patel","CreatedOn":"2026-06-13T02:26:06.7300000","IsActive":true,"$type":"AnnouncementDto"}],"$type":"DashboardSummaryDto"}
2026-06-14 14:04:09.848 +05:30 [INF] HTTP GET /api/v1/dashboard/summary responded 200 in 189.0386 ms
2026-06-14 14:04:14.940 +05:30 [INF] HTTP OPTIONS /api/v1/auth/logout responded 204 in 0.0247 ms
2026-06-14 14:04:14.946 +05:30 [INF] WMS Request: LogoutCommand {"Username":"admin","$type":"LogoutCommand"}
2026-06-14 14:04:14.980 +05:30 [INF] WMS Response: LogoutCommand {"$type":"Unit"}
2026-06-14 14:04:14.983 +05:30 [INF] HTTP POST /api/v1/auth/logout responded 200 in 39.4037 ms
2026-06-14 14:04:25.353 +05:30 [INF] HTTP OPTIONS /api/v1/auth/login responded 204 in 0.0272 ms
2026-06-14 14:04:25.362 +05:30 [INF] WMS Request: LoginCommand {"Username":"pulkit","Password":"Pulkit@123","$type":"LoginCommand"}
2026-06-14 14:04:25.823 +05:30 [INF] WMS Response: LoginCommand {"AccessToken":"eyJhbGciOiJIUzI1NiIsInR5cCI6IkpXVCJ9.eyJzdWIiOiI3IiwidW5pcXVlX25hbWUiOiJwdWxraXQiLCJodHRwOi8vc2NoZW1hcy5taWNyb3NvZnQuY29tL3dzLzIwMDgvMDYvaWRlbnRpdHkvY2xhaW1zL3JvbGUiOiJFbXBsb3llZSIsImVtcGxveWVlSWQiOiI3IiwianRpIjoiY2Q4MjhkMmQtOGZmNy00ZDMxLTk4ZjktMWJkODI2MzAyNTQ1IiwiZXhwIjoxNzgxNDI5NjY1LCJpc3MiOiJXTVMuQVBJIiwiYXVkIjoiV01TLkNsaWVudCJ9.i8vP6MUkfBBZfL18R-lGh92EZjwTU8jBjBcYWNlYKlM","RefreshToken":"wVaGkzQuCPrIzt8V8FwElbit+zRTNX8OTAJfWxiwqaTgjSTmJwAJxqxNgO4aKdXPkTb3B9fBBIWcksPKEtqJmA==","ExpiresAt":"2026-06-14T09:34:25.8239399Z","Username":"pulkit","Role":"Employee","EmployeeId":7,"$type":"LoginResponse"}
2026-06-14 14:04:25.828 +05:30 [INF] HTTP POST /api/v1/auth/login responded 200 in 470.1258 ms
2026-06-14 14:07:39.955 +05:30 [INF] HTTP OPTIONS /api/v1/auth/logout responded 204 in 3.5832 ms
2026-06-14 14:07:39.991 +05:30 [INF] WMS Request: LogoutCommand {"Username":"pulkit","$type":"LogoutCommand"}
2026-06-14 14:07:40.355 +05:30 [INF] WMS Response: LogoutCommand {"$type":"Unit"}
2026-06-14 14:07:40.364 +05:30 [INF] HTTP POST /api/v1/auth/logout responded 200 in 396.5726 ms
2026-06-14 14:07:46.896 +05:30 [INF] HTTP OPTIONS /api/v1/auth/login responded 204 in 0.0230 ms
2026-06-14 14:07:46.925 +05:30 [INF] WMS Request: LoginCommand {"Username":"admin","Password":"Admin@123","$type":"LoginCommand"}
2026-06-14 14:07:47.187 +05:30 [INF] WMS Response: LoginCommand {"AccessToken":"eyJhbGciOiJIUzI1NiIsInR5cCI6IkpXVCJ9.eyJzdWIiOiIxIiwidW5pcXVlX25hbWUiOiJhZG1pbiIsImh0dHA6Ly9zY2hlbWFzLm1pY3Jvc29mdC5jb20vd3MvMjAwOC8wNi9pZGVudGl0eS9jbGFpbXMvcm9sZSI6IkFkbWluIiwiZW1wbG95ZWVJZCI6IjYiLCJqdGkiOiJhYjA2N2QzNy1hNjRjLTRiY2ItOWViMS00YzM4YWU5Y2VjM2UiLCJleHAiOjE3ODE0Mjk4NjcsImlzcyI6IldNUy5BUEkiLCJhdWQiOiJXTVMuQ2xpZW50In0.-k04thv269c8j7j1enYFT6c1fF7qbYrbX7z2S-usV3g","RefreshToken":"nIwEOtKL2ENNZt2DtOcukSwAMxC+e8oNPQmkDm5SNGDN/BH+s8No/DETb41Wyrbl2DJ6gtHL4HHL6ON0lhp59g==","ExpiresAt":"2026-06-14T09:37:47.1875150Z","Username":"admin","Role":"Admin","EmployeeId":6,"$type":"LoginResponse"}
2026-06-14 14:07:47.191 +05:30 [INF] HTTP POST /api/v1/auth/login responded 200 in 291.3783 ms
2026-06-14 14:07:47.251 +05:30 [INF] HTTP OPTIONS /api/v1/dashboard/summary responded 204 in 0.0202 ms
2026-06-14 14:07:47.259 +05:30 [INF] WMS Request: GetDashboardSummaryQuery {"$type":"GetDashboardSummaryQuery"}
2026-06-14 14:07:47.441 +05:30 [INF] WMS Response: GetDashboardSummaryQuery {"TotalEmployees":7,"ActiveEmployees":5,"TotalDepartments":4,"TotalProjects":4,"ActiveProjects":3,"TotalClients":4,"TodayAttendanceCount":0,"PendingLeaves":1,"AttendanceTrend":[{"Date":"Jun 08","Present":1,"Absent":0,"WFH":1,"WFO":0,"$type":"AttendanceTrendDto"},{"Date":"Jun 09","Present":1,"Absent":0,"WFH":0,"WFO":1,"$type":"AttendanceTrendDto"},{"Date":"Jun 10","Present":1,"Absent":0,"WFH":1,"WFO":0,"$type":"AttendanceTrendDto"},{"Date":"Jun 11","Present":1,"Absent":0,"WFH":0,"WFO":1,"$type":"AttendanceTrendDto"},{"Date":"Jun 12","Present":1,"Absent":0,"WFH":1,"WFO":0,"$type":"AttendanceTrendDto"},{"Date":"Jun 13","Present":3,"Absent":0,"WFH":1,"WFO":2,"$type":"AttendanceTrendDto"}],"LeaveTrend":[{"Month":"2/2026","Approved":1,"Pending":0,"Rejected":0,"$type":"LeaveTrendDto"},{"Month":"3/2026","Approved":0,"Pending":0,"Rejected":1,"$type":"LeaveTrendDto"},{"Month":"4/2026","Approved":0,"Pending":0,"Rejected":1,"$type":"LeaveTrendDto"},{"Month":"5/2026","Approved":1,"Pending":0,"Rejected":0,"$type":"LeaveTrendDto"},{"Month":"6/2026","Approved":4,"Pending":1,"Rejected":2,"$type":"LeaveTrendDto"}],"DepartmentDistribution":[{"DepartmentName":"Operations","EmployeeCount":2,"$type":"DepartmentDistributionDto"},{"DepartmentName":"AI-DS","EmployeeCount":1,"$type":"DepartmentDistributionDto"},{"DepartmentName":"HR","EmployeeCount":1,"$type":"DepartmentDistributionDto"},{"DepartmentName":"Finance","EmployeeCount":1,"$type":"DepartmentDistributionDto"}],"ProjectStatusDistribution":[{"Status":"Active","Count":3,"$type":"ProjectStatusDto"},{"Status":"Completed","Count":1,"$type":"ProjectStatusDto"}],"RecentAnnouncements":[{"AnnouncementId":3,"Title":"Meeting","Message":"Monthly review meeting","CreatedBy":0,"CreatedByName":"Hardik Patel","CreatedOn":"2026-06-13T02:26:06.7300000","IsActive":true,"$type":"AnnouncementDto"},{"AnnouncementId":4,"Title":"Policy Update","Message":"New HR policy released","CreatedBy":0,"CreatedByName":"Hardik Patel","CreatedOn":"2026-06-13T02:26:06.7300000","IsActive":true,"$type":"AnnouncementDto"},{"AnnouncementId":5,"Title":"Training","Message":"AI training scheduled","CreatedBy":0,"CreatedByName":"Hardik Patel","CreatedOn":"2026-06-13T02:26:06.7300000","IsActive":true,"$type":"AnnouncementDto"}],"$type":"DashboardSummaryDto"}
2026-06-14 14:07:47.582 +05:30 [INF] HTTP GET /api/v1/dashboard/summary responded 200 in 325.9259 ms
2026-06-14 14:08:18.257 +05:30 [INF] HTTP OPTIONS /api/v1/dashboard/summary responded 204 in 0.3889 ms
2026-06-14 14:08:18.269 +05:30 [INF] WMS Request: GetDashboardSummaryQuery {"$type":"GetDashboardSummaryQuery"}
2026-06-14 14:08:18.408 +05:30 [INF] WMS Response: GetDashboardSummaryQuery {"TotalEmployees":7,"ActiveEmployees":5,"TotalDepartments":4,"TotalProjects":4,"ActiveProjects":3,"TotalClients":4,"TodayAttendanceCount":0,"PendingLeaves":1,"AttendanceTrend":[{"Date":"Jun 08","Present":1,"Absent":0,"WFH":1,"WFO":0,"$type":"AttendanceTrendDto"},{"Date":"Jun 09","Present":1,"Absent":0,"WFH":0,"WFO":1,"$type":"AttendanceTrendDto"},{"Date":"Jun 10","Present":1,"Absent":0,"WFH":1,"WFO":0,"$type":"AttendanceTrendDto"},{"Date":"Jun 11","Present":1,"Absent":0,"WFH":0,"WFO":1,"$type":"AttendanceTrendDto"},{"Date":"Jun 12","Present":1,"Absent":0,"WFH":1,"WFO":0,"$type":"AttendanceTrendDto"},{"Date":"Jun 13","Present":3,"Absent":0,"WFH":1,"WFO":2,"$type":"AttendanceTrendDto"}],"LeaveTrend":[{"Month":"2/2026","Approved":1,"Pending":0,"Rejected":0,"$type":"LeaveTrendDto"},{"Month":"3/2026","Approved":0,"Pending":0,"Rejected":1,"$type":"LeaveTrendDto"},{"Month":"4/2026","Approved":0,"Pending":0,"Rejected":1,"$type":"LeaveTrendDto"},{"Month":"5/2026","Approved":1,"Pending":0,"Rejected":0,"$type":"LeaveTrendDto"},{"Month":"6/2026","Approved":4,"Pending":1,"Rejected":2,"$type":"LeaveTrendDto"}],"DepartmentDistribution":[{"DepartmentName":"Operations","EmployeeCount":2,"$type":"DepartmentDistributionDto"},{"DepartmentName":"AI-DS","EmployeeCount":1,"$type":"DepartmentDistributionDto"},{"DepartmentName":"HR","EmployeeCount":1,"$type":"DepartmentDistributionDto"},{"DepartmentName":"Finance","EmployeeCount":1,"$type":"DepartmentDistributionDto"}],"ProjectStatusDistribution":[{"Status":"Active","Count":3,"$type":"ProjectStatusDto"},{"Status":"Completed","Count":1,"$type":"ProjectStatusDto"}],"RecentAnnouncements":[{"AnnouncementId":3,"Title":"Meeting","Message":"Monthly review meeting","CreatedBy":0,"CreatedByName":"Hardik Patel","CreatedOn":"2026-06-13T02:26:06.7300000","IsActive":true,"$type":"AnnouncementDto"},{"AnnouncementId":4,"Title":"Policy Update","Message":"New HR policy released","CreatedBy":0,"CreatedByName":"Hardik Patel","CreatedOn":"2026-06-13T02:26:06.7300000","IsActive":true,"$type":"AnnouncementDto"},{"AnnouncementId":5,"Title":"Training","Message":"AI training scheduled","CreatedBy":0,"CreatedByName":"Hardik Patel","CreatedOn":"2026-06-13T02:26:06.7300000","IsActive":true,"$type":"AnnouncementDto"}],"$type":"DashboardSummaryDto"}
2026-06-14 14:08:18.524 +05:30 [INF] HTTP GET /api/v1/dashboard/summary responded 200 in 259.1188 ms
2026-06-14 14:08:20.277 +05:30 [INF] WMS Request: GetDashboardSummaryQuery {"$type":"GetDashboardSummaryQuery"}
2026-06-14 14:08:20.421 +05:30 [INF] WMS Response: GetDashboardSummaryQuery {"TotalEmployees":7,"ActiveEmployees":5,"TotalDepartments":4,"TotalProjects":4,"ActiveProjects":3,"TotalClients":4,"TodayAttendanceCount":0,"PendingLeaves":1,"AttendanceTrend":[{"Date":"Jun 08","Present":1,"Absent":0,"WFH":1,"WFO":0,"$type":"AttendanceTrendDto"},{"Date":"Jun 09","Present":1,"Absent":0,"WFH":0,"WFO":1,"$type":"AttendanceTrendDto"},{"Date":"Jun 10","Present":1,"Absent":0,"WFH":1,"WFO":0,"$type":"AttendanceTrendDto"},{"Date":"Jun 11","Present":1,"Absent":0,"WFH":0,"WFO":1,"$type":"AttendanceTrendDto"},{"Date":"Jun 12","Present":1,"Absent":0,"WFH":1,"WFO":0,"$type":"AttendanceTrendDto"},{"Date":"Jun 13","Present":3,"Absent":0,"WFH":1,"WFO":2,"$type":"AttendanceTrendDto"}],"LeaveTrend":[{"Month":"2/2026","Approved":1,"Pending":0,"Rejected":0,"$type":"LeaveTrendDto"},{"Month":"3/2026","Approved":0,"Pending":0,"Rejected":1,"$type":"LeaveTrendDto"},{"Month":"4/2026","Approved":0,"Pending":0,"Rejected":1,"$type":"LeaveTrendDto"},{"Month":"5/2026","Approved":1,"Pending":0,"Rejected":0,"$type":"LeaveTrendDto"},{"Month":"6/2026","Approved":4,"Pending":1,"Rejected":2,"$type":"LeaveTrendDto"}],"DepartmentDistribution":[{"DepartmentName":"Operations","EmployeeCount":2,"$type":"DepartmentDistributionDto"},{"DepartmentName":"AI-DS","EmployeeCount":1,"$type":"DepartmentDistributionDto"},{"DepartmentName":"HR","EmployeeCount":1,"$type":"DepartmentDistributionDto"},{"DepartmentName":"Finance","EmployeeCount":1,"$type":"DepartmentDistributionDto"}],"ProjectStatusDistribution":[{"Status":"Active","Count":3,"$type":"ProjectStatusDto"},{"Status":"Completed","Count":1,"$type":"ProjectStatusDto"}],"RecentAnnouncements":[{"AnnouncementId":3,"Title":"Meeting","Message":"Monthly review meeting","CreatedBy":0,"CreatedByName":"Hardik Patel","CreatedOn":"2026-06-13T02:26:06.7300000","IsActive":true,"$type":"AnnouncementDto"},{"AnnouncementId":4,"Title":"Policy Update","Message":"New HR policy released","CreatedBy":0,"CreatedByName":"Hardik Patel","CreatedOn":"2026-06-13T02:26:06.7300000","IsActive":true,"$type":"AnnouncementDto"},{"AnnouncementId":5,"Title":"Training","Message":"AI training scheduled","CreatedBy":0,"CreatedByName":"Hardik Patel","CreatedOn":"2026-06-13T02:26:06.7300000","IsActive":true,"$type":"AnnouncementDto"}],"$type":"DashboardSummaryDto"}
2026-06-14 14:08:20.576 +05:30 [INF] HTTP GET /api/v1/dashboard/summary responded 200 in 299.7834 ms
2026-06-14 14:08:24.049 +05:30 [INF] HTTP OPTIONS /api/v1/dashboard/summary responded 204 in 0.0637 ms
2026-06-14 14:08:24.057 +05:30 [INF] WMS Request: GetDashboardSummaryQuery {"$type":"GetDashboardSummaryQuery"}
2026-06-14 14:08:24.151 +05:30 [INF] WMS Response: GetDashboardSummaryQuery {"TotalEmployees":7,"ActiveEmployees":5,"TotalDepartments":4,"TotalProjects":4,"ActiveProjects":3,"TotalClients":4,"TodayAttendanceCount":0,"PendingLeaves":1,"AttendanceTrend":[{"Date":"Jun 08","Present":1,"Absent":0,"WFH":1,"WFO":0,"$type":"AttendanceTrendDto"},{"Date":"Jun 09","Present":1,"Absent":0,"WFH":0,"WFO":1,"$type":"AttendanceTrendDto"},{"Date":"Jun 10","Present":1,"Absent":0,"WFH":1,"WFO":0,"$type":"AttendanceTrendDto"},{"Date":"Jun 11","Present":1,"Absent":0,"WFH":0,"WFO":1,"$type":"AttendanceTrendDto"},{"Date":"Jun 12","Present":1,"Absent":0,"WFH":1,"WFO":0,"$type":"AttendanceTrendDto"},{"Date":"Jun 13","Present":3,"Absent":0,"WFH":1,"WFO":2,"$type":"AttendanceTrendDto"}],"LeaveTrend":[{"Month":"2/2026","Approved":1,"Pending":0,"Rejected":0,"$type":"LeaveTrendDto"},{"Month":"3/2026","Approved":0,"Pending":0,"Rejected":1,"$type":"LeaveTrendDto"},{"Month":"4/2026","Approved":0,"Pending":0,"Rejected":1,"$type":"LeaveTrendDto"},{"Month":"5/2026","Approved":1,"Pending":0,"Rejected":0,"$type":"LeaveTrendDto"},{"Month":"6/2026","Approved":4,"Pending":1,"Rejected":2,"$type":"LeaveTrendDto"}],"DepartmentDistribution":[{"DepartmentName":"Operations","EmployeeCount":2,"$type":"DepartmentDistributionDto"},{"DepartmentName":"AI-DS","EmployeeCount":1,"$type":"DepartmentDistributionDto"},{"DepartmentName":"HR","EmployeeCount":1,"$type":"DepartmentDistributionDto"},{"DepartmentName":"Finance","EmployeeCount":1,"$type":"DepartmentDistributionDto"}],"ProjectStatusDistribution":[{"Status":"Active","Count":3,"$type":"ProjectStatusDto"},{"Status":"Completed","Count":1,"$type":"ProjectStatusDto"}],"RecentAnnouncements":[{"AnnouncementId":3,"Title":"Meeting","Message":"Monthly review meeting","CreatedBy":0,"CreatedByName":"Hardik Patel","CreatedOn":"2026-06-13T02:26:06.7300000","IsActive":true,"$type":"AnnouncementDto"},{"AnnouncementId":4,"Title":"Policy Update","Message":"New HR policy released","CreatedBy":0,"CreatedByName":"Hardik Patel","CreatedOn":"2026-06-13T02:26:06.7300000","IsActive":true,"$type":"AnnouncementDto"},{"AnnouncementId":5,"Title":"Training","Message":"AI training scheduled","CreatedBy":0,"CreatedByName":"Hardik Patel","CreatedOn":"2026-06-13T02:26:06.7300000","IsActive":true,"$type":"AnnouncementDto"}],"$type":"DashboardSummaryDto"}
2026-06-14 14:08:24.302 +05:30 [INF] HTTP GET /api/v1/dashboard/summary responded 200 in 245.2981 ms
2026-06-14 14:08:43.786 +05:30 [INF] HTTP OPTIONS /api/v1/dashboard/summary responded 204 in 0.1970 ms
2026-06-14 14:08:43.795 +05:30 [INF] WMS Request: GetDashboardSummaryQuery {"$type":"GetDashboardSummaryQuery"}
2026-06-14 14:08:43.912 +05:30 [INF] WMS Response: GetDashboardSummaryQuery {"TotalEmployees":7,"ActiveEmployees":5,"TotalDepartments":4,"TotalProjects":4,"ActiveProjects":3,"TotalClients":4,"TodayAttendanceCount":0,"PendingLeaves":1,"AttendanceTrend":[{"Date":"Jun 08","Present":1,"Absent":0,"WFH":1,"WFO":0,"$type":"AttendanceTrendDto"},{"Date":"Jun 09","Present":1,"Absent":0,"WFH":0,"WFO":1,"$type":"AttendanceTrendDto"},{"Date":"Jun 10","Present":1,"Absent":0,"WFH":1,"WFO":0,"$type":"AttendanceTrendDto"},{"Date":"Jun 11","Present":1,"Absent":0,"WFH":0,"WFO":1,"$type":"AttendanceTrendDto"},{"Date":"Jun 12","Present":1,"Absent":0,"WFH":1,"WFO":0,"$type":"AttendanceTrendDto"},{"Date":"Jun 13","Present":3,"Absent":0,"WFH":1,"WFO":2,"$type":"AttendanceTrendDto"}],"LeaveTrend":[{"Month":"2/2026","Approved":1,"Pending":0,"Rejected":0,"$type":"LeaveTrendDto"},{"Month":"3/2026","Approved":0,"Pending":0,"Rejected":1,"$type":"LeaveTrendDto"},{"Month":"4/2026","Approved":0,"Pending":0,"Rejected":1,"$type":"LeaveTrendDto"},{"Month":"5/2026","Approved":1,"Pending":0,"Rejected":0,"$type":"LeaveTrendDto"},{"Month":"6/2026","Approved":4,"Pending":1,"Rejected":2,"$type":"LeaveTrendDto"}],"DepartmentDistribution":[{"DepartmentName":"Operations","EmployeeCount":2,"$type":"DepartmentDistributionDto"},{"DepartmentName":"AI-DS","EmployeeCount":1,"$type":"DepartmentDistributionDto"},{"DepartmentName":"HR","EmployeeCount":1,"$type":"DepartmentDistributionDto"},{"DepartmentName":"Finance","EmployeeCount":1,"$type":"DepartmentDistributionDto"}],"ProjectStatusDistribution":[{"Status":"Active","Count":3,"$type":"ProjectStatusDto"},{"Status":"Completed","Count":1,"$type":"ProjectStatusDto"}],"RecentAnnouncements":[{"AnnouncementId":3,"Title":"Meeting","Message":"Monthly review meeting","CreatedBy":0,"CreatedByName":"Hardik Patel","CreatedOn":"2026-06-13T02:26:06.7300000","IsActive":true,"$type":"AnnouncementDto"},{"AnnouncementId":4,"Title":"Policy Update","Message":"New HR policy released","CreatedBy":0,"CreatedByName":"Hardik Patel","CreatedOn":"2026-06-13T02:26:06.7300000","IsActive":true,"$type":"AnnouncementDto"},{"AnnouncementId":5,"Title":"Training","Message":"AI training scheduled","CreatedBy":0,"CreatedByName":"Hardik Patel","CreatedOn":"2026-06-13T02:26:06.7300000","IsActive":true,"$type":"AnnouncementDto"}],"$type":"DashboardSummaryDto"}
2026-06-14 14:08:44.058 +05:30 [INF] HTTP GET /api/v1/dashboard/summary responded 200 in 264.4722 ms
2026-06-14 14:08:56.275 +05:30 [INF] HTTP OPTIONS /api/v1/dashboard/summary responded 204 in 0.0460 ms
2026-06-14 14:08:56.284 +05:30 [INF] WMS Request: GetDashboardSummaryQuery {"$type":"GetDashboardSummaryQuery"}
2026-06-14 14:08:56.358 +05:30 [INF] WMS Response: GetDashboardSummaryQuery {"TotalEmployees":7,"ActiveEmployees":5,"TotalDepartments":4,"TotalProjects":4,"ActiveProjects":3,"TotalClients":4,"TodayAttendanceCount":0,"PendingLeaves":1,"AttendanceTrend":[{"Date":"Jun 08","Present":1,"Absent":0,"WFH":1,"WFO":0,"$type":"AttendanceTrendDto"},{"Date":"Jun 09","Present":1,"Absent":0,"WFH":0,"WFO":1,"$type":"AttendanceTrendDto"},{"Date":"Jun 10","Present":1,"Absent":0,"WFH":1,"WFO":0,"$type":"AttendanceTrendDto"},{"Date":"Jun 11","Present":1,"Absent":0,"WFH":0,"WFO":1,"$type":"AttendanceTrendDto"},{"Date":"Jun 12","Present":1,"Absent":0,"WFH":1,"WFO":0,"$type":"AttendanceTrendDto"},{"Date":"Jun 13","Present":3,"Absent":0,"WFH":1,"WFO":2,"$type":"AttendanceTrendDto"}],"LeaveTrend":[{"Month":"2/2026","Approved":1,"Pending":0,"Rejected":0,"$type":"LeaveTrendDto"},{"Month":"3/2026","Approved":0,"Pending":0,"Rejected":1,"$type":"LeaveTrendDto"},{"Month":"4/2026","Approved":0,"Pending":0,"Rejected":1,"$type":"LeaveTrendDto"},{"Month":"5/2026","Approved":1,"Pending":0,"Rejected":0,"$type":"LeaveTrendDto"},{"Month":"6/2026","Approved":4,"Pending":1,"Rejected":2,"$type":"LeaveTrendDto"}],"DepartmentDistribution":[{"DepartmentName":"Operations","EmployeeCount":2,"$type":"DepartmentDistributionDto"},{"DepartmentName":"AI-DS","EmployeeCount":1,"$type":"DepartmentDistributionDto"},{"DepartmentName":"HR","EmployeeCount":1,"$type":"DepartmentDistributionDto"},{"DepartmentName":"Finance","EmployeeCount":1,"$type":"DepartmentDistributionDto"}],"ProjectStatusDistribution":[{"Status":"Active","Count":3,"$type":"ProjectStatusDto"},{"Status":"Completed","Count":1,"$type":"ProjectStatusDto"}],"RecentAnnouncements":[{"AnnouncementId":3,"Title":"Meeting","Message":"Monthly review meeting","CreatedBy":0,"CreatedByName":"Hardik Patel","CreatedOn":"2026-06-13T02:26:06.7300000","IsActive":true,"$type":"AnnouncementDto"},{"AnnouncementId":4,"Title":"Policy Update","Message":"New HR policy released","CreatedBy":0,"CreatedByName":"Hardik Patel","CreatedOn":"2026-06-13T02:26:06.7300000","IsActive":true,"$type":"AnnouncementDto"},{"AnnouncementId":5,"Title":"Training","Message":"AI training scheduled","CreatedBy":0,"CreatedByName":"Hardik Patel","CreatedOn":"2026-06-13T02:26:06.7300000","IsActive":true,"$type":"AnnouncementDto"}],"$type":"DashboardSummaryDto"}
2026-06-14 14:08:56.455 +05:30 [INF] HTTP GET /api/v1/dashboard/summary responded 200 in 173.0203 ms
2026-06-14 14:08:58.021 +05:30 [INF] WMS Request: GetDashboardSummaryQuery {"$type":"GetDashboardSummaryQuery"}
2026-06-14 14:08:58.099 +05:30 [INF] WMS Response: GetDashboardSummaryQuery {"TotalEmployees":7,"ActiveEmployees":5,"TotalDepartments":4,"TotalProjects":4,"ActiveProjects":3,"TotalClients":4,"TodayAttendanceCount":0,"PendingLeaves":1,"AttendanceTrend":[{"Date":"Jun 08","Present":1,"Absent":0,"WFH":1,"WFO":0,"$type":"AttendanceTrendDto"},{"Date":"Jun 09","Present":1,"Absent":0,"WFH":0,"WFO":1,"$type":"AttendanceTrendDto"},{"Date":"Jun 10","Present":1,"Absent":0,"WFH":1,"WFO":0,"$type":"AttendanceTrendDto"},{"Date":"Jun 11","Present":1,"Absent":0,"WFH":0,"WFO":1,"$type":"AttendanceTrendDto"},{"Date":"Jun 12","Present":1,"Absent":0,"WFH":1,"WFO":0,"$type":"AttendanceTrendDto"},{"Date":"Jun 13","Present":3,"Absent":0,"WFH":1,"WFO":2,"$type":"AttendanceTrendDto"}],"LeaveTrend":[{"Month":"2/2026","Approved":1,"Pending":0,"Rejected":0,"$type":"LeaveTrendDto"},{"Month":"3/2026","Approved":0,"Pending":0,"Rejected":1,"$type":"LeaveTrendDto"},{"Month":"4/2026","Approved":0,"Pending":0,"Rejected":1,"$type":"LeaveTrendDto"},{"Month":"5/2026","Approved":1,"Pending":0,"Rejected":0,"$type":"LeaveTrendDto"},{"Month":"6/2026","Approved":4,"Pending":1,"Rejected":2,"$type":"LeaveTrendDto"}],"DepartmentDistribution":[{"DepartmentName":"Operations","EmployeeCount":2,"$type":"DepartmentDistributionDto"},{"DepartmentName":"AI-DS","EmployeeCount":1,"$type":"DepartmentDistributionDto"},{"DepartmentName":"HR","EmployeeCount":1,"$type":"DepartmentDistributionDto"},{"DepartmentName":"Finance","EmployeeCount":1,"$type":"DepartmentDistributionDto"}],"ProjectStatusDistribution":[{"Status":"Active","Count":3,"$type":"ProjectStatusDto"},{"Status":"Completed","Count":1,"$type":"ProjectStatusDto"}],"RecentAnnouncements":[{"AnnouncementId":3,"Title":"Meeting","Message":"Monthly review meeting","CreatedBy":0,"CreatedByName":"Hardik Patel","CreatedOn":"2026-06-13T02:26:06.7300000","IsActive":true,"$type":"AnnouncementDto"},{"AnnouncementId":4,"Title":"Policy Update","Message":"New HR policy released","CreatedBy":0,"CreatedByName":"Hardik Patel","CreatedOn":"2026-06-13T02:26:06.7300000","IsActive":true,"$type":"AnnouncementDto"},{"AnnouncementId":5,"Title":"Training","Message":"AI training scheduled","CreatedBy":0,"CreatedByName":"Hardik Patel","CreatedOn":"2026-06-13T02:26:06.7300000","IsActive":true,"$type":"AnnouncementDto"}],"$type":"DashboardSummaryDto"}
2026-06-14 14:08:58.234 +05:30 [INF] HTTP GET /api/v1/dashboard/summary responded 200 in 213.1820 ms
2026-06-14 14:12:50.532 +05:30 [INF] HTTP OPTIONS /api/v1/dashboard/summary responded 204 in 4.8519 ms
2026-06-14 14:12:50.594 +05:30 [INF] WMS Request: GetDashboardSummaryQuery {"$type":"GetDashboardSummaryQuery"}
2026-06-14 14:12:51.111 +05:30 [WRN] WMS Long Running Request: GetDashboardSummaryQuery (510ms) {"$type":"GetDashboardSummaryQuery"}
2026-06-14 14:12:51.117 +05:30 [INF] WMS Response: GetDashboardSummaryQuery {"TotalEmployees":7,"ActiveEmployees":5,"TotalDepartments":4,"TotalProjects":4,"ActiveProjects":3,"TotalClients":4,"TodayAttendanceCount":0,"PendingLeaves":1,"AttendanceTrend":[{"Date":"Jun 08","Present":1,"Absent":0,"WFH":1,"WFO":0,"$type":"AttendanceTrendDto"},{"Date":"Jun 09","Present":1,"Absent":0,"WFH":0,"WFO":1,"$type":"AttendanceTrendDto"},{"Date":"Jun 10","Present":1,"Absent":0,"WFH":1,"WFO":0,"$type":"AttendanceTrendDto"},{"Date":"Jun 11","Present":1,"Absent":0,"WFH":0,"WFO":1,"$type":"AttendanceTrendDto"},{"Date":"Jun 12","Present":1,"Absent":0,"WFH":1,"WFO":0,"$type":"AttendanceTrendDto"},{"Date":"Jun 13","Present":3,"Absent":0,"WFH":1,"WFO":2,"$type":"AttendanceTrendDto"}],"LeaveTrend":[{"Month":"2/2026","Approved":1,"Pending":0,"Rejected":0,"$type":"LeaveTrendDto"},{"Month":"3/2026","Approved":0,"Pending":0,"Rejected":1,"$type":"LeaveTrendDto"},{"Month":"4/2026","Approved":0,"Pending":0,"Rejected":1,"$type":"LeaveTrendDto"},{"Month":"5/2026","Approved":1,"Pending":0,"Rejected":0,"$type":"LeaveTrendDto"},{"Month":"6/2026","Approved":4,"Pending":1,"Rejected":2,"$type":"LeaveTrendDto"}],"DepartmentDistribution":[{"DepartmentName":"Operations","EmployeeCount":2,"$type":"DepartmentDistributionDto"},{"DepartmentName":"AI-DS","EmployeeCount":1,"$type":"DepartmentDistributionDto"},{"DepartmentName":"HR","EmployeeCount":1,"$type":"DepartmentDistributionDto"},{"DepartmentName":"Finance","EmployeeCount":1,"$type":"DepartmentDistributionDto"}],"ProjectStatusDistribution":[{"Status":"Active","Count":3,"$type":"ProjectStatusDto"},{"Status":"Completed","Count":1,"$type":"ProjectStatusDto"}],"RecentAnnouncements":[{"AnnouncementId":3,"Title":"Meeting","Message":"Monthly review meeting","CreatedBy":0,"CreatedByName":"Hardik Patel","CreatedOn":"2026-06-13T02:26:06.7300000","IsActive":true,"$type":"AnnouncementDto"},{"AnnouncementId":4,"Title":"Policy Update","Message":"New HR policy released","CreatedBy":0,"CreatedByName":"Hardik Patel","CreatedOn":"2026-06-13T02:26:06.7300000","IsActive":true,"$type":"AnnouncementDto"},{"AnnouncementId":5,"Title":"Training","Message":"AI training scheduled","CreatedBy":0,"CreatedByName":"Hardik Patel","CreatedOn":"2026-06-13T02:26:06.7300000","IsActive":true,"$type":"AnnouncementDto"}],"$type":"DashboardSummaryDto"}
2026-06-14 14:12:51.223 +05:30 [INF] HTTP GET /api/v1/dashboard/summary responded 200 in 668.5745 ms
2026-06-14 14:13:48.625 +05:30 [INF] HTTP OPTIONS /api/v1/dashboard/summary responded 204 in 3.2057 ms
2026-06-14 14:13:48.687 +05:30 [INF] WMS Request: GetDashboardSummaryQuery {"$type":"GetDashboardSummaryQuery"}
2026-06-14 14:13:49.405 +05:30 [WRN] WMS Long Running Request: GetDashboardSummaryQuery (705ms) {"$type":"GetDashboardSummaryQuery"}
2026-06-14 14:13:49.413 +05:30 [INF] WMS Response: GetDashboardSummaryQuery {"TotalEmployees":7,"ActiveEmployees":5,"TotalDepartments":4,"TotalProjects":4,"ActiveProjects":3,"TotalClients":4,"TodayAttendanceCount":0,"PendingLeaves":1,"AttendanceTrend":[{"Date":"Jun 08","Present":1,"Absent":0,"WFH":1,"WFO":0,"$type":"AttendanceTrendDto"},{"Date":"Jun 09","Present":1,"Absent":0,"WFH":0,"WFO":1,"$type":"AttendanceTrendDto"},{"Date":"Jun 10","Present":1,"Absent":0,"WFH":1,"WFO":0,"$type":"AttendanceTrendDto"},{"Date":"Jun 11","Present":1,"Absent":0,"WFH":0,"WFO":1,"$type":"AttendanceTrendDto"},{"Date":"Jun 12","Present":1,"Absent":0,"WFH":1,"WFO":0,"$type":"AttendanceTrendDto"},{"Date":"Jun 13","Present":3,"Absent":0,"WFH":1,"WFO":2,"$type":"AttendanceTrendDto"}],"LeaveTrend":[{"Month":"2/2026","Approved":1,"Pending":0,"Rejected":0,"$type":"LeaveTrendDto"},{"Month":"3/2026","Approved":0,"Pending":0,"Rejected":1,"$type":"LeaveTrendDto"},{"Month":"4/2026","Approved":0,"Pending":0,"Rejected":1,"$type":"LeaveTrendDto"},{"Month":"5/2026","Approved":1,"Pending":0,"Rejected":0,"$type":"LeaveTrendDto"},{"Month":"6/2026","Approved":4,"Pending":1,"Rejected":2,"$type":"LeaveTrendDto"}],"DepartmentDistribution":[{"DepartmentName":"Operations","EmployeeCount":2,"$type":"DepartmentDistributionDto"},{"DepartmentName":"AI-DS","EmployeeCount":1,"$type":"DepartmentDistributionDto"},{"DepartmentName":"HR","EmployeeCount":1,"$type":"DepartmentDistributionDto"},{"DepartmentName":"Finance","EmployeeCount":1,"$type":"DepartmentDistributionDto"}],"ProjectStatusDistribution":[{"Status":"Active","Count":3,"$type":"ProjectStatusDto"},{"Status":"Completed","Count":1,"$type":"ProjectStatusDto"}],"RecentAnnouncements":[{"AnnouncementId":3,"Title":"Meeting","Message":"Monthly review meeting","CreatedBy":0,"CreatedByName":"Hardik Patel","CreatedOn":"2026-06-13T02:26:06.7300000","IsActive":true,"$type":"AnnouncementDto"},{"AnnouncementId":4,"Title":"Policy Update","Message":"New HR policy released","CreatedBy":0,"CreatedByName":"Hardik Patel","CreatedOn":"2026-06-13T02:26:06.7300000","IsActive":true,"$type":"AnnouncementDto"},{"AnnouncementId":5,"Title":"Training","Message":"AI training scheduled","CreatedBy":0,"CreatedByName":"Hardik Patel","CreatedOn":"2026-06-13T02:26:06.7300000","IsActive":true,"$type":"AnnouncementDto"}],"$type":"DashboardSummaryDto"}
2026-06-14 14:13:49.546 +05:30 [INF] HTTP GET /api/v1/dashboard/summary responded 200 in 899.7453 ms
2026-06-14 14:14:49.040 +05:30 [INF] HTTP OPTIONS /api/v1/dashboard/summary responded 204 in 0.0259 ms
2026-06-14 14:14:49.050 +05:30 [INF] WMS Request: GetDashboardSummaryQuery {"$type":"GetDashboardSummaryQuery"}
2026-06-14 14:14:49.150 +05:30 [INF] WMS Response: GetDashboardSummaryQuery {"TotalEmployees":7,"ActiveEmployees":5,"TotalDepartments":4,"TotalProjects":4,"ActiveProjects":3,"TotalClients":4,"TodayAttendanceCount":0,"PendingLeaves":1,"AttendanceTrend":[{"Date":"Jun 08","Present":1,"Absent":0,"WFH":1,"WFO":0,"$type":"AttendanceTrendDto"},{"Date":"Jun 09","Present":1,"Absent":0,"WFH":0,"WFO":1,"$type":"AttendanceTrendDto"},{"Date":"Jun 10","Present":1,"Absent":0,"WFH":1,"WFO":0,"$type":"AttendanceTrendDto"},{"Date":"Jun 11","Present":1,"Absent":0,"WFH":0,"WFO":1,"$type":"AttendanceTrendDto"},{"Date":"Jun 12","Present":1,"Absent":0,"WFH":1,"WFO":0,"$type":"AttendanceTrendDto"},{"Date":"Jun 13","Present":3,"Absent":0,"WFH":1,"WFO":2,"$type":"AttendanceTrendDto"}],"LeaveTrend":[{"Month":"2/2026","Approved":1,"Pending":0,"Rejected":0,"$type":"LeaveTrendDto"},{"Month":"3/2026","Approved":0,"Pending":0,"Rejected":1,"$type":"LeaveTrendDto"},{"Month":"4/2026","Approved":0,"Pending":0,"Rejected":1,"$type":"LeaveTrendDto"},{"Month":"5/2026","Approved":1,"Pending":0,"Rejected":0,"$type":"LeaveTrendDto"},{"Month":"6/2026","Approved":4,"Pending":1,"Rejected":2,"$type":"LeaveTrendDto"}],"DepartmentDistribution":[{"DepartmentName":"Operations","EmployeeCount":2,"$type":"DepartmentDistributionDto"},{"DepartmentName":"AI-DS","EmployeeCount":1,"$type":"DepartmentDistributionDto"},{"DepartmentName":"HR","EmployeeCount":1,"$type":"DepartmentDistributionDto"},{"DepartmentName":"Finance","EmployeeCount":1,"$type":"DepartmentDistributionDto"}],"ProjectStatusDistribution":[{"Status":"Active","Count":3,"$type":"ProjectStatusDto"},{"Status":"Completed","Count":1,"$type":"ProjectStatusDto"}],"RecentAnnouncements":[{"AnnouncementId":3,"Title":"Meeting","Message":"Monthly review meeting","CreatedBy":0,"CreatedByName":"Hardik Patel","CreatedOn":"2026-06-13T02:26:06.7300000","IsActive":true,"$type":"AnnouncementDto"},{"AnnouncementId":4,"Title":"Policy Update","Message":"New HR policy released","CreatedBy":0,"CreatedByName":"Hardik Patel","CreatedOn":"2026-06-13T02:26:06.7300000","IsActive":true,"$type":"AnnouncementDto"},{"AnnouncementId":5,"Title":"Training","Message":"AI training scheduled","CreatedBy":0,"CreatedByName":"Hardik Patel","CreatedOn":"2026-06-13T02:26:06.7300000","IsActive":true,"$type":"AnnouncementDto"}],"$type":"DashboardSummaryDto"}
2026-06-14 14:14:49.308 +05:30 [INF] HTTP GET /api/v1/dashboard/summary responded 200 in 258.5166 ms
2026-06-14 14:15:48.446 +05:30 [INF] HTTP OPTIONS /api/v1/attendance/today responded 204 in 0.1606 ms
2026-06-14 14:15:48.453 +05:30 [INF] HTTP OPTIONS /api/v1/employees responded 204 in 0.0270 ms
2026-06-14 14:15:48.460 +05:30 [INF] WMS Request: GetTodayAttendanceQuery {"$type":"GetTodayAttendanceQuery"}
2026-06-14 14:15:48.467 +05:30 [INF] WMS Request: GetEmployeesQuery {"Search":null,"DepartmentId":null,"RoleId":null,"Status":null,"PageNumber":1,"PageSize":500,"$type":"GetEmployeesQuery"}
2026-06-14 14:15:48.520 +05:30 [INF] WMS Response: GetTodayAttendanceQuery []
2026-06-14 14:15:48.524 +05:30 [INF] HTTP GET /api/v1/attendance/today responded 200 in 70.1190 ms
2026-06-14 14:15:48.643 +05:30 [INF] WMS Response: GetEmployeesQuery {"Items":[{"EmployeeId":4,"FirstName":"aditya","LastName":"batwara","FullName":"aditya batwara","Email":"aditya21@gmail.com","PhoneNumber":"7414040730","Gender":"Male","DOB":"2004-02-21T00:00:00.0000000","DOJ":"2026-04-07T00:00:00.0000000","DepartmentId":5,"DepartmentName":"AI-DS","RoleId":3,"RoleName":"Employee","Status":"Inactive","CreatedOn":"2026-06-12T23:12:11.5907684","UpdatedOn":"2026-06-13T12:36:11.3585878","$type":"EmployeeDto"},{"EmployeeId":1,"FirstName":"Hardik","LastName":"Patel","FullName":"Hardik Patel","Email":"hardik@test.com","PhoneNumber":"7737131410","Gender":"Male","DOB":"2004-06-21T00:00:00.0000000","DOJ":"2026-06-08T00:00:00.0000000","DepartmentId":1,"DepartmentName":"HR","RoleId":2,"RoleName":"Manager","Status":"Inactive","CreatedOn":"2026-06-11T15:03:58.6936554","UpdatedOn":"2026-06-13T23:49:09.2801027","$type":"EmployeeDto"},{"EmployeeId":3,"FirstName":"hardik","LastName":"maloo","FullName":"hardik maloo","Email":"hardikmaloo21@gmail.com","PhoneNumber":"8107663009","Gender":"Male","DOB":"2004-06-21T00:00:00.0000000","DOJ":"2026-06-04T00:00:00.0000000","DepartmentId":5,"DepartmentName":"AI-DS","RoleId":3,"RoleName":"Employee","Status":"Active","CreatedOn":"2026-06-12T23:10:13.1851457","UpdatedOn":null,"$type":"EmployeeDto"},{"EmployeeId":2,"FirstName":"harsh","LastName":"rathore","FullName":"harsh rathore","Email":"harsh@gmail.com","PhoneNumber":"7976681235","Gender":"Male","DOB":"2005-07-03T00:00:00.0000000","DOJ":"2026-06-12T00:00:00.0000000","DepartmentId":3,"DepartmentName":"Finance","RoleId":1,"RoleName":"Admin","Status":"Active","CreatedOn":"2026-06-12T21:25:47.5693795","UpdatedOn":"2026-06-12T23:08:27.1985056","$type":"EmployeeDto"},{"EmployeeId":5,"FirstName":"lakshya","LastName":"sharma","FullName":"lakshya sharma","Email":"lakshya@gmail.com","PhoneNumber":"8946456765","Gender":"Male","DOB":"2005-03-14T00:00:00.0000000","DOJ":"2026-04-08T00:00:00.0000000","DepartmentId":4,"DepartmentName":"Operations","RoleId":3,"RoleName":"Employee","Status":"Active","CreatedOn":"2026-06-13T08:09:44.8928080","UpdatedOn":null,"$type":"EmployeeDto"},{"EmployeeId":7,"FirstName":"pulkit","LastName":"jain","FullName":"pulkit jain","Email":"pulkitjain@gmail.com","PhoneNumber":"7894561230","Gender":"Male","DOB":"2004-04-14T00:00:00.0000000","DOJ":"2026-06-14T00:00:00.0000000","DepartmentId":4,"DepartmentName":"Operations","RoleId":3,"RoleName":"Employee","Status":"Active","CreatedOn":"2026-06-14T06:41:11.1355668","UpdatedOn":null,"$type":"EmployeeDto"},{"EmployeeId":6,"FirstName":"System","LastName":"Admin","FullName":"System Admin","Email":"admin@wms.com","PhoneNumber":"9999999999","Gender":"Male","DOB":"1990-01-01T00:00:00.0000000","DOJ":"2026-06-13T19:06:47.4733333","DepartmentId":1,"DepartmentName":"HR","RoleId":1,"RoleName":"Admin","Status":"Active","CreatedOn":"2026-06-13T19:06:47.4733333","UpdatedOn":null,"$type":"EmployeeDto"}],"TotalCount":7,"PageNumber":1,"PageSize":500,"TotalPages":1,"HasPreviousPage":false,"HasNextPage":false,"$type":"PagedResult`1"}
2026-06-14 14:15:48.758 +05:30 [INF] HTTP GET /api/v1/employees responded 200 in 298.9069 ms
2026-06-14 14:15:51.719 +05:30 [INF] WMS Request: GetTodayAttendanceQuery {"$type":"GetTodayAttendanceQuery"}
2026-06-14 14:15:51.726 +05:30 [INF] WMS Request: GetEmployeesQuery {"Search":null,"DepartmentId":null,"RoleId":null,"Status":null,"PageNumber":1,"PageSize":500,"$type":"GetEmployeesQuery"}
2026-06-14 14:15:51.733 +05:30 [INF] WMS Response: GetTodayAttendanceQuery []
2026-06-14 14:15:51.736 +05:30 [INF] HTTP GET /api/v1/attendance/today responded 200 in 17.6468 ms
2026-06-14 14:15:51.751 +05:30 [INF] WMS Response: GetEmployeesQuery {"Items":[{"EmployeeId":4,"FirstName":"aditya","LastName":"batwara","FullName":"aditya batwara","Email":"aditya21@gmail.com","PhoneNumber":"7414040730","Gender":"Male","DOB":"2004-02-21T00:00:00.0000000","DOJ":"2026-04-07T00:00:00.0000000","DepartmentId":5,"DepartmentName":"AI-DS","RoleId":3,"RoleName":"Employee","Status":"Inactive","CreatedOn":"2026-06-12T23:12:11.5907684","UpdatedOn":"2026-06-13T12:36:11.3585878","$type":"EmployeeDto"},{"EmployeeId":1,"FirstName":"Hardik","LastName":"Patel","FullName":"Hardik Patel","Email":"hardik@test.com","PhoneNumber":"7737131410","Gender":"Male","DOB":"2004-06-21T00:00:00.0000000","DOJ":"2026-06-08T00:00:00.0000000","DepartmentId":1,"DepartmentName":"HR","RoleId":2,"RoleName":"Manager","Status":"Inactive","CreatedOn":"2026-06-11T15:03:58.6936554","UpdatedOn":"2026-06-13T23:49:09.2801027","$type":"EmployeeDto"},{"EmployeeId":3,"FirstName":"hardik","LastName":"maloo","FullName":"hardik maloo","Email":"hardikmaloo21@gmail.com","PhoneNumber":"8107663009","Gender":"Male","DOB":"2004-06-21T00:00:00.0000000","DOJ":"2026-06-04T00:00:00.0000000","DepartmentId":5,"DepartmentName":"AI-DS","RoleId":3,"RoleName":"Employee","Status":"Active","CreatedOn":"2026-06-12T23:10:13.1851457","UpdatedOn":null,"$type":"EmployeeDto"},{"EmployeeId":2,"FirstName":"harsh","LastName":"rathore","FullName":"harsh rathore","Email":"harsh@gmail.com","PhoneNumber":"7976681235","Gender":"Male","DOB":"2005-07-03T00:00:00.0000000","DOJ":"2026-06-12T00:00:00.0000000","DepartmentId":3,"DepartmentName":"Finance","RoleId":1,"RoleName":"Admin","Status":"Active","CreatedOn":"2026-06-12T21:25:47.5693795","UpdatedOn":"2026-06-12T23:08:27.1985056","$type":"EmployeeDto"},{"EmployeeId":5,"FirstName":"lakshya","LastName":"sharma","FullName":"lakshya sharma","Email":"lakshya@gmail.com","PhoneNumber":"8946456765","Gender":"Male","DOB":"2005-03-14T00:00:00.0000000","DOJ":"2026-04-08T00:00:00.0000000","DepartmentId":4,"DepartmentName":"Operations","RoleId":3,"RoleName":"Employee","Status":"Active","CreatedOn":"2026-06-13T08:09:44.8928080","UpdatedOn":null,"$type":"EmployeeDto"},{"EmployeeId":7,"FirstName":"pulkit","LastName":"jain","FullName":"pulkit jain","Email":"pulkitjain@gmail.com","PhoneNumber":"7894561230","Gender":"Male","DOB":"2004-04-14T00:00:00.0000000","DOJ":"2026-06-14T00:00:00.0000000","DepartmentId":4,"DepartmentName":"Operations","RoleId":3,"RoleName":"Employee","Status":"Active","CreatedOn":"2026-06-14T06:41:11.1355668","UpdatedOn":null,"$type":"EmployeeDto"},{"EmployeeId":6,"FirstName":"System","LastName":"Admin","FullName":"System Admin","Email":"admin@wms.com","PhoneNumber":"9999999999","Gender":"Male","DOB":"1990-01-01T00:00:00.0000000","DOJ":"2026-06-13T19:06:47.4733333","DepartmentId":1,"DepartmentName":"HR","RoleId":1,"RoleName":"Admin","Status":"Active","CreatedOn":"2026-06-13T19:06:47.4733333","UpdatedOn":null,"$type":"EmployeeDto"}],"TotalCount":7,"PageNumber":1,"PageSize":500,"TotalPages":1,"HasPreviousPage":false,"HasNextPage":false,"$type":"PagedResult`1"}
2026-06-14 14:15:51.888 +05:30 [INF] HTTP GET /api/v1/employees responded 200 in 169.6332 ms
2026-06-14 14:16:02.712 +05:30 [INF] HTTP OPTIONS /api/v1/employees responded 204 in 0.0500 ms
2026-06-14 14:16:02.722 +05:30 [INF] WMS Request: GetEmployeesQuery {"Search":null,"DepartmentId":null,"RoleId":null,"Status":null,"PageNumber":1,"PageSize":500,"$type":"GetEmployeesQuery"}
2026-06-14 14:16:02.757 +05:30 [INF] WMS Response: GetEmployeesQuery {"Items":[{"EmployeeId":4,"FirstName":"aditya","LastName":"batwara","FullName":"aditya batwara","Email":"aditya21@gmail.com","PhoneNumber":"7414040730","Gender":"Male","DOB":"2004-02-21T00:00:00.0000000","DOJ":"2026-04-07T00:00:00.0000000","DepartmentId":5,"DepartmentName":"AI-DS","RoleId":3,"RoleName":"Employee","Status":"Inactive","CreatedOn":"2026-06-12T23:12:11.5907684","UpdatedOn":"2026-06-13T12:36:11.3585878","$type":"EmployeeDto"},{"EmployeeId":1,"FirstName":"Hardik","LastName":"Patel","FullName":"Hardik Patel","Email":"hardik@test.com","PhoneNumber":"7737131410","Gender":"Male","DOB":"2004-06-21T00:00:00.0000000","DOJ":"2026-06-08T00:00:00.0000000","DepartmentId":1,"DepartmentName":"HR","RoleId":2,"RoleName":"Manager","Status":"Inactive","CreatedOn":"2026-06-11T15:03:58.6936554","UpdatedOn":"2026-06-13T23:49:09.2801027","$type":"EmployeeDto"},{"EmployeeId":3,"FirstName":"hardik","LastName":"maloo","FullName":"hardik maloo","Email":"hardikmaloo21@gmail.com","PhoneNumber":"8107663009","Gender":"Male","DOB":"2004-06-21T00:00:00.0000000","DOJ":"2026-06-04T00:00:00.0000000","DepartmentId":5,"DepartmentName":"AI-DS","RoleId":3,"RoleName":"Employee","Status":"Active","CreatedOn":"2026-06-12T23:10:13.1851457","UpdatedOn":null,"$type":"EmployeeDto"},{"EmployeeId":2,"FirstName":"harsh","LastName":"rathore","FullName":"harsh rathore","Email":"harsh@gmail.com","PhoneNumber":"7976681235","Gender":"Male","DOB":"2005-07-03T00:00:00.0000000","DOJ":"2026-06-12T00:00:00.0000000","DepartmentId":3,"DepartmentName":"Finance","RoleId":1,"RoleName":"Admin","Status":"Active","CreatedOn":"2026-06-12T21:25:47.5693795","UpdatedOn":"2026-06-12T23:08:27.1985056","$type":"EmployeeDto"},{"EmployeeId":5,"FirstName":"lakshya","LastName":"sharma","FullName":"lakshya sharma","Email":"lakshya@gmail.com","PhoneNumber":"8946456765","Gender":"Male","DOB":"2005-03-14T00:00:00.0000000","DOJ":"2026-04-08T00:00:00.0000000","DepartmentId":4,"DepartmentName":"Operations","RoleId":3,"RoleName":"Employee","Status":"Active","CreatedOn":"2026-06-13T08:09:44.8928080","UpdatedOn":null,"$type":"EmployeeDto"},{"EmployeeId":7,"FirstName":"pulkit","LastName":"jain","FullName":"pulkit jain","Email":"pulkitjain@gmail.com","PhoneNumber":"7894561230","Gender":"Male","DOB":"2004-04-14T00:00:00.0000000","DOJ":"2026-06-14T00:00:00.0000000","DepartmentId":4,"DepartmentName":"Operations","RoleId":3,"RoleName":"Employee","Status":"Active","CreatedOn":"2026-06-14T06:41:11.1355668","UpdatedOn":null,"$type":"EmployeeDto"},{"EmployeeId":6,"FirstName":"System","LastName":"Admin","FullName":"System Admin","Email":"admin@wms.com","PhoneNumber":"9999999999","Gender":"Male","DOB":"1990-01-01T00:00:00.0000000","DOJ":"2026-06-13T19:06:47.4733333","DepartmentId":1,"DepartmentName":"HR","RoleId":1,"RoleName":"Admin","Status":"Active","CreatedOn":"2026-06-13T19:06:47.4733333","UpdatedOn":null,"$type":"EmployeeDto"}],"TotalCount":7,"PageNumber":1,"PageSize":500,"TotalPages":1,"HasPreviousPage":false,"HasNextPage":false,"$type":"PagedResult`1"}
2026-06-14 14:16:02.914 +05:30 [INF] HTTP GET /api/v1/employees responded 200 in 192.4406 ms
2026-06-14 14:16:03.896 +05:30 [INF] HTTP OPTIONS /api/v1/attendance/today responded 204 in 0.0341 ms
2026-06-14 14:16:03.897 +05:30 [INF] WMS Request: GetEmployeesQuery {"Search":null,"DepartmentId":null,"RoleId":null,"Status":null,"PageNumber":1,"PageSize":500,"$type":"GetEmployeesQuery"}
2026-06-14 14:16:03.905 +05:30 [INF] WMS Request: GetTodayAttendanceQuery {"$type":"GetTodayAttendanceQuery"}
2026-06-14 14:16:03.945 +05:30 [INF] WMS Response: GetTodayAttendanceQuery []
2026-06-14 14:16:03.948 +05:30 [INF] WMS Response: GetEmployeesQuery {"Items":[{"EmployeeId":4,"FirstName":"aditya","LastName":"batwara","FullName":"aditya batwara","Email":"aditya21@gmail.com","PhoneNumber":"7414040730","Gender":"Male","DOB":"2004-02-21T00:00:00.0000000","DOJ":"2026-04-07T00:00:00.0000000","DepartmentId":5,"DepartmentName":"AI-DS","RoleId":3,"RoleName":"Employee","Status":"Inactive","CreatedOn":"2026-06-12T23:12:11.5907684","UpdatedOn":"2026-06-13T12:36:11.3585878","$type":"EmployeeDto"},{"EmployeeId":1,"FirstName":"Hardik","LastName":"Patel","FullName":"Hardik Patel","Email":"hardik@test.com","PhoneNumber":"7737131410","Gender":"Male","DOB":"2004-06-21T00:00:00.0000000","DOJ":"2026-06-08T00:00:00.0000000","DepartmentId":1,"DepartmentName":"HR","RoleId":2,"RoleName":"Manager","Status":"Inactive","CreatedOn":"2026-06-11T15:03:58.6936554","UpdatedOn":"2026-06-13T23:49:09.2801027","$type":"EmployeeDto"},{"EmployeeId":3,"FirstName":"hardik","LastName":"maloo","FullName":"hardik maloo","Email":"hardikmaloo21@gmail.com","PhoneNumber":"8107663009","Gender":"Male","DOB":"2004-06-21T00:00:00.0000000","DOJ":"2026-06-04T00:00:00.0000000","DepartmentId":5,"DepartmentName":"AI-DS","RoleId":3,"RoleName":"Employee","Status":"Active","CreatedOn":"2026-06-12T23:10:13.1851457","UpdatedOn":null,"$type":"EmployeeDto"},{"EmployeeId":2,"FirstName":"harsh","LastName":"rathore","FullName":"harsh rathore","Email":"harsh@gmail.com","PhoneNumber":"7976681235","Gender":"Male","DOB":"2005-07-03T00:00:00.0000000","DOJ":"2026-06-12T00:00:00.0000000","DepartmentId":3,"DepartmentName":"Finance","RoleId":1,"RoleName":"Admin","Status":"Active","CreatedOn":"2026-06-12T21:25:47.5693795","UpdatedOn":"2026-06-12T23:08:27.1985056","$type":"EmployeeDto"},{"EmployeeId":5,"FirstName":"lakshya","LastName":"sharma","FullName":"lakshya sharma","Email":"lakshya@gmail.com","PhoneNumber":"8946456765","Gender":"Male","DOB":"2005-03-14T00:00:00.0000000","DOJ":"2026-04-08T00:00:00.0000000","DepartmentId":4,"DepartmentName":"Operations","RoleId":3,"RoleName":"Employee","Status":"Active","CreatedOn":"2026-06-13T08:09:44.8928080","UpdatedOn":null,"$type":"EmployeeDto"},{"EmployeeId":7,"FirstName":"pulkit","LastName":"jain","FullName":"pulkit jain","Email":"pulkitjain@gmail.com","PhoneNumber":"7894561230","Gender":"Male","DOB":"2004-04-14T00:00:00.0000000","DOJ":"2026-06-14T00:00:00.0000000","DepartmentId":4,"DepartmentName":"Operations","RoleId":3,"RoleName":"Employee","Status":"Active","CreatedOn":"2026-06-14T06:41:11.1355668","UpdatedOn":null,"$type":"EmployeeDto"},{"EmployeeId":6,"FirstName":"System","LastName":"Admin","FullName":"System Admin","Email":"admin@wms.com","PhoneNumber":"9999999999","Gender":"Male","DOB":"1990-01-01T00:00:00.0000000","DOJ":"2026-06-13T19:06:47.4733333","DepartmentId":1,"DepartmentName":"HR","RoleId":1,"RoleName":"Admin","Status":"Active","CreatedOn":"2026-06-13T19:06:47.4733333","UpdatedOn":null,"$type":"EmployeeDto"}],"TotalCount":7,"PageNumber":1,"PageSize":500,"TotalPages":1,"HasPreviousPage":false,"HasNextPage":false,"$type":"PagedResult`1"}
2026-06-14 14:16:03.949 +05:30 [INF] HTTP GET /api/v1/attendance/today responded 200 in 44.6024 ms
2026-06-14 14:16:04.089 +05:30 [INF] HTTP GET /api/v1/employees responded 200 in 191.6241 ms
2026-06-14 14:17:16.752 +05:30 [INF] HTTP OPTIONS /api/v1/auth/logout responded 204 in 1.7459 ms
2026-06-14 14:17:16.773 +05:30 [INF] WMS Request: LogoutCommand {"Username":"admin","$type":"LogoutCommand"}
2026-06-14 14:17:16.954 +05:30 [INF] WMS Response: LogoutCommand {"$type":"Unit"}
2026-06-14 14:17:16.957 +05:30 [INF] HTTP POST /api/v1/auth/logout responded 200 in 197.8613 ms
2026-06-14 14:17:25.969 +05:30 [INF] HTTP OPTIONS /api/v1/auth/login responded 204 in 0.0326 ms
2026-06-14 14:17:26.002 +05:30 [INF] WMS Request: LoginCommand {"Username":"pulkit","Password":"Pulkit@123","$type":"LoginCommand"}
2026-06-14 14:17:26.485 +05:30 [INF] WMS Response: LoginCommand {"AccessToken":"eyJhbGciOiJIUzI1NiIsInR5cCI6IkpXVCJ9.eyJzdWIiOiI3IiwidW5pcXVlX25hbWUiOiJwdWxraXQiLCJodHRwOi8vc2NoZW1hcy5taWNyb3NvZnQuY29tL3dzLzIwMDgvMDYvaWRlbnRpdHkvY2xhaW1zL3JvbGUiOiJFbXBsb3llZSIsImVtcGxveWVlSWQiOiI3IiwianRpIjoiMWZlMDRhNDUtM2JhYy00ZDFlLTg5YzQtYjc2ZTBjZDZlYjFmIiwiZXhwIjoxNzgxNDMwNDQ2LCJpc3MiOiJXTVMuQVBJIiwiYXVkIjoiV01TLkNsaWVudCJ9.D3zYeM0uz2Xn_EIXm6oK37N_MmLm4ecneBwqzzFROYI","RefreshToken":"i8ZKnacRp5dDUwP9WvLfICzl7xl/3dgGk324haiv6TMLyUYl34zcO9dxRK11YLmF6LGs62hNLvO5faT/Pylzyg==","ExpiresAt":"2026-06-14T09:47:26.4855816Z","Username":"pulkit","Role":"Employee","EmployeeId":7,"$type":"LoginResponse"}
2026-06-14 14:17:26.501 +05:30 [INF] HTTP POST /api/v1/auth/login responded 200 in 527.7080 ms
2026-06-14 14:18:00.667 +05:30 [INF] HTTP OPTIONS /api/v1/auth/login responded 204 in 0.0316 ms
2026-06-14 14:18:00.675 +05:30 [INF] WMS Request: LoginCommand {"Username":"pulkit","Password":"Pulkit@123","$type":"LoginCommand"}
2026-06-14 14:18:01.096 +05:30 [INF] WMS Response: LoginCommand {"AccessToken":"eyJhbGciOiJIUzI1NiIsInR5cCI6IkpXVCJ9.eyJzdWIiOiI3IiwidW5pcXVlX25hbWUiOiJwdWxraXQiLCJodHRwOi8vc2NoZW1hcy5taWNyb3NvZnQuY29tL3dzLzIwMDgvMDYvaWRlbnRpdHkvY2xhaW1zL3JvbGUiOiJFbXBsb3llZSIsImVtcGxveWVlSWQiOiI3IiwianRpIjoiMTcwYTIyZTEtMzM0ZS00OWY4LWJkNDEtNWUwYmJlNDk2M2MwIiwiZXhwIjoxNzgxNDMwNDgxLCJpc3MiOiJXTVMuQVBJIiwiYXVkIjoiV01TLkNsaWVudCJ9.kx70NmE0D_EQSsz43ClSlMzfnNaEzqWrIi3YcrdzpMY","RefreshToken":"Put2jlmsLkWA2e/E8Fm+/gBbdsDCbXs0TD/BAkdsVSWtAvBeXFtvAZIyY5L0Cu10FTWpISJgoFx3vkGZg6Mt5w==","ExpiresAt":"2026-06-14T09:48:01.0962413Z","Username":"pulkit","Role":"Employee","EmployeeId":7,"$type":"LoginResponse"}
2026-06-14 14:18:01.105 +05:30 [INF] HTTP POST /api/v1/auth/login responded 200 in 433.5833 ms
2026-06-14 14:18:27.422 +05:30 [INF] HTTP OPTIONS /api/v1/auth/login responded 204 in 0.0246 ms
2026-06-14 14:18:27.431 +05:30 [INF] WMS Request: LoginCommand {"Username":"pulkit","Password":"Pulkit@123","$type":"LoginCommand"}
2026-06-14 14:18:27.838 +05:30 [INF] WMS Response: LoginCommand {"AccessToken":"eyJhbGciOiJIUzI1NiIsInR5cCI6IkpXVCJ9.eyJzdWIiOiI3IiwidW5pcXVlX25hbWUiOiJwdWxraXQiLCJodHRwOi8vc2NoZW1hcy5taWNyb3NvZnQuY29tL3dzLzIwMDgvMDYvaWRlbnRpdHkvY2xhaW1zL3JvbGUiOiJFbXBsb3llZSIsImVtcGxveWVlSWQiOiI3IiwianRpIjoiMTY1NTM0NzktNDJiMi00ZjVmLWE4NjYtNmU5NzI5YzEwMmMyIiwiZXhwIjoxNzgxNDMwNTA3LCJpc3MiOiJXTVMuQVBJIiwiYXVkIjoiV01TLkNsaWVudCJ9.iRLlhHCDzyJGAl_9wH4FlmuoA4YJJcJgpgswSVMGGcQ","RefreshToken":"5ZOEOhCkjbYfaKae52fp0OAphbfDO5axi9G+0tcG5y/jEuwBQl3Qbg/nvxiuhpzvy6jPyJqvVuGFmyhRax9HXg==","ExpiresAt":"2026-06-14T09:48:27.8381886Z","Username":"pulkit","Role":"Employee","EmployeeId":7,"$type":"LoginResponse"}
2026-06-14 14:18:27.846 +05:30 [INF] HTTP POST /api/v1/auth/login responded 200 in 419.3391 ms
2026-06-14 14:18:32.455 +05:30 [INF] HTTP OPTIONS /api/v1/leaves/employee/7 responded 204 in 0.0356 ms
2026-06-14 14:18:32.481 +05:30 [INF] WMS Request: GetLeavesByEmployeeQuery {"EmployeeId":7,"PageNumber":1,"PageSize":10,"$type":"GetLeavesByEmployeeQuery"}
2026-06-14 14:18:32.552 +05:30 [INF] WMS Response: GetLeavesByEmployeeQuery {"Items":[],"TotalCount":0,"PageNumber":1,"PageSize":10,"TotalPages":0,"HasPreviousPage":false,"HasNextPage":false,"$type":"PagedResult`1"}
2026-06-14 14:18:32.562 +05:30 [INF] HTTP GET /api/v1/leaves/employee/7 responded 200 in 91.4076 ms
2026-06-14 14:18:39.799 +05:30 [INF] HTTP OPTIONS /api/v1/announcements responded 204 in 0.0313 ms
2026-06-14 14:18:39.810 +05:30 [INF] WMS Request: GetAnnouncementsQuery {"IsActive":null,"PageNumber":1,"PageSize":10,"$type":"GetAnnouncementsQuery"}
2026-06-14 14:18:39.867 +05:30 [INF] WMS Response: GetAnnouncementsQuery {"Items":[{"AnnouncementId":2,"Title":"Holiday","Message":"Office holiday next week yesss","CreatedBy":1,"CreatedByName":"Hardik Patel","CreatedOn":"2026-06-13T02:26:06.7300000","IsActive":false,"$type":"AnnouncementDto"},{"AnnouncementId":3,"Title":"Meeting","Message":"Monthly review meeting","CreatedBy":1,"CreatedByName":"Hardik Patel","CreatedOn":"2026-06-13T02:26:06.7300000","IsActive":true,"$type":"AnnouncementDto"},{"AnnouncementId":4,"Title":"Policy Update","Message":"New HR policy released","CreatedBy":1,"CreatedByName":"Hardik Patel","CreatedOn":"2026-06-13T02:26:06.7300000","IsActive":true,"$type":"AnnouncementDto"},{"AnnouncementId":5,"Title":"Training","Message":"AI training scheduled","CreatedBy":1,"CreatedByName":"Hardik Patel","CreatedOn":"2026-06-13T02:26:06.7300000","IsActive":true,"$type":"AnnouncementDto"}],"TotalCount":4,"PageNumber":1,"PageSize":10,"TotalPages":1,"HasPreviousPage":false,"HasNextPage":false,"$type":"PagedResult`1"}
2026-06-14 14:18:39.906 +05:30 [INF] HTTP GET /api/v1/announcements responded 200 in 98.7766 ms
2026-06-14 14:18:42.168 +05:30 [INF] HTTP OPTIONS /api/v1/leaves/employee/7 responded 204 in 0.0295 ms
2026-06-14 14:18:42.179 +05:30 [INF] WMS Request: GetLeavesByEmployeeQuery {"EmployeeId":7,"PageNumber":1,"PageSize":10,"$type":"GetLeavesByEmployeeQuery"}
2026-06-14 14:18:42.196 +05:30 [INF] WMS Response: GetLeavesByEmployeeQuery {"Items":[],"TotalCount":0,"PageNumber":1,"PageSize":10,"TotalPages":0,"HasPreviousPage":false,"HasNextPage":false,"$type":"PagedResult`1"}
2026-06-14 14:18:42.203 +05:30 [INF] HTTP GET /api/v1/leaves/employee/7 responded 200 in 26.4877 ms
2026-06-14 14:29:51.856 +05:30 [INF] HTTP OPTIONS /api/v1/auth/login responded 204 in 3.6890 ms
2026-06-14 14:29:51.919 +05:30 [INF] WMS Request: LoginCommand {"Username":"pulkit","Password":"Pulkit@123","$type":"LoginCommand"}
2026-06-14 14:29:52.720 +05:30 [WRN] WMS Long Running Request: LoginCommand (791ms) {"Username":"pulkit","Password":"Pulkit@123","$type":"LoginCommand"}
2026-06-14 14:29:52.725 +05:30 [INF] WMS Response: LoginCommand {"AccessToken":"eyJhbGciOiJIUzI1NiIsInR5cCI6IkpXVCJ9.eyJzdWIiOiI3IiwidW5pcXVlX25hbWUiOiJwdWxraXQiLCJodHRwOi8vc2NoZW1hcy5taWNyb3NvZnQuY29tL3dzLzIwMDgvMDYvaWRlbnRpdHkvY2xhaW1zL3JvbGUiOiJFbXBsb3llZSIsImVtcGxveWVlSWQiOiI3IiwianRpIjoiNzk0MmFlZTEtZjYwOS00NGUyLTk2MGMtNGJjMmY5ZjhkMGFlIiwiZXhwIjoxNzgxNDMxMTkyLCJpc3MiOiJXTVMuQVBJIiwiYXVkIjoiV01TLkNsaWVudCJ9.magQGp-jRvnIz6rLuD0B93STmjbJME89DbhkSZ2qKuE","RefreshToken":"pL3s/55g7Zm0AY0zhmm1VG6Uex/aLOtG0A8FDuOrWsdW5Q9iJ+lN+Bk8xqBzyNBlz73Wtrtee4EO9W9VuqaMbQ==","ExpiresAt":"2026-06-14T09:59:52.7190152Z","Username":"pulkit","Role":"Employee","EmployeeId":7,"$type":"LoginResponse"}
2026-06-14 14:29:52.735 +05:30 [INF] HTTP POST /api/v1/auth/login responded 200 in 863.6584 ms
2026-06-14 14:33:05.675 +05:30 [INF] HTTP OPTIONS /api/v1/auth/login responded 204 in 8.9271 ms
2026-06-14 14:33:05.735 +05:30 [INF] WMS Request: LoginCommand {"Username":"admin","Password":"Admin@123","$type":"LoginCommand"}
2026-06-14 14:33:06.381 +05:30 [WRN] WMS Long Running Request: LoginCommand (635ms) {"Username":"admin","Password":"Admin@123","$type":"LoginCommand"}
2026-06-14 14:33:06.385 +05:30 [INF] WMS Response: LoginCommand {"AccessToken":"eyJhbGciOiJIUzI1NiIsInR5cCI6IkpXVCJ9.eyJzdWIiOiIxIiwidW5pcXVlX25hbWUiOiJhZG1pbiIsImh0dHA6Ly9zY2hlbWFzLm1pY3Jvc29mdC5jb20vd3MvMjAwOC8wNi9pZGVudGl0eS9jbGFpbXMvcm9sZSI6IkFkbWluIiwiZW1wbG95ZWVJZCI6IjYiLCJqdGkiOiJjOTViNjg0My1mMTE2LTRiZDgtYjQ1MS05YjMzNDk1NzAzMmYiLCJleHAiOjE3ODE0MzEzODYsImlzcyI6IldNUy5BUEkiLCJhdWQiOiJXTVMuQ2xpZW50In0.YaRgMw2dZ5sDmBpc6RQvXEFHyyMxEf8H_8-iVl_w-H8","RefreshToken":"8KJRamc3TQI+MD35/ev31zUjYUW7iDYBk38nANFbKjqjhQuZudLKYRxDHaV5teD9NAGC/cAN99jSMekL3kfvRA==","ExpiresAt":"2026-06-14T10:03:06.3805050Z","Username":"admin","Role":"Admin","EmployeeId":6,"$type":"LoginResponse"}
2026-06-14 14:33:06.391 +05:30 [INF] HTTP POST /api/v1/auth/login responded 200 in 699.3128 ms
2026-06-14 14:33:06.564 +05:30 [INF] HTTP OPTIONS /api/v1/dashboard/summary responded 204 in 0.0263 ms
2026-06-14 14:33:06.587 +05:30 [INF] WMS Request: GetDashboardSummaryQuery {"$type":"GetDashboardSummaryQuery"}
2026-06-14 14:33:06.798 +05:30 [INF] WMS Response: GetDashboardSummaryQuery {"TotalEmployees":7,"ActiveEmployees":5,"TotalDepartments":4,"TotalProjects":4,"ActiveProjects":3,"TotalClients":4,"TodayAttendanceCount":0,"PendingLeaves":1,"AttendanceTrend":[{"Date":"Jun 08","Present":1,"Absent":0,"WFH":1,"WFO":0,"$type":"AttendanceTrendDto"},{"Date":"Jun 09","Present":1,"Absent":0,"WFH":0,"WFO":1,"$type":"AttendanceTrendDto"},{"Date":"Jun 10","Present":1,"Absent":0,"WFH":1,"WFO":0,"$type":"AttendanceTrendDto"},{"Date":"Jun 11","Present":1,"Absent":0,"WFH":0,"WFO":1,"$type":"AttendanceTrendDto"},{"Date":"Jun 12","Present":1,"Absent":0,"WFH":1,"WFO":0,"$type":"AttendanceTrendDto"},{"Date":"Jun 13","Present":3,"Absent":0,"WFH":1,"WFO":2,"$type":"AttendanceTrendDto"}],"LeaveTrend":[{"Month":"2/2026","Approved":1,"Pending":0,"Rejected":0,"$type":"LeaveTrendDto"},{"Month":"3/2026","Approved":0,"Pending":0,"Rejected":1,"$type":"LeaveTrendDto"},{"Month":"4/2026","Approved":0,"Pending":0,"Rejected":1,"$type":"LeaveTrendDto"},{"Month":"5/2026","Approved":1,"Pending":0,"Rejected":0,"$type":"LeaveTrendDto"},{"Month":"6/2026","Approved":4,"Pending":1,"Rejected":2,"$type":"LeaveTrendDto"}],"DepartmentDistribution":[{"DepartmentName":"Operations","EmployeeCount":2,"$type":"DepartmentDistributionDto"},{"DepartmentName":"AI-DS","EmployeeCount":1,"$type":"DepartmentDistributionDto"},{"DepartmentName":"HR","EmployeeCount":1,"$type":"DepartmentDistributionDto"},{"DepartmentName":"Finance","EmployeeCount":1,"$type":"DepartmentDistributionDto"}],"ProjectStatusDistribution":[{"Status":"Active","Count":3,"$type":"ProjectStatusDto"},{"Status":"Completed","Count":1,"$type":"ProjectStatusDto"}],"RecentAnnouncements":[{"AnnouncementId":3,"Title":"Meeting","Message":"Monthly review meeting","CreatedBy":0,"CreatedByName":"Hardik Patel","CreatedOn":"2026-06-13T02:26:06.7300000","IsActive":true,"$type":"AnnouncementDto"},{"AnnouncementId":4,"Title":"Policy Update","Message":"New HR policy released","CreatedBy":0,"CreatedByName":"Hardik Patel","CreatedOn":"2026-06-13T02:26:06.7300000","IsActive":true,"$type":"AnnouncementDto"},{"AnnouncementId":5,"Title":"Training","Message":"AI training scheduled","CreatedBy":0,"CreatedByName":"Hardik Patel","CreatedOn":"2026-06-13T02:26:06.7300000","IsActive":true,"$type":"AnnouncementDto"}],"$type":"DashboardSummaryDto"}
2026-06-14 14:33:06.888 +05:30 [INF] HTTP GET /api/v1/dashboard/summary responded 200 in 308.1874 ms
2026-06-14 14:33:11.002 +05:30 [INF] HTTP OPTIONS /api/v1/departments responded 204 in 0.1560 ms
2026-06-14 14:33:11.016 +05:30 [INF] HTTP OPTIONS /api/v1/employees responded 204 in 0.0302 ms
2026-06-14 14:33:11.017 +05:30 [INF] WMS Request: GetDepartmentsQuery {"$type":"GetDepartmentsQuery"}
2026-06-14 14:33:11.032 +05:30 [INF] WMS Request: GetEmployeesQuery {"Search":null,"DepartmentId":null,"RoleId":null,"Status":"Active","PageNumber":1,"PageSize":10,"$type":"GetEmployeesQuery"}
2026-06-14 14:33:11.074 +05:30 [INF] WMS Response: GetDepartmentsQuery [{"DepartmentId":1,"DepartmentName":"HR","Description":"Human Resourcesss","EmployeeCount":2,"CreatedOn":"2024-01-01T00:00:00.0000000","$type":"DepartmentDto"},{"DepartmentId":3,"DepartmentName":"Finance","Description":"Finance & Accounts","EmployeeCount":1,"CreatedOn":"2024-01-01T00:00:00.0000000","$type":"DepartmentDto"},{"DepartmentId":4,"DepartmentName":"Operations","Description":"Business Operations","EmployeeCount":2,"CreatedOn":"2024-01-01T00:00:00.0000000","$type":"DepartmentDto"},{"DepartmentId":5,"DepartmentName":"AI-DS","Description":"artificial intelligence and data science","EmployeeCount":2,"CreatedOn":"2026-06-11T15:03:13.6443056","$type":"DepartmentDto"}]
2026-06-14 14:33:11.108 +05:30 [INF] HTTP GET /api/v1/departments responded 200 in 95.0588 ms
2026-06-14 14:33:11.161 +05:30 [INF] WMS Response: GetEmployeesQuery {"Items":[{"EmployeeId":3,"FirstName":"hardik","LastName":"maloo","FullName":"hardik maloo","Email":"hardikmaloo21@gmail.com","PhoneNumber":"8107663009","Gender":"Male","DOB":"2004-06-21T00:00:00.0000000","DOJ":"2026-06-04T00:00:00.0000000","DepartmentId":5,"DepartmentName":"AI-DS","RoleId":3,"RoleName":"Employee","Status":"Active","CreatedOn":"2026-06-12T23:10:13.1851457","UpdatedOn":null,"$type":"EmployeeDto"},{"EmployeeId":2,"FirstName":"harsh","LastName":"rathore","FullName":"harsh rathore","Email":"harsh@gmail.com","PhoneNumber":"7976681235","Gender":"Male","DOB":"2005-07-03T00:00:00.0000000","DOJ":"2026-06-12T00:00:00.0000000","DepartmentId":3,"DepartmentName":"Finance","RoleId":1,"RoleName":"Admin","Status":"Active","CreatedOn":"2026-06-12T21:25:47.5693795","UpdatedOn":"2026-06-12T23:08:27.1985056","$type":"EmployeeDto"},{"EmployeeId":5,"FirstName":"lakshya","LastName":"sharma","FullName":"lakshya sharma","Email":"lakshya@gmail.com","PhoneNumber":"8946456765","Gender":"Male","DOB":"2005-03-14T00:00:00.0000000","DOJ":"2026-04-08T00:00:00.0000000","DepartmentId":4,"DepartmentName":"Operations","RoleId":3,"RoleName":"Employee","Status":"Active","CreatedOn":"2026-06-13T08:09:44.8928080","UpdatedOn":null,"$type":"EmployeeDto"},{"EmployeeId":7,"FirstName":"pulkit","LastName":"jain","FullName":"pulkit jain","Email":"pulkitjain@gmail.com","PhoneNumber":"7894561230","Gender":"Male","DOB":"2004-04-14T00:00:00.0000000","DOJ":"2026-06-14T00:00:00.0000000","DepartmentId":4,"DepartmentName":"Operations","RoleId":3,"RoleName":"Employee","Status":"Active","CreatedOn":"2026-06-14T06:41:11.1355668","UpdatedOn":null,"$type":"EmployeeDto"},{"EmployeeId":6,"FirstName":"System","LastName":"Admin","FullName":"System Admin","Email":"admin@wms.com","PhoneNumber":"9999999999","Gender":"Male","DOB":"1990-01-01T00:00:00.0000000","DOJ":"2026-06-13T19:06:47.4733333","DepartmentId":1,"DepartmentName":"HR","RoleId":1,"RoleName":"Admin","Status":"Active","CreatedOn":"2026-06-13T19:06:47.4733333","UpdatedOn":null,"$type":"EmployeeDto"}],"TotalCount":5,"PageNumber":1,"PageSize":10,"TotalPages":1,"HasPreviousPage":false,"HasNextPage":false,"$type":"PagedResult`1"}
2026-06-14 14:33:11.258 +05:30 [INF] HTTP GET /api/v1/employees responded 200 in 231.1804 ms
2026-06-14 14:33:12.780 +05:30 [INF] WMS Request: GetDepartmentsQuery {"$type":"GetDepartmentsQuery"}
2026-06-14 14:33:12.792 +05:30 [INF] WMS Response: GetDepartmentsQuery [{"DepartmentId":1,"DepartmentName":"HR","Description":"Human Resourcesss","EmployeeCount":2,"CreatedOn":"2024-01-01T00:00:00.0000000","$type":"DepartmentDto"},{"DepartmentId":3,"DepartmentName":"Finance","Description":"Finance & Accounts","EmployeeCount":1,"CreatedOn":"2024-01-01T00:00:00.0000000","$type":"DepartmentDto"},{"DepartmentId":4,"DepartmentName":"Operations","Description":"Business Operations","EmployeeCount":2,"CreatedOn":"2024-01-01T00:00:00.0000000","$type":"DepartmentDto"},{"DepartmentId":5,"DepartmentName":"AI-DS","Description":"artificial intelligence and data science","EmployeeCount":2,"CreatedOn":"2026-06-11T15:03:13.6443056","$type":"DepartmentDto"}]
2026-06-14 14:33:12.819 +05:30 [INF] HTTP GET /api/v1/departments responded 200 in 39.4029 ms
2026-06-14 14:33:13.836 +05:30 [INF] HTTP OPTIONS /api/v1/attendance/today responded 204 in 0.0323 ms
2026-06-14 14:33:13.838 +05:30 [INF] HTTP OPTIONS /api/v1/employees responded 204 in 0.0239 ms
2026-06-14 14:33:13.844 +05:30 [INF] WMS Request: GetTodayAttendanceQuery {"$type":"GetTodayAttendanceQuery"}
2026-06-14 14:33:13.850 +05:30 [INF] WMS Request: GetEmployeesQuery {"Search":null,"DepartmentId":null,"RoleId":null,"Status":null,"PageNumber":1,"PageSize":500,"$type":"GetEmployeesQuery"}
2026-06-14 14:33:13.871 +05:30 [INF] WMS Response: GetTodayAttendanceQuery []
2026-06-14 14:33:13.874 +05:30 [INF] HTTP GET /api/v1/attendance/today responded 200 in 32.2410 ms
2026-06-14 14:33:13.879 +05:30 [INF] WMS Response: GetEmployeesQuery {"Items":[{"EmployeeId":4,"FirstName":"aditya","LastName":"batwara","FullName":"aditya batwara","Email":"aditya21@gmail.com","PhoneNumber":"7414040730","Gender":"Male","DOB":"2004-02-21T00:00:00.0000000","DOJ":"2026-04-07T00:00:00.0000000","DepartmentId":5,"DepartmentName":"AI-DS","RoleId":3,"RoleName":"Employee","Status":"Inactive","CreatedOn":"2026-06-12T23:12:11.5907684","UpdatedOn":"2026-06-13T12:36:11.3585878","$type":"EmployeeDto"},{"EmployeeId":1,"FirstName":"Hardik","LastName":"Patel","FullName":"Hardik Patel","Email":"hardik@test.com","PhoneNumber":"7737131410","Gender":"Male","DOB":"2004-06-21T00:00:00.0000000","DOJ":"2026-06-08T00:00:00.0000000","DepartmentId":1,"DepartmentName":"HR","RoleId":2,"RoleName":"Manager","Status":"Inactive","CreatedOn":"2026-06-11T15:03:58.6936554","UpdatedOn":"2026-06-13T23:49:09.2801027","$type":"EmployeeDto"},{"EmployeeId":3,"FirstName":"hardik","LastName":"maloo","FullName":"hardik maloo","Email":"hardikmaloo21@gmail.com","PhoneNumber":"8107663009","Gender":"Male","DOB":"2004-06-21T00:00:00.0000000","DOJ":"2026-06-04T00:00:00.0000000","DepartmentId":5,"DepartmentName":"AI-DS","RoleId":3,"RoleName":"Employee","Status":"Active","CreatedOn":"2026-06-12T23:10:13.1851457","UpdatedOn":null,"$type":"EmployeeDto"},{"EmployeeId":2,"FirstName":"harsh","LastName":"rathore","FullName":"harsh rathore","Email":"harsh@gmail.com","PhoneNumber":"7976681235","Gender":"Male","DOB":"2005-07-03T00:00:00.0000000","DOJ":"2026-06-12T00:00:00.0000000","DepartmentId":3,"DepartmentName":"Finance","RoleId":1,"RoleName":"Admin","Status":"Active","CreatedOn":"2026-06-12T21:25:47.5693795","UpdatedOn":"2026-06-12T23:08:27.1985056","$type":"EmployeeDto"},{"EmployeeId":5,"FirstName":"lakshya","LastName":"sharma","FullName":"lakshya sharma","Email":"lakshya@gmail.com","PhoneNumber":"8946456765","Gender":"Male","DOB":"2005-03-14T00:00:00.0000000","DOJ":"2026-04-08T00:00:00.0000000","DepartmentId":4,"DepartmentName":"Operations","RoleId":3,"RoleName":"Employee","Status":"Active","CreatedOn":"2026-06-13T08:09:44.8928080","UpdatedOn":null,"$type":"EmployeeDto"},{"EmployeeId":7,"FirstName":"pulkit","LastName":"jain","FullName":"pulkit jain","Email":"pulkitjain@gmail.com","PhoneNumber":"7894561230","Gender":"Male","DOB":"2004-04-14T00:00:00.0000000","DOJ":"2026-06-14T00:00:00.0000000","DepartmentId":4,"DepartmentName":"Operations","RoleId":3,"RoleName":"Employee","Status":"Active","CreatedOn":"2026-06-14T06:41:11.1355668","UpdatedOn":null,"$type":"EmployeeDto"},{"EmployeeId":6,"FirstName":"System","LastName":"Admin","FullName":"System Admin","Email":"admin@wms.com","PhoneNumber":"9999999999","Gender":"Male","DOB":"1990-01-01T00:00:00.0000000","DOJ":"2026-06-13T19:06:47.4733333","DepartmentId":1,"DepartmentName":"HR","RoleId":1,"RoleName":"Admin","Status":"Active","CreatedOn":"2026-06-13T19:06:47.4733333","UpdatedOn":null,"$type":"EmployeeDto"}],"TotalCount":7,"PageNumber":1,"PageSize":500,"TotalPages":1,"HasPreviousPage":false,"HasNextPage":false,"$type":"PagedResult`1"}
2026-06-14 14:33:14.002 +05:30 [INF] HTTP GET /api/v1/employees responded 200 in 156.7883 ms
2026-06-14 14:33:18.767 +05:30 [INF] HTTP OPTIONS /api/v1/leaves/employee/6 responded 204 in 0.0471 ms
2026-06-14 14:33:18.767 +05:30 [INF] HTTP OPTIONS /api/v1/leaves/pending responded 204 in 0.0131 ms
2026-06-14 14:33:20.094 +05:30 [INF] WMS Request: GetPendingLeavesQuery {"$type":"GetPendingLeavesQuery"}
2026-06-14 14:33:20.958 +05:30 [INF] WMS Request: GetLeavesByEmployeeQuery {"EmployeeId":6,"PageNumber":1,"PageSize":10,"$type":"GetLeavesByEmployeeQuery"}
2026-06-14 14:33:21.000 +05:30 [INF] WMS Response: GetLeavesByEmployeeQuery {"Items":[],"TotalCount":0,"PageNumber":1,"PageSize":10,"TotalPages":0,"HasPreviousPage":false,"HasNextPage":false,"$type":"PagedResult`1"}
2026-06-14 14:33:21.006 +05:30 [INF] HTTP GET /api/v1/leaves/employee/6 responded 200 in 410.8121 ms
2026-06-14 14:33:21.016 +05:30 [WRN] WMS Long Running Request: GetPendingLeavesQuery (904ms) {"$type":"GetPendingLeavesQuery"}
2026-06-14 14:33:21.020 +05:30 [INF] WMS Response: GetPendingLeavesQuery [{"LeaveId":12,"EmpId":1,"EmployeeName":"Hardik Patel","LeaveType":"Earned","Reason":"hdtdyuyiuih","FromDate":"2026-07-18T00:00:00.0000000","ToDate":"2026-07-21T00:00:00.0000000","TotalDays":4,"Status":"Pending","AppliedOn":"2026-06-13T18:16:13.0904676","ApprovedBy":null,"ApproverName":null,"ApprovedOn":null,"$type":"LeaveDto"}]
2026-06-14 14:33:21.033 +05:30 [INF] HTTP GET /api/v1/leaves/pending responded 200 in 1765.3193 ms
2026-06-14 14:33:21.807 +05:30 [INF] HTTP OPTIONS /api/v1/projects responded 204 in 0.0302 ms
2026-06-14 14:33:21.818 +05:30 [INF] WMS Request: GetProjectsQuery {"Search":null,"Status":null,"ClientId":null,"PageNumber":1,"PageSize":10,"$type":"GetProjectsQuery"}
2026-06-14 14:33:21.871 +05:30 [INF] WMS Response: GetProjectsQuery {"Items":[{"ProjectId":7,"ProjectName":"CRM","ClientId":3,"ClientName":"Microsoft","StartDate":"2026-06-13T00:00:00.0000000","EndDate":"2026-06-27T00:00:00.0000000","Status":"Active","AllocatedEmployeeCount":1,"CreatedOn":"2026-06-13T17:02:39.7969376","$type":"ProjectDto"},{"ProjectId":2,"ProjectName":"HR Portal","ClientId":3,"ClientName":"Microsoft","StartDate":"2026-01-01T00:00:00.0000000","EndDate":"2026-12-31T00:00:00.0000000","Status":"Active","AllocatedEmployeeCount":3,"CreatedOn":"2026-06-13T02:30:31.6900000","$type":"ProjectDto"},{"ProjectId":3,"ProjectName":"Employee App","ClientId":6,"ClientName":"Google","StartDate":"2026-02-01T00:00:00.0000000","EndDate":"2026-11-30T00:00:00.0000000","Status":"Active","AllocatedEmployeeCount":1,"CreatedOn":"2026-06-13T02:30:31.6900000","$type":"ProjectDto"},{"ProjectId":4,"ProjectName":"Finance Dashboard","ClientId":7,"ClientName":"string","StartDate":"2026-03-01T00:00:00.0000000","EndDate":"2026-10-31T00:00:00.0000000","Status":"Completed","AllocatedEmployeeCount":1,"CreatedOn":"2026-06-13T02:30:31.6900000","$type":"ProjectDto"}],"TotalCount":4,"PageNumber":1,"PageSize":10,"TotalPages":1,"HasPreviousPage":false,"HasNextPage":false,"$type":"PagedResult`1"}
2026-06-14 14:33:21.909 +05:30 [INF] HTTP GET /api/v1/projects responded 200 in 93.6011 ms
2026-06-14 14:33:24.379 +05:30 [INF] HTTP OPTIONS /api/v1/clients responded 204 in 0.0385 ms
2026-06-14 14:33:24.389 +05:30 [INF] WMS Request: GetClientsQuery {"Search":null,"PageNumber":1,"PageSize":10,"$type":"GetClientsQuery"}
2026-06-14 14:33:24.410 +05:30 [INF] WMS Response: GetClientsQuery {"Items":[{"ClientId":6,"ClientName":"Google","ClientAddress":"California","ClientPhoneNumber":9876543211,"ClientLocation":"USA","Status":true,"CreatedOn":"2026-06-13T02:24:32.4966667","$type":"ClientDto"},{"ClientId":8,"ClientName":"Infosys","ClientAddress":"Bangalore","ClientPhoneNumber":9876543213,"ClientLocation":"India","Status":true,"CreatedOn":"2026-06-13T02:24:32.4966667","$type":"ClientDto"},{"ClientId":3,"ClientName":"Microsoft","ClientAddress":"Redmond","ClientPhoneNumber":9876543210,"ClientLocation":"USA","Status":true,"CreatedOn":"2026-06-13T02:20:16.9833333","$type":"ClientDto"},{"ClientId":7,"ClientName":"string","ClientAddress":"string","ClientPhoneNumber":0,"ClientLocation":"string","Status":true,"CreatedOn":"2026-06-13T02:24:32.4966667","$type":"ClientDto"}],"TotalCount":4,"PageNumber":1,"PageSize":10,"TotalPages":1,"HasPreviousPage":false,"HasNextPage":false,"$type":"PagedResult`1"}
2026-06-14 14:33:24.454 +05:30 [INF] HTTP GET /api/v1/clients responded 200 in 67.1099 ms
2026-06-14 14:33:29.016 +05:30 [INF] HTTP OPTIONS /api/v1/allocations responded 204 in 0.0353 ms
2026-06-14 14:33:29.028 +05:30 [INF] WMS Request: GetAllocationsQuery {"EmpId":null,"ProjectId":null,"Status":null,"PageNumber":1,"PageSize":10,"$type":"GetAllocationsQuery"}
2026-06-14 14:33:29.099 +05:30 [INF] WMS Response: GetAllocationsQuery {"Items":[{"AllocationId":8,"EmpId":5,"EmployeeName":"lakshya sharma","DepartmentName":"Operations","ProjectId":7,"ProjectName":"CRM","AssignedOn":"2026-08-15T00:00:00.0000000","Status":true,"CreatedBy":"","CreateDate":"2026-06-13T23:49:50.9229903","UpdatedBy":null,"UpdatedDate":null,"$type":"AllocationDto"},{"AllocationId":6,"EmpId":3,"EmployeeName":"hardik maloo","DepartmentName":"AI-DS","ProjectId":2,"ProjectName":"HR Portal","AssignedOn":"2026-06-29T00:00:00.0000000","Status":false,"CreatedBy":"","CreateDate":"2026-06-13T17:43:55.7346527","UpdatedBy":"admin","UpdatedDate":"2026-06-13T18:29:43.0918397","$type":"AllocationDto"},{"AllocationId":7,"EmpId":2,"EmployeeName":"harsh rathore","DepartmentName":"Finance","ProjectId":2,"ProjectName":"HR Portal","AssignedOn":"2026-06-22T00:00:00.0000000","Status":true,"CreatedBy":"","CreateDate":"2026-06-13T17:52:25.6705390","UpdatedBy":null,"UpdatedDate":null,"$type":"AllocationDto"},{"AllocationId":3,"EmpId":1,"EmployeeName":"Hardik Patel","DepartmentName":"HR","ProjectId":2,"ProjectName":"HR Portal","AssignedOn":"2026-06-13T02:32:33.3600000","Status":true,"CreatedBy":"Admin","CreateDate":"2026-06-13T02:32:33.3600000","UpdatedBy":null,"UpdatedDate":null,"$type":"AllocationDto"},{"AllocationId":4,"EmpId":1,"EmployeeName":"Hardik Patel","DepartmentName":"HR","ProjectId":3,"ProjectName":"Employee App","AssignedOn":"2026-06-13T02:32:33.3600000","Status":false,"CreatedBy":"Admin","CreateDate":"2026-06-13T02:32:33.3600000","UpdatedBy":null,"UpdatedDate":"2026-06-13T17:29:12.8824343","$type":"AllocationDto"},{"AllocationId":5,"EmpId":1,"EmployeeName":"Hardik Patel","DepartmentName":"HR","ProjectId":4,"ProjectName":"Finance Dashboard","AssignedOn":"2026-06-13T02:32:33.3600000","Status":false,"CreatedBy":"Admin","CreateDate":"2026-06-13T02:32:33.3600000","UpdatedBy":null,"UpdatedDate":"2026-06-13T17:29:05.4585258","$type":"AllocationDto"}],"TotalCount":6,"PageNumber":1,"PageSize":10,"TotalPages":1,"HasPreviousPage":false,"HasNextPage":false,"$type":"PagedResult`1"}
2026-06-14 14:33:29.192 +05:30 [INF] HTTP GET /api/v1/allocations responded 200 in 167.9859 ms
2026-06-14 14:33:30.837 +05:30 [INF] HTTP OPTIONS /api/v1/announcements responded 204 in 0.0354 ms
2026-06-14 14:33:30.847 +05:30 [INF] WMS Request: GetAnnouncementsQuery {"IsActive":null,"PageNumber":1,"PageSize":10,"$type":"GetAnnouncementsQuery"}
2026-06-14 14:33:30.871 +05:30 [INF] WMS Response: GetAnnouncementsQuery {"Items":[{"AnnouncementId":2,"Title":"Holiday","Message":"Office holiday next week yesss","CreatedBy":1,"CreatedByName":"Hardik Patel","CreatedOn":"2026-06-13T02:26:06.7300000","IsActive":false,"$type":"AnnouncementDto"},{"AnnouncementId":3,"Title":"Meeting","Message":"Monthly review meeting","CreatedBy":1,"CreatedByName":"Hardik Patel","CreatedOn":"2026-06-13T02:26:06.7300000","IsActive":true,"$type":"AnnouncementDto"},{"AnnouncementId":4,"Title":"Policy Update","Message":"New HR policy released","CreatedBy":1,"CreatedByName":"Hardik Patel","CreatedOn":"2026-06-13T02:26:06.7300000","IsActive":true,"$type":"AnnouncementDto"},{"AnnouncementId":5,"Title":"Training","Message":"AI training scheduled","CreatedBy":1,"CreatedByName":"Hardik Patel","CreatedOn":"2026-06-13T02:26:06.7300000","IsActive":true,"$type":"AnnouncementDto"}],"TotalCount":4,"PageNumber":1,"PageSize":10,"TotalPages":1,"HasPreviousPage":false,"HasNextPage":false,"$type":"PagedResult`1"}
2026-06-14 14:33:30.910 +05:30 [INF] HTTP GET /api/v1/announcements responded 200 in 64.8800 ms
2026-06-14 14:36:15.825 +05:30 [INF] HTTP OPTIONS /api/v1/announcements responded 204 in 6.3385 ms
2026-06-14 14:36:15.923 +05:30 [INF] WMS Request: GetAnnouncementsQuery {"IsActive":null,"PageNumber":1,"PageSize":10,"$type":"GetAnnouncementsQuery"}
2026-06-14 14:36:16.660 +05:30 [WRN] WMS Long Running Request: GetAnnouncementsQuery (711ms) {"IsActive":null,"PageNumber":1,"PageSize":10,"$type":"GetAnnouncementsQuery"}
2026-06-14 14:36:16.669 +05:30 [INF] WMS Response: GetAnnouncementsQuery {"Items":[{"AnnouncementId":2,"Title":"Holiday","Message":"Office holiday next week yesss","CreatedBy":1,"CreatedByName":"Hardik Patel","CreatedOn":"2026-06-13T02:26:06.7300000","IsActive":false,"$type":"AnnouncementDto"},{"AnnouncementId":3,"Title":"Meeting","Message":"Monthly review meeting","CreatedBy":1,"CreatedByName":"Hardik Patel","CreatedOn":"2026-06-13T02:26:06.7300000","IsActive":true,"$type":"AnnouncementDto"},{"AnnouncementId":4,"Title":"Policy Update","Message":"New HR policy released","CreatedBy":1,"CreatedByName":"Hardik Patel","CreatedOn":"2026-06-13T02:26:06.7300000","IsActive":true,"$type":"AnnouncementDto"},{"AnnouncementId":5,"Title":"Training","Message":"AI training scheduled","CreatedBy":1,"CreatedByName":"Hardik Patel","CreatedOn":"2026-06-13T02:26:06.7300000","IsActive":true,"$type":"AnnouncementDto"}],"TotalCount":4,"PageNumber":1,"PageSize":10,"TotalPages":1,"HasPreviousPage":false,"HasNextPage":false,"$type":"PagedResult`1"}
2026-06-14 14:36:16.711 +05:30 [INF] HTTP GET /api/v1/announcements responded 200 in 849.7003 ms
2026-06-14 14:36:20.817 +05:30 [INF] WMS Request: GetAnnouncementsQuery {"IsActive":null,"PageNumber":1,"PageSize":10,"$type":"GetAnnouncementsQuery"}
2026-06-14 14:36:20.839 +05:30 [INF] WMS Response: GetAnnouncementsQuery {"Items":[{"AnnouncementId":2,"Title":"Holiday","Message":"Office holiday next week yesss","CreatedBy":1,"CreatedByName":"Hardik Patel","CreatedOn":"2026-06-13T02:26:06.7300000","IsActive":false,"$type":"AnnouncementDto"},{"AnnouncementId":3,"Title":"Meeting","Message":"Monthly review meeting","CreatedBy":1,"CreatedByName":"Hardik Patel","CreatedOn":"2026-06-13T02:26:06.7300000","IsActive":true,"$type":"AnnouncementDto"},{"AnnouncementId":4,"Title":"Policy Update","Message":"New HR policy released","CreatedBy":1,"CreatedByName":"Hardik Patel","CreatedOn":"2026-06-13T02:26:06.7300000","IsActive":true,"$type":"AnnouncementDto"},{"AnnouncementId":5,"Title":"Training","Message":"AI training scheduled","CreatedBy":1,"CreatedByName":"Hardik Patel","CreatedOn":"2026-06-13T02:26:06.7300000","IsActive":true,"$type":"AnnouncementDto"}],"TotalCount":4,"PageNumber":1,"PageSize":10,"TotalPages":1,"HasPreviousPage":false,"HasNextPage":false,"$type":"PagedResult`1"}
2026-06-14 14:36:20.888 +05:30 [INF] HTTP GET /api/v1/announcements responded 200 in 71.2998 ms
2026-06-14 14:41:15.017 +05:30 [INF] HTTP OPTIONS /api/v1/announcements responded 204 in 5.6446 ms
2026-06-14 14:41:15.109 +05:30 [INF] WMS Request: GetAnnouncementsQuery {"IsActive":null,"PageNumber":1,"PageSize":10,"$type":"GetAnnouncementsQuery"}
2026-06-14 14:41:15.695 +05:30 [WRN] WMS Long Running Request: GetAnnouncementsQuery (548ms) {"IsActive":null,"PageNumber":1,"PageSize":10,"$type":"GetAnnouncementsQuery"}
2026-06-14 14:41:15.707 +05:30 [INF] WMS Response: GetAnnouncementsQuery {"Items":[{"AnnouncementId":2,"Title":"Holiday","Message":"Office holiday next week yesss","CreatedBy":1,"CreatedByName":"Hardik Patel","CreatedOn":"2026-06-13T02:26:06.7300000","IsActive":false,"$type":"AnnouncementDto"},{"AnnouncementId":3,"Title":"Meeting","Message":"Monthly review meeting","CreatedBy":1,"CreatedByName":"Hardik Patel","CreatedOn":"2026-06-13T02:26:06.7300000","IsActive":true,"$type":"AnnouncementDto"},{"AnnouncementId":4,"Title":"Policy Update","Message":"New HR policy released","CreatedBy":1,"CreatedByName":"Hardik Patel","CreatedOn":"2026-06-13T02:26:06.7300000","IsActive":true,"$type":"AnnouncementDto"},{"AnnouncementId":5,"Title":"Training","Message":"AI training scheduled","CreatedBy":1,"CreatedByName":"Hardik Patel","CreatedOn":"2026-06-13T02:26:06.7300000","IsActive":true,"$type":"AnnouncementDto"}],"TotalCount":4,"PageNumber":1,"PageSize":10,"TotalPages":1,"HasPreviousPage":false,"HasNextPage":false,"$type":"PagedResult`1"}
2026-06-14 14:41:15.760 +05:30 [INF] HTTP GET /api/v1/announcements responded 200 in 709.2862 ms
2026-06-14 14:44:25.063 +05:30 [INF] HTTP OPTIONS /api/v1/auth/logout responded 204 in 5.7682 ms
2026-06-14 14:44:25.131 +05:30 [INF] WMS Request: LogoutCommand {"Username":"admin","$type":"LogoutCommand"}
2026-06-14 14:44:25.554 +05:30 [INF] WMS Response: LogoutCommand {"$type":"Unit"}
2026-06-14 14:44:25.558 +05:30 [INF] HTTP POST /api/v1/auth/logout responded 200 in 475.6964 ms
2026-06-14 14:44:41.061 +05:30 [INF] HTTP OPTIONS /api/v1/auth/login responded 204 in 0.0310 ms
2026-06-14 14:44:41.138 +05:30 [INF] WMS Request: LoginCommand {"Username":"pulkit","Password":"Pulkit@123","$type":"LoginCommand"}
2026-06-14 14:44:41.612 +05:30 [INF] WMS Response: LoginCommand {"AccessToken":"eyJhbGciOiJIUzI1NiIsInR5cCI6IkpXVCJ9.eyJzdWIiOiI3IiwidW5pcXVlX25hbWUiOiJwdWxraXQiLCJodHRwOi8vc2NoZW1hcy5taWNyb3NvZnQuY29tL3dzLzIwMDgvMDYvaWRlbnRpdHkvY2xhaW1zL3JvbGUiOiJFbXBsb3llZSIsImVtcGxveWVlSWQiOiI3IiwianRpIjoiZjdkNTJiYWYtZGZlOS00ZWYzLTg4OTYtZGE2NGEwZTU0OTkxIiwiZXhwIjoxNzgxNDMyMDgxLCJpc3MiOiJXTVMuQVBJIiwiYXVkIjoiV01TLkNsaWVudCJ9.jqCMHyjizuKZ7NJMcNVVsy1yHnNT03v2Eov8Vbmdebk","RefreshToken":"wezyjw1YqGtqEfM8pR+Yr9iO5i95eo5YbOUK4+4lHhz2iEceCbCjlQEggQqD/rIX7HsXSk0GiB0mOAVCmQPwpw==","ExpiresAt":"2026-06-14T10:14:41.6125509Z","Username":"pulkit","Role":"Employee","EmployeeId":7,"$type":"LoginResponse"}
2026-06-14 14:44:41.623 +05:30 [INF] HTTP POST /api/v1/auth/login responded 200 in 549.4090 ms
2026-06-14 14:44:50.141 +05:30 [INF] HTTP OPTIONS /api/v1/attendance/employee/7/monthly responded 204 in 0.0522 ms
2026-06-14 14:44:50.460 +05:30 [INF] WMS Request: GetMonthlyAttendanceQuery {"EmployeeId":7,"Year":2026,"Month":6,"$type":"GetMonthlyAttendanceQuery"}
2026-06-14 14:44:50.766 +05:30 [INF] WMS Response: GetMonthlyAttendanceQuery []
2026-06-14 14:44:50.819 +05:30 [INF] HTTP GET /api/v1/attendance/employee/7/monthly responded 200 in 655.7510 ms
2026-06-14 14:44:57.104 +05:30 [INF] HTTP OPTIONS /api/v1/attendance/check-in responded 204 in 0.4898 ms
2026-06-14 14:44:57.192 +05:30 [INF] WMS Request: CheckInCommand {"Dto":{"EmpId":7,"WorkMode":"WFO","$type":"CheckInDto"},"$type":"CheckInCommand"}
2026-06-14 14:44:57.457 +05:30 [INF] WMS Response: CheckInCommand {"AttendanceId":10,"EmpId":7,"EmployeeName":null,"CheckIn":"2026-06-14T09:14:57.2662680Z","CheckOut":null,"TotalHours":null,"WorkMode":"WFO","AttendanceDate":"2026-06-14T00:00:00.0000000Z","Status":"In Progress","$type":"AttendanceDto"}
2026-06-14 14:44:57.483 +05:30 [INF] HTTP POST /api/v1/attendance/check-in responded 200 in 373.0044 ms
2026-06-14 14:44:57.490 +05:30 [INF] HTTP OPTIONS /api/v1/attendance/employee/7/monthly responded 204 in 0.0200 ms
2026-06-14 14:44:57.499 +05:30 [INF] WMS Request: GetMonthlyAttendanceQuery {"EmployeeId":7,"Year":2026,"Month":6,"$type":"GetMonthlyAttendanceQuery"}
2026-06-14 14:44:57.521 +05:30 [INF] WMS Response: GetMonthlyAttendanceQuery [{"AttendanceId":10,"EmpId":7,"EmployeeName":null,"CheckIn":"2026-06-14T09:14:57.2662680","CheckOut":null,"TotalHours":null,"WorkMode":"WFO","AttendanceDate":"2026-06-14T00:00:00.0000000","Status":"In Progress","$type":"AttendanceDto"}]
2026-06-14 14:44:57.535 +05:30 [INF] HTTP GET /api/v1/attendance/employee/7/monthly responded 200 in 39.5409 ms
2026-06-14 14:45:01.830 +05:30 [INF] HTTP OPTIONS /api/v1/attendance/check-out responded 204 in 0.0314 ms
2026-06-14 14:45:01.866 +05:30 [INF] WMS Request: CheckOutCommand {"Dto":{"EmpId":7,"$type":"CheckOutDto"},"$type":"CheckOutCommand"}
2026-06-14 14:45:02.018 +05:30 [INF] WMS Response: CheckOutCommand {"AttendanceId":10,"EmpId":7,"EmployeeName":null,"CheckIn":"2026-06-14T09:14:57.2662680","CheckOut":"2026-06-14T09:15:01.9330555Z","TotalHours":0,"WorkMode":"WFO","AttendanceDate":"2026-06-14T00:00:00.0000000","Status":"Complete","$type":"AttendanceDto"}
2026-06-14 14:45:02.040 +05:30 [INF] HTTP POST /api/v1/attendance/check-out responded 200 in 197.3993 ms
2026-06-14 14:45:02.048 +05:30 [INF] WMS Request: GetMonthlyAttendanceQuery {"EmployeeId":7,"Year":2026,"Month":6,"$type":"GetMonthlyAttendanceQuery"}
2026-06-14 14:45:02.064 +05:30 [INF] WMS Response: GetMonthlyAttendanceQuery [{"AttendanceId":10,"EmpId":7,"EmployeeName":null,"CheckIn":"2026-06-14T09:14:57.2662680","CheckOut":"2026-06-14T09:15:01.9330555","TotalHours":0,"WorkMode":"WFO","AttendanceDate":"2026-06-14T00:00:00.0000000","Status":"Complete","$type":"AttendanceDto"}]
2026-06-14 14:45:02.084 +05:30 [INF] HTTP GET /api/v1/attendance/employee/7/monthly responded 200 in 36.7704 ms
2026-06-14 14:45:05.415 +05:30 [INF] HTTP OPTIONS /api/v1/attendance/check-in responded 204 in 0.1594 ms
2026-06-14 14:45:05.424 +05:30 [INF] WMS Request: CheckInCommand {"Dto":{"EmpId":7,"WorkMode":"WFO","$type":"CheckInDto"},"$type":"CheckInCommand"}
2026-06-14 14:45:05.443 +05:30 [ERR] HTTP POST /api/v1/attendance/check-in responded 500 in 20.9852 ms
WMS.Application.Common.Exceptions.ConflictException: Employee has already checked in today.
   at WMS.Application.Features.Attendance.Commands.CheckInCommandHandler.Handle(CheckInCommand request, CancellationToken ct) in C:\Users\Hardik\Desktop\WMS-Solution\src\WMS.Application\Features\Attendance\Commands\CheckInCommand.cs:line 25
   at WMS.Application.Common.Behaviours.PerformanceBehaviour`2.Handle(TRequest request, RequestHandlerDelegate`1 next, CancellationToken ct) in C:\Users\Hardik\Desktop\WMS-Solution\src\WMS.Application\Common\Behaviours\PerformanceBehaviour.cs:line 22
   at WMS.Application.Common.Behaviours.ValidationBehaviour`2.Handle(TRequest request, RequestHandlerDelegate`1 next, CancellationToken ct) in C:\Users\Hardik\Desktop\WMS-Solution\src\WMS.Application\Common\Behaviours\ValidationBehaviour.cs:line 20
   at WMS.Application.Common.Behaviours.LoggingBehaviour`2.Handle(TRequest request, RequestHandlerDelegate`1 next, CancellationToken ct) in C:\Users\Hardik\Desktop\WMS-Solution\src\WMS.Application\Common\Behaviours\LoggingBehaviour.cs:line 22
   at WMS.API.Controllers.v1.AttendanceController.CheckIn(CheckInDto dto, CancellationToken ct) in C:\Users\Hardik\Desktop\WMS-Solution\src\WMS.API\Controllers\v1\AttendanceController.cs:line 25
   at Microsoft.AspNetCore.Mvc.Infrastructure.ActionMethodExecutor.TaskOfIActionResultExecutor.Execute(ActionContext actionContext, IActionResultTypeMapper mapper, ObjectMethodExecutor executor, Object controller, Object[] arguments)
   at Microsoft.AspNetCore.Mvc.Infrastructure.ControllerActionInvoker.<InvokeActionMethodAsync>g__Awaited|12_0(ControllerActionInvoker invoker, ValueTask`1 actionResultValueTask)
   at Microsoft.AspNetCore.Mvc.Infrastructure.ControllerActionInvoker.<InvokeNextActionFilterAsync>g__Awaited|10_0(ControllerActionInvoker invoker, Task lastTask, State next, Scope scope, Object state, Boolean isCompleted)
   at Microsoft.AspNetCore.Mvc.Infrastructure.ControllerActionInvoker.Rethrow(ActionExecutedContextSealed context)
   at Microsoft.AspNetCore.Mvc.Infrastructure.ControllerActionInvoker.Next(State& next, Scope& scope, Object& state, Boolean& isCompleted)
   at Microsoft.AspNetCore.Mvc.Infrastructure.ControllerActionInvoker.<InvokeInnerFilterAsync>g__Awaited|13_0(ControllerActionInvoker invoker, Task lastTask, State next, Scope scope, Object state, Boolean isCompleted)
   at Microsoft.AspNetCore.Mvc.Infrastructure.ResourceInvoker.<InvokeFilterPipelineAsync>g__Awaited|20_0(ResourceInvoker invoker, Task lastTask, State next, Scope scope, Object state, Boolean isCompleted)
   at Microsoft.AspNetCore.Mvc.Infrastructure.ResourceInvoker.<InvokeAsync>g__Awaited|17_0(ResourceInvoker invoker, Task task, IDisposable scope)
   at Microsoft.AspNetCore.Mvc.Infrastructure.ResourceInvoker.<InvokeAsync>g__Awaited|17_0(ResourceInvoker invoker, Task task, IDisposable scope)
   at Microsoft.AspNetCore.Authorization.AuthorizationMiddleware.Invoke(HttpContext context)
   at Microsoft.AspNetCore.Authentication.AuthenticationMiddleware.Invoke(HttpContext context)
   at Serilog.AspNetCore.RequestLoggingMiddleware.Invoke(HttpContext httpContext)
2026-06-14 14:45:05.513 +05:30 [ERR] An unhandled exception occurred: Employee has already checked in today.
WMS.Application.Common.Exceptions.ConflictException: Employee has already checked in today.
   at WMS.Application.Features.Attendance.Commands.CheckInCommandHandler.Handle(CheckInCommand request, CancellationToken ct) in C:\Users\Hardik\Desktop\WMS-Solution\src\WMS.Application\Features\Attendance\Commands\CheckInCommand.cs:line 25
   at WMS.Application.Common.Behaviours.PerformanceBehaviour`2.Handle(TRequest request, RequestHandlerDelegate`1 next, CancellationToken ct) in C:\Users\Hardik\Desktop\WMS-Solution\src\WMS.Application\Common\Behaviours\PerformanceBehaviour.cs:line 22
   at WMS.Application.Common.Behaviours.ValidationBehaviour`2.Handle(TRequest request, RequestHandlerDelegate`1 next, CancellationToken ct) in C:\Users\Hardik\Desktop\WMS-Solution\src\WMS.Application\Common\Behaviours\ValidationBehaviour.cs:line 20
   at WMS.Application.Common.Behaviours.LoggingBehaviour`2.Handle(TRequest request, RequestHandlerDelegate`1 next, CancellationToken ct) in C:\Users\Hardik\Desktop\WMS-Solution\src\WMS.Application\Common\Behaviours\LoggingBehaviour.cs:line 22
   at WMS.API.Controllers.v1.AttendanceController.CheckIn(CheckInDto dto, CancellationToken ct) in C:\Users\Hardik\Desktop\WMS-Solution\src\WMS.API\Controllers\v1\AttendanceController.cs:line 25
   at Microsoft.AspNetCore.Mvc.Infrastructure.ActionMethodExecutor.TaskOfIActionResultExecutor.Execute(ActionContext actionContext, IActionResultTypeMapper mapper, ObjectMethodExecutor executor, Object controller, Object[] arguments)
   at Microsoft.AspNetCore.Mvc.Infrastructure.ControllerActionInvoker.<InvokeActionMethodAsync>g__Awaited|12_0(ControllerActionInvoker invoker, ValueTask`1 actionResultValueTask)
   at Microsoft.AspNetCore.Mvc.Infrastructure.ControllerActionInvoker.<InvokeNextActionFilterAsync>g__Awaited|10_0(ControllerActionInvoker invoker, Task lastTask, State next, Scope scope, Object state, Boolean isCompleted)
   at Microsoft.AspNetCore.Mvc.Infrastructure.ControllerActionInvoker.Rethrow(ActionExecutedContextSealed context)
   at Microsoft.AspNetCore.Mvc.Infrastructure.ControllerActionInvoker.Next(State& next, Scope& scope, Object& state, Boolean& isCompleted)
   at Microsoft.AspNetCore.Mvc.Infrastructure.ControllerActionInvoker.<InvokeInnerFilterAsync>g__Awaited|13_0(ControllerActionInvoker invoker, Task lastTask, State next, Scope scope, Object state, Boolean isCompleted)
   at Microsoft.AspNetCore.Mvc.Infrastructure.ResourceInvoker.<InvokeFilterPipelineAsync>g__Awaited|20_0(ResourceInvoker invoker, Task lastTask, State next, Scope scope, Object state, Boolean isCompleted)
   at Microsoft.AspNetCore.Mvc.Infrastructure.ResourceInvoker.<InvokeAsync>g__Awaited|17_0(ResourceInvoker invoker, Task task, IDisposable scope)
   at Microsoft.AspNetCore.Mvc.Infrastructure.ResourceInvoker.<InvokeAsync>g__Awaited|17_0(ResourceInvoker invoker, Task task, IDisposable scope)
   at Microsoft.AspNetCore.Authorization.AuthorizationMiddleware.Invoke(HttpContext context)
   at Microsoft.AspNetCore.Authentication.AuthenticationMiddleware.Invoke(HttpContext context)
   at Serilog.AspNetCore.RequestLoggingMiddleware.Invoke(HttpContext httpContext)
   at Swashbuckle.AspNetCore.SwaggerUI.SwaggerUIMiddleware.Invoke(HttpContext httpContext)
   at Swashbuckle.AspNetCore.Swagger.SwaggerMiddleware.Invoke(HttpContext httpContext, ISwaggerProvider swaggerProvider)
   at WMS.API.Middleware.GlobalExceptionMiddleware.InvokeAsync(HttpContext context) in C:\Users\Hardik\Desktop\WMS-Solution\src\WMS.API\Middleware\GlobalExceptionMiddleware.cs:line 26
2026-06-14 14:45:07.212 +05:30 [INF] HTTP OPTIONS /api/v1/attendance/check-out responded 204 in 0.0191 ms
2026-06-14 14:45:07.222 +05:30 [INF] WMS Request: CheckOutCommand {"Dto":{"EmpId":7,"$type":"CheckOutDto"},"$type":"CheckOutCommand"}
2026-06-14 14:45:07.234 +05:30 [ERR] HTTP POST /api/v1/attendance/check-out responded 500 in 14.3859 ms
WMS.Application.Common.Exceptions.ConflictException: Employee has already checked out today.
   at WMS.Application.Features.Attendance.Commands.CheckOutCommandHandler.Handle(CheckOutCommand request, CancellationToken ct) in C:\Users\Hardik\Desktop\WMS-Solution\src\WMS.Application\Features\Attendance\Commands\CheckOutCommand.cs:line 25
   at WMS.Application.Common.Behaviours.PerformanceBehaviour`2.Handle(TRequest request, RequestHandlerDelegate`1 next, CancellationToken ct) in C:\Users\Hardik\Desktop\WMS-Solution\src\WMS.Application\Common\Behaviours\PerformanceBehaviour.cs:line 22
   at WMS.Application.Common.Behaviours.ValidationBehaviour`2.Handle(TRequest request, RequestHandlerDelegate`1 next, CancellationToken ct) in C:\Users\Hardik\Desktop\WMS-Solution\src\WMS.Application\Common\Behaviours\ValidationBehaviour.cs:line 20
   at WMS.Application.Common.Behaviours.LoggingBehaviour`2.Handle(TRequest request, RequestHandlerDelegate`1 next, CancellationToken ct) in C:\Users\Hardik\Desktop\WMS-Solution\src\WMS.Application\Common\Behaviours\LoggingBehaviour.cs:line 22
   at WMS.API.Controllers.v1.AttendanceController.CheckOut(CheckOutDto dto, CancellationToken ct) in C:\Users\Hardik\Desktop\WMS-Solution\src\WMS.API\Controllers\v1\AttendanceController.cs:line 32
   at Microsoft.AspNetCore.Mvc.Infrastructure.ActionMethodExecutor.TaskOfIActionResultExecutor.Execute(ActionContext actionContext, IActionResultTypeMapper mapper, ObjectMethodExecutor executor, Object controller, Object[] arguments)
   at Microsoft.AspNetCore.Mvc.Infrastructure.ControllerActionInvoker.<InvokeActionMethodAsync>g__Awaited|12_0(ControllerActionInvoker invoker, ValueTask`1 actionResultValueTask)
   at Microsoft.AspNetCore.Mvc.Infrastructure.ControllerActionInvoker.<InvokeNextActionFilterAsync>g__Awaited|10_0(ControllerActionInvoker invoker, Task lastTask, State next, Scope scope, Object state, Boolean isCompleted)
   at Microsoft.AspNetCore.Mvc.Infrastructure.ControllerActionInvoker.Rethrow(ActionExecutedContextSealed context)
   at Microsoft.AspNetCore.Mvc.Infrastructure.ControllerActionInvoker.Next(State& next, Scope& scope, Object& state, Boolean& isCompleted)
   at Microsoft.AspNetCore.Mvc.Infrastructure.ControllerActionInvoker.<InvokeInnerFilterAsync>g__Awaited|13_0(ControllerActionInvoker invoker, Task lastTask, State next, Scope scope, Object state, Boolean isCompleted)
   at Microsoft.AspNetCore.Mvc.Infrastructure.ResourceInvoker.<InvokeFilterPipelineAsync>g__Awaited|20_0(ResourceInvoker invoker, Task lastTask, State next, Scope scope, Object state, Boolean isCompleted)
   at Microsoft.AspNetCore.Mvc.Infrastructure.ResourceInvoker.<InvokeAsync>g__Awaited|17_0(ResourceInvoker invoker, Task task, IDisposable scope)
   at Microsoft.AspNetCore.Mvc.Infrastructure.ResourceInvoker.<InvokeAsync>g__Awaited|17_0(ResourceInvoker invoker, Task task, IDisposable scope)
   at Microsoft.AspNetCore.Authorization.AuthorizationMiddleware.Invoke(HttpContext context)
   at Microsoft.AspNetCore.Authentication.AuthenticationMiddleware.Invoke(HttpContext context)
   at Serilog.AspNetCore.RequestLoggingMiddleware.Invoke(HttpContext httpContext)
2026-06-14 14:45:07.246 +05:30 [ERR] An unhandled exception occurred: Employee has already checked out today.
WMS.Application.Common.Exceptions.ConflictException: Employee has already checked out today.
   at WMS.Application.Features.Attendance.Commands.CheckOutCommandHandler.Handle(CheckOutCommand request, CancellationToken ct) in C:\Users\Hardik\Desktop\WMS-Solution\src\WMS.Application\Features\Attendance\Commands\CheckOutCommand.cs:line 25
   at WMS.Application.Common.Behaviours.PerformanceBehaviour`2.Handle(TRequest request, RequestHandlerDelegate`1 next, CancellationToken ct) in C:\Users\Hardik\Desktop\WMS-Solution\src\WMS.Application\Common\Behaviours\PerformanceBehaviour.cs:line 22
   at WMS.Application.Common.Behaviours.ValidationBehaviour`2.Handle(TRequest request, RequestHandlerDelegate`1 next, CancellationToken ct) in C:\Users\Hardik\Desktop\WMS-Solution\src\WMS.Application\Common\Behaviours\ValidationBehaviour.cs:line 20
   at WMS.Application.Common.Behaviours.LoggingBehaviour`2.Handle(TRequest request, RequestHandlerDelegate`1 next, CancellationToken ct) in C:\Users\Hardik\Desktop\WMS-Solution\src\WMS.Application\Common\Behaviours\LoggingBehaviour.cs:line 22
   at WMS.API.Controllers.v1.AttendanceController.CheckOut(CheckOutDto dto, CancellationToken ct) in C:\Users\Hardik\Desktop\WMS-Solution\src\WMS.API\Controllers\v1\AttendanceController.cs:line 32
   at Microsoft.AspNetCore.Mvc.Infrastructure.ActionMethodExecutor.TaskOfIActionResultExecutor.Execute(ActionContext actionContext, IActionResultTypeMapper mapper, ObjectMethodExecutor executor, Object controller, Object[] arguments)
   at Microsoft.AspNetCore.Mvc.Infrastructure.ControllerActionInvoker.<InvokeActionMethodAsync>g__Awaited|12_0(ControllerActionInvoker invoker, ValueTask`1 actionResultValueTask)
   at Microsoft.AspNetCore.Mvc.Infrastructure.ControllerActionInvoker.<InvokeNextActionFilterAsync>g__Awaited|10_0(ControllerActionInvoker invoker, Task lastTask, State next, Scope scope, Object state, Boolean isCompleted)
   at Microsoft.AspNetCore.Mvc.Infrastructure.ControllerActionInvoker.Rethrow(ActionExecutedContextSealed context)
   at Microsoft.AspNetCore.Mvc.Infrastructure.ControllerActionInvoker.Next(State& next, Scope& scope, Object& state, Boolean& isCompleted)
   at Microsoft.AspNetCore.Mvc.Infrastructure.ControllerActionInvoker.<InvokeInnerFilterAsync>g__Awaited|13_0(ControllerActionInvoker invoker, Task lastTask, State next, Scope scope, Object state, Boolean isCompleted)
   at Microsoft.AspNetCore.Mvc.Infrastructure.ResourceInvoker.<InvokeFilterPipelineAsync>g__Awaited|20_0(ResourceInvoker invoker, Task lastTask, State next, Scope scope, Object state, Boolean isCompleted)
   at Microsoft.AspNetCore.Mvc.Infrastructure.ResourceInvoker.<InvokeAsync>g__Awaited|17_0(ResourceInvoker invoker, Task task, IDisposable scope)
   at Microsoft.AspNetCore.Mvc.Infrastructure.ResourceInvoker.<InvokeAsync>g__Awaited|17_0(ResourceInvoker invoker, Task task, IDisposable scope)
   at Microsoft.AspNetCore.Authorization.AuthorizationMiddleware.Invoke(HttpContext context)
   at Microsoft.AspNetCore.Authentication.AuthenticationMiddleware.Invoke(HttpContext context)
   at Serilog.AspNetCore.RequestLoggingMiddleware.Invoke(HttpContext httpContext)
   at Swashbuckle.AspNetCore.SwaggerUI.SwaggerUIMiddleware.Invoke(HttpContext httpContext)
   at Swashbuckle.AspNetCore.Swagger.SwaggerMiddleware.Invoke(HttpContext httpContext, ISwaggerProvider swaggerProvider)
   at WMS.API.Middleware.GlobalExceptionMiddleware.InvokeAsync(HttpContext context) in C:\Users\Hardik\Desktop\WMS-Solution\src\WMS.API\Middleware\GlobalExceptionMiddleware.cs:line 26
2026-06-14 14:45:10.981 +05:30 [INF] HTTP OPTIONS /api/v1/attendance/check-in responded 204 in 0.0277 ms
2026-06-14 14:45:10.991 +05:30 [INF] WMS Request: CheckInCommand {"Dto":{"EmpId":7,"WorkMode":"WFH","$type":"CheckInDto"},"$type":"CheckInCommand"}
2026-06-14 14:45:11.010 +05:30 [ERR] HTTP POST /api/v1/attendance/check-in responded 500 in 23.7911 ms
WMS.Application.Common.Exceptions.ConflictException: Employee has already checked in today.
   at WMS.Application.Features.Attendance.Commands.CheckInCommandHandler.Handle(CheckInCommand request, CancellationToken ct) in C:\Users\Hardik\Desktop\WMS-Solution\src\WMS.Application\Features\Attendance\Commands\CheckInCommand.cs:line 25
   at WMS.Application.Common.Behaviours.PerformanceBehaviour`2.Handle(TRequest request, RequestHandlerDelegate`1 next, CancellationToken ct) in C:\Users\Hardik\Desktop\WMS-Solution\src\WMS.Application\Common\Behaviours\PerformanceBehaviour.cs:line 22
   at WMS.Application.Common.Behaviours.ValidationBehaviour`2.Handle(TRequest request, RequestHandlerDelegate`1 next, CancellationToken ct) in C:\Users\Hardik\Desktop\WMS-Solution\src\WMS.Application\Common\Behaviours\ValidationBehaviour.cs:line 20
   at WMS.Application.Common.Behaviours.LoggingBehaviour`2.Handle(TRequest request, RequestHandlerDelegate`1 next, CancellationToken ct) in C:\Users\Hardik\Desktop\WMS-Solution\src\WMS.Application\Common\Behaviours\LoggingBehaviour.cs:line 22
   at WMS.API.Controllers.v1.AttendanceController.CheckIn(CheckInDto dto, CancellationToken ct) in C:\Users\Hardik\Desktop\WMS-Solution\src\WMS.API\Controllers\v1\AttendanceController.cs:line 25
   at Microsoft.AspNetCore.Mvc.Infrastructure.ActionMethodExecutor.TaskOfIActionResultExecutor.Execute(ActionContext actionContext, IActionResultTypeMapper mapper, ObjectMethodExecutor executor, Object controller, Object[] arguments)
   at Microsoft.AspNetCore.Mvc.Infrastructure.ControllerActionInvoker.<InvokeActionMethodAsync>g__Awaited|12_0(ControllerActionInvoker invoker, ValueTask`1 actionResultValueTask)
   at Microsoft.AspNetCore.Mvc.Infrastructure.ControllerActionInvoker.<InvokeNextActionFilterAsync>g__Awaited|10_0(ControllerActionInvoker invoker, Task lastTask, State next, Scope scope, Object state, Boolean isCompleted)
   at Microsoft.AspNetCore.Mvc.Infrastructure.ControllerActionInvoker.Rethrow(ActionExecutedContextSealed context)
   at Microsoft.AspNetCore.Mvc.Infrastructure.ControllerActionInvoker.Next(State& next, Scope& scope, Object& state, Boolean& isCompleted)
   at Microsoft.AspNetCore.Mvc.Infrastructure.ControllerActionInvoker.<InvokeInnerFilterAsync>g__Awaited|13_0(ControllerActionInvoker invoker, Task lastTask, State next, Scope scope, Object state, Boolean isCompleted)
   at Microsoft.AspNetCore.Mvc.Infrastructure.ResourceInvoker.<InvokeFilterPipelineAsync>g__Awaited|20_0(ResourceInvoker invoker, Task lastTask, State next, Scope scope, Object state, Boolean isCompleted)
   at Microsoft.AspNetCore.Mvc.Infrastructure.ResourceInvoker.<InvokeAsync>g__Awaited|17_0(ResourceInvoker invoker, Task task, IDisposable scope)
   at Microsoft.AspNetCore.Mvc.Infrastructure.ResourceInvoker.<InvokeAsync>g__Awaited|17_0(ResourceInvoker invoker, Task task, IDisposable scope)
   at Microsoft.AspNetCore.Authorization.AuthorizationMiddleware.Invoke(HttpContext context)
   at Microsoft.AspNetCore.Authentication.AuthenticationMiddleware.Invoke(HttpContext context)
   at Serilog.AspNetCore.RequestLoggingMiddleware.Invoke(HttpContext httpContext)
2026-06-14 14:45:11.020 +05:30 [ERR] An unhandled exception occurred: Employee has already checked in today.
WMS.Application.Common.Exceptions.ConflictException: Employee has already checked in today.
   at WMS.Application.Features.Attendance.Commands.CheckInCommandHandler.Handle(CheckInCommand request, CancellationToken ct) in C:\Users\Hardik\Desktop\WMS-Solution\src\WMS.Application\Features\Attendance\Commands\CheckInCommand.cs:line 25
   at WMS.Application.Common.Behaviours.PerformanceBehaviour`2.Handle(TRequest request, RequestHandlerDelegate`1 next, CancellationToken ct) in C:\Users\Hardik\Desktop\WMS-Solution\src\WMS.Application\Common\Behaviours\PerformanceBehaviour.cs:line 22
   at WMS.Application.Common.Behaviours.ValidationBehaviour`2.Handle(TRequest request, RequestHandlerDelegate`1 next, CancellationToken ct) in C:\Users\Hardik\Desktop\WMS-Solution\src\WMS.Application\Common\Behaviours\ValidationBehaviour.cs:line 20
   at WMS.Application.Common.Behaviours.LoggingBehaviour`2.Handle(TRequest request, RequestHandlerDelegate`1 next, CancellationToken ct) in C:\Users\Hardik\Desktop\WMS-Solution\src\WMS.Application\Common\Behaviours\LoggingBehaviour.cs:line 22
   at WMS.API.Controllers.v1.AttendanceController.CheckIn(CheckInDto dto, CancellationToken ct) in C:\Users\Hardik\Desktop\WMS-Solution\src\WMS.API\Controllers\v1\AttendanceController.cs:line 25
   at Microsoft.AspNetCore.Mvc.Infrastructure.ActionMethodExecutor.TaskOfIActionResultExecutor.Execute(ActionContext actionContext, IActionResultTypeMapper mapper, ObjectMethodExecutor executor, Object controller, Object[] arguments)
   at Microsoft.AspNetCore.Mvc.Infrastructure.ControllerActionInvoker.<InvokeActionMethodAsync>g__Awaited|12_0(ControllerActionInvoker invoker, ValueTask`1 actionResultValueTask)
   at Microsoft.AspNetCore.Mvc.Infrastructure.ControllerActionInvoker.<InvokeNextActionFilterAsync>g__Awaited|10_0(ControllerActionInvoker invoker, Task lastTask, State next, Scope scope, Object state, Boolean isCompleted)
   at Microsoft.AspNetCore.Mvc.Infrastructure.ControllerActionInvoker.Rethrow(ActionExecutedContextSealed context)
   at Microsoft.AspNetCore.Mvc.Infrastructure.ControllerActionInvoker.Next(State& next, Scope& scope, Object& state, Boolean& isCompleted)
   at Microsoft.AspNetCore.Mvc.Infrastructure.ControllerActionInvoker.<InvokeInnerFilterAsync>g__Awaited|13_0(ControllerActionInvoker invoker, Task lastTask, State next, Scope scope, Object state, Boolean isCompleted)
   at Microsoft.AspNetCore.Mvc.Infrastructure.ResourceInvoker.<InvokeFilterPipelineAsync>g__Awaited|20_0(ResourceInvoker invoker, Task lastTask, State next, Scope scope, Object state, Boolean isCompleted)
   at Microsoft.AspNetCore.Mvc.Infrastructure.ResourceInvoker.<InvokeAsync>g__Awaited|17_0(ResourceInvoker invoker, Task task, IDisposable scope)
   at Microsoft.AspNetCore.Mvc.Infrastructure.ResourceInvoker.<InvokeAsync>g__Awaited|17_0(ResourceInvoker invoker, Task task, IDisposable scope)
   at Microsoft.AspNetCore.Authorization.AuthorizationMiddleware.Invoke(HttpContext context)
   at Microsoft.AspNetCore.Authentication.AuthenticationMiddleware.Invoke(HttpContext context)
   at Serilog.AspNetCore.RequestLoggingMiddleware.Invoke(HttpContext httpContext)
   at Swashbuckle.AspNetCore.SwaggerUI.SwaggerUIMiddleware.Invoke(HttpContext httpContext)
   at Swashbuckle.AspNetCore.Swagger.SwaggerMiddleware.Invoke(HttpContext httpContext, ISwaggerProvider swaggerProvider)
   at WMS.API.Middleware.GlobalExceptionMiddleware.InvokeAsync(HttpContext context) in C:\Users\Hardik\Desktop\WMS-Solution\src\WMS.API\Middleware\GlobalExceptionMiddleware.cs:line 26
2026-06-14 14:45:12.611 +05:30 [INF] HTTP OPTIONS /api/v1/attendance/check-out responded 204 in 0.0497 ms
2026-06-14 14:45:12.623 +05:30 [INF] WMS Request: CheckOutCommand {"Dto":{"EmpId":7,"$type":"CheckOutDto"},"$type":"CheckOutCommand"}
2026-06-14 14:45:12.639 +05:30 [ERR] HTTP POST /api/v1/attendance/check-out responded 500 in 19.9242 ms
WMS.Application.Common.Exceptions.ConflictException: Employee has already checked out today.
   at WMS.Application.Features.Attendance.Commands.CheckOutCommandHandler.Handle(CheckOutCommand request, CancellationToken ct) in C:\Users\Hardik\Desktop\WMS-Solution\src\WMS.Application\Features\Attendance\Commands\CheckOutCommand.cs:line 25
   at WMS.Application.Common.Behaviours.PerformanceBehaviour`2.Handle(TRequest request, RequestHandlerDelegate`1 next, CancellationToken ct) in C:\Users\Hardik\Desktop\WMS-Solution\src\WMS.Application\Common\Behaviours\PerformanceBehaviour.cs:line 22
   at WMS.Application.Common.Behaviours.ValidationBehaviour`2.Handle(TRequest request, RequestHandlerDelegate`1 next, CancellationToken ct) in C:\Users\Hardik\Desktop\WMS-Solution\src\WMS.Application\Common\Behaviours\ValidationBehaviour.cs:line 20
   at WMS.Application.Common.Behaviours.LoggingBehaviour`2.Handle(TRequest request, RequestHandlerDelegate`1 next, CancellationToken ct) in C:\Users\Hardik\Desktop\WMS-Solution\src\WMS.Application\Common\Behaviours\LoggingBehaviour.cs:line 22
   at WMS.API.Controllers.v1.AttendanceController.CheckOut(CheckOutDto dto, CancellationToken ct) in C:\Users\Hardik\Desktop\WMS-Solution\src\WMS.API\Controllers\v1\AttendanceController.cs:line 32
   at Microsoft.AspNetCore.Mvc.Infrastructure.ActionMethodExecutor.TaskOfIActionResultExecutor.Execute(ActionContext actionContext, IActionResultTypeMapper mapper, ObjectMethodExecutor executor, Object controller, Object[] arguments)
   at Microsoft.AspNetCore.Mvc.Infrastructure.ControllerActionInvoker.<InvokeActionMethodAsync>g__Awaited|12_0(ControllerActionInvoker invoker, ValueTask`1 actionResultValueTask)
   at Microsoft.AspNetCore.Mvc.Infrastructure.ControllerActionInvoker.<InvokeNextActionFilterAsync>g__Awaited|10_0(ControllerActionInvoker invoker, Task lastTask, State next, Scope scope, Object state, Boolean isCompleted)
   at Microsoft.AspNetCore.Mvc.Infrastructure.ControllerActionInvoker.Rethrow(ActionExecutedContextSealed context)
   at Microsoft.AspNetCore.Mvc.Infrastructure.ControllerActionInvoker.Next(State& next, Scope& scope, Object& state, Boolean& isCompleted)
   at Microsoft.AspNetCore.Mvc.Infrastructure.ControllerActionInvoker.<InvokeInnerFilterAsync>g__Awaited|13_0(ControllerActionInvoker invoker, Task lastTask, State next, Scope scope, Object state, Boolean isCompleted)
   at Microsoft.AspNetCore.Mvc.Infrastructure.ResourceInvoker.<InvokeFilterPipelineAsync>g__Awaited|20_0(ResourceInvoker invoker, Task lastTask, State next, Scope scope, Object state, Boolean isCompleted)
   at Microsoft.AspNetCore.Mvc.Infrastructure.ResourceInvoker.<InvokeAsync>g__Awaited|17_0(ResourceInvoker invoker, Task task, IDisposable scope)
   at Microsoft.AspNetCore.Mvc.Infrastructure.ResourceInvoker.<InvokeAsync>g__Awaited|17_0(ResourceInvoker invoker, Task task, IDisposable scope)
   at Microsoft.AspNetCore.Authorization.AuthorizationMiddleware.Invoke(HttpContext context)
   at Microsoft.AspNetCore.Authentication.AuthenticationMiddleware.Invoke(HttpContext context)
   at Serilog.AspNetCore.RequestLoggingMiddleware.Invoke(HttpContext httpContext)
2026-06-14 14:45:12.643 +05:30 [ERR] An unhandled exception occurred: Employee has already checked out today.
WMS.Application.Common.Exceptions.ConflictException: Employee has already checked out today.
   at WMS.Application.Features.Attendance.Commands.CheckOutCommandHandler.Handle(CheckOutCommand request, CancellationToken ct) in C:\Users\Hardik\Desktop\WMS-Solution\src\WMS.Application\Features\Attendance\Commands\CheckOutCommand.cs:line 25
   at WMS.Application.Common.Behaviours.PerformanceBehaviour`2.Handle(TRequest request, RequestHandlerDelegate`1 next, CancellationToken ct) in C:\Users\Hardik\Desktop\WMS-Solution\src\WMS.Application\Common\Behaviours\PerformanceBehaviour.cs:line 22
   at WMS.Application.Common.Behaviours.ValidationBehaviour`2.Handle(TRequest request, RequestHandlerDelegate`1 next, CancellationToken ct) in C:\Users\Hardik\Desktop\WMS-Solution\src\WMS.Application\Common\Behaviours\ValidationBehaviour.cs:line 20
   at WMS.Application.Common.Behaviours.LoggingBehaviour`2.Handle(TRequest request, RequestHandlerDelegate`1 next, CancellationToken ct) in C:\Users\Hardik\Desktop\WMS-Solution\src\WMS.Application\Common\Behaviours\LoggingBehaviour.cs:line 22
   at WMS.API.Controllers.v1.AttendanceController.CheckOut(CheckOutDto dto, CancellationToken ct) in C:\Users\Hardik\Desktop\WMS-Solution\src\WMS.API\Controllers\v1\AttendanceController.cs:line 32
   at Microsoft.AspNetCore.Mvc.Infrastructure.ActionMethodExecutor.TaskOfIActionResultExecutor.Execute(ActionContext actionContext, IActionResultTypeMapper mapper, ObjectMethodExecutor executor, Object controller, Object[] arguments)
   at Microsoft.AspNetCore.Mvc.Infrastructure.ControllerActionInvoker.<InvokeActionMethodAsync>g__Awaited|12_0(ControllerActionInvoker invoker, ValueTask`1 actionResultValueTask)
   at Microsoft.AspNetCore.Mvc.Infrastructure.ControllerActionInvoker.<InvokeNextActionFilterAsync>g__Awaited|10_0(ControllerActionInvoker invoker, Task lastTask, State next, Scope scope, Object state, Boolean isCompleted)
   at Microsoft.AspNetCore.Mvc.Infrastructure.ControllerActionInvoker.Rethrow(ActionExecutedContextSealed context)
   at Microsoft.AspNetCore.Mvc.Infrastructure.ControllerActionInvoker.Next(State& next, Scope& scope, Object& state, Boolean& isCompleted)
   at Microsoft.AspNetCore.Mvc.Infrastructure.ControllerActionInvoker.<InvokeInnerFilterAsync>g__Awaited|13_0(ControllerActionInvoker invoker, Task lastTask, State next, Scope scope, Object state, Boolean isCompleted)
   at Microsoft.AspNetCore.Mvc.Infrastructure.ResourceInvoker.<InvokeFilterPipelineAsync>g__Awaited|20_0(ResourceInvoker invoker, Task lastTask, State next, Scope scope, Object state, Boolean isCompleted)
   at Microsoft.AspNetCore.Mvc.Infrastructure.ResourceInvoker.<InvokeAsync>g__Awaited|17_0(ResourceInvoker invoker, Task task, IDisposable scope)
   at Microsoft.AspNetCore.Mvc.Infrastructure.ResourceInvoker.<InvokeAsync>g__Awaited|17_0(ResourceInvoker invoker, Task task, IDisposable scope)
   at Microsoft.AspNetCore.Authorization.AuthorizationMiddleware.Invoke(HttpContext context)
   at Microsoft.AspNetCore.Authentication.AuthenticationMiddleware.Invoke(HttpContext context)
   at Serilog.AspNetCore.RequestLoggingMiddleware.Invoke(HttpContext httpContext)
   at Swashbuckle.AspNetCore.SwaggerUI.SwaggerUIMiddleware.Invoke(HttpContext httpContext)
   at Swashbuckle.AspNetCore.Swagger.SwaggerMiddleware.Invoke(HttpContext httpContext, ISwaggerProvider swaggerProvider)
   at WMS.API.Middleware.GlobalExceptionMiddleware.InvokeAsync(HttpContext context) in C:\Users\Hardik\Desktop\WMS-Solution\src\WMS.API\Middleware\GlobalExceptionMiddleware.cs:line 26
2026-06-14 14:45:28.749 +05:30 [INF] HTTP OPTIONS /api/v1/attendance/check-in responded 204 in 0.0264 ms
2026-06-14 14:45:28.758 +05:30 [INF] WMS Request: CheckInCommand {"Dto":{"EmpId":7,"WorkMode":"WFH","$type":"CheckInDto"},"$type":"CheckInCommand"}
2026-06-14 14:45:28.775 +05:30 [ERR] HTTP POST /api/v1/attendance/check-in responded 500 in 17.3918 ms
WMS.Application.Common.Exceptions.ConflictException: Employee has already checked in today.
   at WMS.Application.Features.Attendance.Commands.CheckInCommandHandler.Handle(CheckInCommand request, CancellationToken ct) in C:\Users\Hardik\Desktop\WMS-Solution\src\WMS.Application\Features\Attendance\Commands\CheckInCommand.cs:line 25
   at WMS.Application.Common.Behaviours.PerformanceBehaviour`2.Handle(TRequest request, RequestHandlerDelegate`1 next, CancellationToken ct) in C:\Users\Hardik\Desktop\WMS-Solution\src\WMS.Application\Common\Behaviours\PerformanceBehaviour.cs:line 22
   at WMS.Application.Common.Behaviours.ValidationBehaviour`2.Handle(TRequest request, RequestHandlerDelegate`1 next, CancellationToken ct) in C:\Users\Hardik\Desktop\WMS-Solution\src\WMS.Application\Common\Behaviours\ValidationBehaviour.cs:line 20
   at WMS.Application.Common.Behaviours.LoggingBehaviour`2.Handle(TRequest request, RequestHandlerDelegate`1 next, CancellationToken ct) in C:\Users\Hardik\Desktop\WMS-Solution\src\WMS.Application\Common\Behaviours\LoggingBehaviour.cs:line 22
   at WMS.API.Controllers.v1.AttendanceController.CheckIn(CheckInDto dto, CancellationToken ct) in C:\Users\Hardik\Desktop\WMS-Solution\src\WMS.API\Controllers\v1\AttendanceController.cs:line 25
   at Microsoft.AspNetCore.Mvc.Infrastructure.ActionMethodExecutor.TaskOfIActionResultExecutor.Execute(ActionContext actionContext, IActionResultTypeMapper mapper, ObjectMethodExecutor executor, Object controller, Object[] arguments)
   at Microsoft.AspNetCore.Mvc.Infrastructure.ControllerActionInvoker.<InvokeActionMethodAsync>g__Awaited|12_0(ControllerActionInvoker invoker, ValueTask`1 actionResultValueTask)
   at Microsoft.AspNetCore.Mvc.Infrastructure.ControllerActionInvoker.<InvokeNextActionFilterAsync>g__Awaited|10_0(ControllerActionInvoker invoker, Task lastTask, State next, Scope scope, Object state, Boolean isCompleted)
   at Microsoft.AspNetCore.Mvc.Infrastructure.ControllerActionInvoker.Rethrow(ActionExecutedContextSealed context)
   at Microsoft.AspNetCore.Mvc.Infrastructure.ControllerActionInvoker.Next(State& next, Scope& scope, Object& state, Boolean& isCompleted)
   at Microsoft.AspNetCore.Mvc.Infrastructure.ControllerActionInvoker.<InvokeInnerFilterAsync>g__Awaited|13_0(ControllerActionInvoker invoker, Task lastTask, State next, Scope scope, Object state, Boolean isCompleted)
   at Microsoft.AspNetCore.Mvc.Infrastructure.ResourceInvoker.<InvokeFilterPipelineAsync>g__Awaited|20_0(ResourceInvoker invoker, Task lastTask, State next, Scope scope, Object state, Boolean isCompleted)
   at Microsoft.AspNetCore.Mvc.Infrastructure.ResourceInvoker.<InvokeAsync>g__Awaited|17_0(ResourceInvoker invoker, Task task, IDisposable scope)
   at Microsoft.AspNetCore.Mvc.Infrastructure.ResourceInvoker.<InvokeAsync>g__Awaited|17_0(ResourceInvoker invoker, Task task, IDisposable scope)
   at Microsoft.AspNetCore.Authorization.AuthorizationMiddleware.Invoke(HttpContext context)
   at Microsoft.AspNetCore.Authentication.AuthenticationMiddleware.Invoke(HttpContext context)
   at Serilog.AspNetCore.RequestLoggingMiddleware.Invoke(HttpContext httpContext)
2026-06-14 14:45:28.781 +05:30 [ERR] An unhandled exception occurred: Employee has already checked in today.
WMS.Application.Common.Exceptions.ConflictException: Employee has already checked in today.
   at WMS.Application.Features.Attendance.Commands.CheckInCommandHandler.Handle(CheckInCommand request, CancellationToken ct) in C:\Users\Hardik\Desktop\WMS-Solution\src\WMS.Application\Features\Attendance\Commands\CheckInCommand.cs:line 25
   at WMS.Application.Common.Behaviours.PerformanceBehaviour`2.Handle(TRequest request, RequestHandlerDelegate`1 next, CancellationToken ct) in C:\Users\Hardik\Desktop\WMS-Solution\src\WMS.Application\Common\Behaviours\PerformanceBehaviour.cs:line 22
   at WMS.Application.Common.Behaviours.ValidationBehaviour`2.Handle(TRequest request, RequestHandlerDelegate`1 next, CancellationToken ct) in C:\Users\Hardik\Desktop\WMS-Solution\src\WMS.Application\Common\Behaviours\ValidationBehaviour.cs:line 20
   at WMS.Application.Common.Behaviours.LoggingBehaviour`2.Handle(TRequest request, RequestHandlerDelegate`1 next, CancellationToken ct) in C:\Users\Hardik\Desktop\WMS-Solution\src\WMS.Application\Common\Behaviours\LoggingBehaviour.cs:line 22
   at WMS.API.Controllers.v1.AttendanceController.CheckIn(CheckInDto dto, CancellationToken ct) in C:\Users\Hardik\Desktop\WMS-Solution\src\WMS.API\Controllers\v1\AttendanceController.cs:line 25
   at Microsoft.AspNetCore.Mvc.Infrastructure.ActionMethodExecutor.TaskOfIActionResultExecutor.Execute(ActionContext actionContext, IActionResultTypeMapper mapper, ObjectMethodExecutor executor, Object controller, Object[] arguments)
   at Microsoft.AspNetCore.Mvc.Infrastructure.ControllerActionInvoker.<InvokeActionMethodAsync>g__Awaited|12_0(ControllerActionInvoker invoker, ValueTask`1 actionResultValueTask)
   at Microsoft.AspNetCore.Mvc.Infrastructure.ControllerActionInvoker.<InvokeNextActionFilterAsync>g__Awaited|10_0(ControllerActionInvoker invoker, Task lastTask, State next, Scope scope, Object state, Boolean isCompleted)
   at Microsoft.AspNetCore.Mvc.Infrastructure.ControllerActionInvoker.Rethrow(ActionExecutedContextSealed context)
   at Microsoft.AspNetCore.Mvc.Infrastructure.ControllerActionInvoker.Next(State& next, Scope& scope, Object& state, Boolean& isCompleted)
   at Microsoft.AspNetCore.Mvc.Infrastructure.ControllerActionInvoker.<InvokeInnerFilterAsync>g__Awaited|13_0(ControllerActionInvoker invoker, Task lastTask, State next, Scope scope, Object state, Boolean isCompleted)
   at Microsoft.AspNetCore.Mvc.Infrastructure.ResourceInvoker.<InvokeFilterPipelineAsync>g__Awaited|20_0(ResourceInvoker invoker, Task lastTask, State next, Scope scope, Object state, Boolean isCompleted)
   at Microsoft.AspNetCore.Mvc.Infrastructure.ResourceInvoker.<InvokeAsync>g__Awaited|17_0(ResourceInvoker invoker, Task task, IDisposable scope)
   at Microsoft.AspNetCore.Mvc.Infrastructure.ResourceInvoker.<InvokeAsync>g__Awaited|17_0(ResourceInvoker invoker, Task task, IDisposable scope)
   at Microsoft.AspNetCore.Authorization.AuthorizationMiddleware.Invoke(HttpContext context)
   at Microsoft.AspNetCore.Authentication.AuthenticationMiddleware.Invoke(HttpContext context)
   at Serilog.AspNetCore.RequestLoggingMiddleware.Invoke(HttpContext httpContext)
   at Swashbuckle.AspNetCore.SwaggerUI.SwaggerUIMiddleware.Invoke(HttpContext httpContext)
   at Swashbuckle.AspNetCore.Swagger.SwaggerMiddleware.Invoke(HttpContext httpContext, ISwaggerProvider swaggerProvider)
   at WMS.API.Middleware.GlobalExceptionMiddleware.InvokeAsync(HttpContext context) in C:\Users\Hardik\Desktop\WMS-Solution\src\WMS.API\Middleware\GlobalExceptionMiddleware.cs:line 26
2026-06-14 14:45:29.846 +05:30 [INF] HTTP OPTIONS /api/v1/attendance/check-out responded 204 in 0.0197 ms
2026-06-14 14:45:29.854 +05:30 [INF] WMS Request: CheckOutCommand {"Dto":{"EmpId":7,"$type":"CheckOutDto"},"$type":"CheckOutCommand"}
2026-06-14 14:45:29.862 +05:30 [ERR] HTTP POST /api/v1/attendance/check-out responded 500 in 8.6501 ms
WMS.Application.Common.Exceptions.ConflictException: Employee has already checked out today.
   at WMS.Application.Features.Attendance.Commands.CheckOutCommandHandler.Handle(CheckOutCommand request, CancellationToken ct) in C:\Users\Hardik\Desktop\WMS-Solution\src\WMS.Application\Features\Attendance\Commands\CheckOutCommand.cs:line 25
   at WMS.Application.Common.Behaviours.PerformanceBehaviour`2.Handle(TRequest request, RequestHandlerDelegate`1 next, CancellationToken ct) in C:\Users\Hardik\Desktop\WMS-Solution\src\WMS.Application\Common\Behaviours\PerformanceBehaviour.cs:line 22
   at WMS.Application.Common.Behaviours.ValidationBehaviour`2.Handle(TRequest request, RequestHandlerDelegate`1 next, CancellationToken ct) in C:\Users\Hardik\Desktop\WMS-Solution\src\WMS.Application\Common\Behaviours\ValidationBehaviour.cs:line 20
   at WMS.Application.Common.Behaviours.LoggingBehaviour`2.Handle(TRequest request, RequestHandlerDelegate`1 next, CancellationToken ct) in C:\Users\Hardik\Desktop\WMS-Solution\src\WMS.Application\Common\Behaviours\LoggingBehaviour.cs:line 22
   at WMS.API.Controllers.v1.AttendanceController.CheckOut(CheckOutDto dto, CancellationToken ct) in C:\Users\Hardik\Desktop\WMS-Solution\src\WMS.API\Controllers\v1\AttendanceController.cs:line 32
   at Microsoft.AspNetCore.Mvc.Infrastructure.ActionMethodExecutor.TaskOfIActionResultExecutor.Execute(ActionContext actionContext, IActionResultTypeMapper mapper, ObjectMethodExecutor executor, Object controller, Object[] arguments)
   at Microsoft.AspNetCore.Mvc.Infrastructure.ControllerActionInvoker.<InvokeActionMethodAsync>g__Awaited|12_0(ControllerActionInvoker invoker, ValueTask`1 actionResultValueTask)
   at Microsoft.AspNetCore.Mvc.Infrastructure.ControllerActionInvoker.<InvokeNextActionFilterAsync>g__Awaited|10_0(ControllerActionInvoker invoker, Task lastTask, State next, Scope scope, Object state, Boolean isCompleted)
   at Microsoft.AspNetCore.Mvc.Infrastructure.ControllerActionInvoker.Rethrow(ActionExecutedContextSealed context)
   at Microsoft.AspNetCore.Mvc.Infrastructure.ControllerActionInvoker.Next(State& next, Scope& scope, Object& state, Boolean& isCompleted)
   at Microsoft.AspNetCore.Mvc.Infrastructure.ControllerActionInvoker.<InvokeInnerFilterAsync>g__Awaited|13_0(ControllerActionInvoker invoker, Task lastTask, State next, Scope scope, Object state, Boolean isCompleted)
   at Microsoft.AspNetCore.Mvc.Infrastructure.ResourceInvoker.<InvokeFilterPipelineAsync>g__Awaited|20_0(ResourceInvoker invoker, Task lastTask, State next, Scope scope, Object state, Boolean isCompleted)
   at Microsoft.AspNetCore.Mvc.Infrastructure.ResourceInvoker.<InvokeAsync>g__Awaited|17_0(ResourceInvoker invoker, Task task, IDisposable scope)
   at Microsoft.AspNetCore.Mvc.Infrastructure.ResourceInvoker.<InvokeAsync>g__Awaited|17_0(ResourceInvoker invoker, Task task, IDisposable scope)
   at Microsoft.AspNetCore.Authorization.AuthorizationMiddleware.Invoke(HttpContext context)
   at Microsoft.AspNetCore.Authentication.AuthenticationMiddleware.Invoke(HttpContext context)
   at Serilog.AspNetCore.RequestLoggingMiddleware.Invoke(HttpContext httpContext)
2026-06-14 14:45:29.871 +05:30 [ERR] An unhandled exception occurred: Employee has already checked out today.
WMS.Application.Common.Exceptions.ConflictException: Employee has already checked out today.
   at WMS.Application.Features.Attendance.Commands.CheckOutCommandHandler.Handle(CheckOutCommand request, CancellationToken ct) in C:\Users\Hardik\Desktop\WMS-Solution\src\WMS.Application\Features\Attendance\Commands\CheckOutCommand.cs:line 25
   at WMS.Application.Common.Behaviours.PerformanceBehaviour`2.Handle(TRequest request, RequestHandlerDelegate`1 next, CancellationToken ct) in C:\Users\Hardik\Desktop\WMS-Solution\src\WMS.Application\Common\Behaviours\PerformanceBehaviour.cs:line 22
   at WMS.Application.Common.Behaviours.ValidationBehaviour`2.Handle(TRequest request, RequestHandlerDelegate`1 next, CancellationToken ct) in C:\Users\Hardik\Desktop\WMS-Solution\src\WMS.Application\Common\Behaviours\ValidationBehaviour.cs:line 20
   at WMS.Application.Common.Behaviours.LoggingBehaviour`2.Handle(TRequest request, RequestHandlerDelegate`1 next, CancellationToken ct) in C:\Users\Hardik\Desktop\WMS-Solution\src\WMS.Application\Common\Behaviours\LoggingBehaviour.cs:line 22
   at WMS.API.Controllers.v1.AttendanceController.CheckOut(CheckOutDto dto, CancellationToken ct) in C:\Users\Hardik\Desktop\WMS-Solution\src\WMS.API\Controllers\v1\AttendanceController.cs:line 32
   at Microsoft.AspNetCore.Mvc.Infrastructure.ActionMethodExecutor.TaskOfIActionResultExecutor.Execute(ActionContext actionContext, IActionResultTypeMapper mapper, ObjectMethodExecutor executor, Object controller, Object[] arguments)
   at Microsoft.AspNetCore.Mvc.Infrastructure.ControllerActionInvoker.<InvokeActionMethodAsync>g__Awaited|12_0(ControllerActionInvoker invoker, ValueTask`1 actionResultValueTask)
   at Microsoft.AspNetCore.Mvc.Infrastructure.ControllerActionInvoker.<InvokeNextActionFilterAsync>g__Awaited|10_0(ControllerActionInvoker invoker, Task lastTask, State next, Scope scope, Object state, Boolean isCompleted)
   at Microsoft.AspNetCore.Mvc.Infrastructure.ControllerActionInvoker.Rethrow(ActionExecutedContextSealed context)
   at Microsoft.AspNetCore.Mvc.Infrastructure.ControllerActionInvoker.Next(State& next, Scope& scope, Object& state, Boolean& isCompleted)
   at Microsoft.AspNetCore.Mvc.Infrastructure.ControllerActionInvoker.<InvokeInnerFilterAsync>g__Awaited|13_0(ControllerActionInvoker invoker, Task lastTask, State next, Scope scope, Object state, Boolean isCompleted)
   at Microsoft.AspNetCore.Mvc.Infrastructure.ResourceInvoker.<InvokeFilterPipelineAsync>g__Awaited|20_0(ResourceInvoker invoker, Task lastTask, State next, Scope scope, Object state, Boolean isCompleted)
   at Microsoft.AspNetCore.Mvc.Infrastructure.ResourceInvoker.<InvokeAsync>g__Awaited|17_0(ResourceInvoker invoker, Task task, IDisposable scope)
   at Microsoft.AspNetCore.Mvc.Infrastructure.ResourceInvoker.<InvokeAsync>g__Awaited|17_0(ResourceInvoker invoker, Task task, IDisposable scope)
   at Microsoft.AspNetCore.Authorization.AuthorizationMiddleware.Invoke(HttpContext context)
   at Microsoft.AspNetCore.Authentication.AuthenticationMiddleware.Invoke(HttpContext context)
   at Serilog.AspNetCore.RequestLoggingMiddleware.Invoke(HttpContext httpContext)
   at Swashbuckle.AspNetCore.SwaggerUI.SwaggerUIMiddleware.Invoke(HttpContext httpContext)
   at Swashbuckle.AspNetCore.Swagger.SwaggerMiddleware.Invoke(HttpContext httpContext, ISwaggerProvider swaggerProvider)
   at WMS.API.Middleware.GlobalExceptionMiddleware.InvokeAsync(HttpContext context) in C:\Users\Hardik\Desktop\WMS-Solution\src\WMS.API\Middleware\GlobalExceptionMiddleware.cs:line 26
2026-06-14 14:56:29.377 +05:30 [INF] HTTP OPTIONS /api/v1/attendance/employee/7/monthly responded 204 in 5.1807 ms
2026-06-14 14:56:29.475 +05:30 [INF] WMS Request: GetMonthlyAttendanceQuery {"EmployeeId":7,"Year":2026,"Month":6,"$type":"GetMonthlyAttendanceQuery"}
2026-06-14 14:56:29.994 +05:30 [INF] WMS Response: GetMonthlyAttendanceQuery [{"AttendanceId":10,"EmpId":7,"EmployeeName":null,"CheckIn":"2026-06-14T09:14:57.2662680","CheckOut":"2026-06-14T09:15:01.9330555","TotalHours":0,"WorkMode":"WFO","AttendanceDate":"2026-06-14T00:00:00.0000000","Status":"Complete","$type":"AttendanceDto"}]
2026-06-14 14:56:30.026 +05:30 [INF] HTTP GET /api/v1/attendance/employee/7/monthly responded 200 in 609.7753 ms
2026-06-14 14:58:47.000 +05:30 [WRN] As of ""2026-06-14T09:28:44.0304949+00:00"", the heartbeat has been running for ""00:00:02.7067484"" which is longer than ""00:00:01"". This could be caused by thread pool starvation.
2026-06-14 14:58:52.622 +05:30 [INF] HTTP OPTIONS /api/v1/attendance/employee/7/monthly responded 204 in 7.0846 ms
2026-06-14 14:58:52.908 +05:30 [INF] WMS Request: GetMonthlyAttendanceQuery {"EmployeeId":7,"Year":2026,"Month":6,"$type":"GetMonthlyAttendanceQuery"}
2026-06-14 14:58:53.090 +05:30 [INF] WMS Response: GetMonthlyAttendanceQuery []
2026-06-14 14:58:53.098 +05:30 [INF] HTTP GET /api/v1/attendance/employee/7/monthly responded 200 in 391.2150 ms
2026-06-14 14:59:02.312 +05:30 [INF] HTTP OPTIONS /api/v1/attendance/employee/7/monthly responded 204 in 0.0352 ms
2026-06-14 14:59:02.325 +05:30 [INF] WMS Request: GetMonthlyAttendanceQuery {"EmployeeId":7,"Year":2026,"Month":6,"$type":"GetMonthlyAttendanceQuery"}
2026-06-14 14:59:02.342 +05:30 [INF] WMS Response: GetMonthlyAttendanceQuery []
2026-06-14 14:59:02.344 +05:30 [INF] HTTP GET /api/v1/attendance/employee/7/monthly responded 200 in 27.6540 ms
2026-06-14 14:59:04.749 +05:30 [INF] HTTP OPTIONS /api/v1/auth/logout responded 204 in 0.6328 ms
2026-06-14 14:59:04.763 +05:30 [INF] WMS Request: LogoutCommand {"Username":"pulkit","$type":"LogoutCommand"}
2026-06-14 14:59:04.880 +05:30 [INF] WMS Response: LogoutCommand {"$type":"Unit"}
2026-06-14 14:59:04.882 +05:30 [INF] HTTP POST /api/v1/auth/logout responded 200 in 129.7498 ms
2026-06-14 14:59:14.271 +05:30 [INF] HTTP OPTIONS /api/v1/auth/login responded 204 in 0.0814 ms
2026-06-14 14:59:14.304 +05:30 [INF] WMS Request: LoginCommand {"Username":"pulkit","Password":"Pulkit@123","$type":"LoginCommand"}
2026-06-14 14:59:14.837 +05:30 [WRN] WMS Long Running Request: LoginCommand (520ms) {"Username":"pulkit","Password":"Pulkit@123","$type":"LoginCommand"}
2026-06-14 14:59:14.843 +05:30 [INF] WMS Response: LoginCommand {"AccessToken":"eyJhbGciOiJIUzI1NiIsInR5cCI6IkpXVCJ9.eyJzdWIiOiI3IiwidW5pcXVlX25hbWUiOiJwdWxraXQiLCJodHRwOi8vc2NoZW1hcy5taWNyb3NvZnQuY29tL3dzLzIwMDgvMDYvaWRlbnRpdHkvY2xhaW1zL3JvbGUiOiJFbXBsb3llZSIsImVtcGxveWVlSWQiOiI3IiwianRpIjoiZDZjNDczNDAtY2QzZC00NjBhLTkxZWMtNTlhMTcxMGVmYThlIiwiZXhwIjoxNzgxNDMyOTU0LCJpc3MiOiJXTVMuQVBJIiwiYXVkIjoiV01TLkNsaWVudCJ9.Vp4i4cFdUeF8mc8i6R8VNImtIa9sWL_N7a8OeNkSM0A","RefreshToken":"uYGdJKCZZOFb2UUZI6JQQD51iwrwy6iXofMeZaLWI+qFzOpr5cGMrzdD+JR95ZQyy6gZbsU950HATWmn1ZbIkA==","ExpiresAt":"2026-06-14T10:29:14.8363725Z","Username":"pulkit","Role":"Employee","EmployeeId":7,"$type":"LoginResponse"}
2026-06-14 14:59:14.853 +05:30 [INF] HTTP POST /api/v1/auth/login responded 200 in 575.0788 ms
2026-06-14 14:59:22.713 +05:30 [INF] HTTP OPTIONS /api/v1/attendance/employee/7/monthly responded 204 in 0.0862 ms
2026-06-14 14:59:22.720 +05:30 [INF] WMS Request: GetMonthlyAttendanceQuery {"EmployeeId":7,"Year":2026,"Month":6,"$type":"GetMonthlyAttendanceQuery"}
2026-06-14 14:59:22.736 +05:30 [INF] WMS Response: GetMonthlyAttendanceQuery []
2026-06-14 14:59:22.738 +05:30 [INF] HTTP GET /api/v1/attendance/employee/7/monthly responded 200 in 18.2566 ms
2026-06-14 14:59:31.421 +05:30 [INF] HTTP OPTIONS /api/v1/attendance/check-in responded 204 in 0.0233 ms
2026-06-14 14:59:31.429 +05:30 [INF] WMS Request: CheckInCommand {"Dto":{"EmpId":7,"WorkMode":"WFH","$type":"CheckInDto"},"$type":"CheckInCommand"}
2026-06-14 14:59:31.473 +05:30 [INF] WMS Response: CheckInCommand {"AttendanceId":11,"EmpId":7,"EmployeeName":null,"CheckIn":"2026-06-14T09:29:31.4453900Z","CheckOut":null,"TotalHours":null,"WorkMode":"WFH","AttendanceDate":"2026-06-14T00:00:00.0000000Z","Status":"In Progress","$type":"AttendanceDto"}
2026-06-14 14:59:31.481 +05:30 [INF] HTTP POST /api/v1/attendance/check-in responded 200 in 56.0412 ms
2026-06-14 14:59:31.486 +05:30 [INF] HTTP OPTIONS /api/v1/attendance/employee/7/monthly responded 204 in 0.0209 ms
2026-06-14 14:59:31.490 +05:30 [INF] WMS Request: GetMonthlyAttendanceQuery {"EmployeeId":7,"Year":2026,"Month":6,"$type":"GetMonthlyAttendanceQuery"}
2026-06-14 14:59:31.496 +05:30 [INF] WMS Response: GetMonthlyAttendanceQuery [{"AttendanceId":11,"EmpId":7,"EmployeeName":null,"CheckIn":"2026-06-14T09:29:31.4453900","CheckOut":null,"TotalHours":null,"WorkMode":"WFH","AttendanceDate":"2026-06-14T00:00:00.0000000","Status":"In Progress","$type":"AttendanceDto"}]
2026-06-14 14:59:31.504 +05:30 [INF] HTTP GET /api/v1/attendance/employee/7/monthly responded 200 in 15.3726 ms
2026-06-14 14:59:42.404 +05:30 [INF] HTTP OPTIONS /api/v1/attendance/check-out responded 204 in 0.0449 ms
2026-06-14 14:59:42.418 +05:30 [INF] WMS Request: CheckOutCommand {"Dto":{"EmpId":7,"$type":"CheckOutDto"},"$type":"CheckOutCommand"}
2026-06-14 14:59:42.459 +05:30 [INF] WMS Response: CheckOutCommand {"AttendanceId":11,"EmpId":7,"EmployeeName":null,"CheckIn":"2026-06-14T09:29:31.4453900","CheckOut":"2026-06-14T09:29:42.4411016Z","TotalHours":0,"WorkMode":"WFH","AttendanceDate":"2026-06-14T00:00:00.0000000","Status":"Complete","$type":"AttendanceDto"}
2026-06-14 14:59:42.469 +05:30 [INF] HTTP POST /api/v1/attendance/check-out responded 200 in 57.0470 ms
2026-06-14 14:59:42.475 +05:30 [INF] HTTP OPTIONS /api/v1/attendance/employee/7/monthly responded 204 in 0.0235 ms
2026-06-14 14:59:42.480 +05:30 [INF] WMS Request: GetMonthlyAttendanceQuery {"EmployeeId":7,"Year":2026,"Month":6,"$type":"GetMonthlyAttendanceQuery"}
2026-06-14 14:59:42.491 +05:30 [INF] WMS Response: GetMonthlyAttendanceQuery [{"AttendanceId":11,"EmpId":7,"EmployeeName":null,"CheckIn":"2026-06-14T09:29:31.4453900","CheckOut":"2026-06-14T09:29:42.4411016","TotalHours":0,"WorkMode":"WFH","AttendanceDate":"2026-06-14T00:00:00.0000000","Status":"Complete","$type":"AttendanceDto"}]
2026-06-14 14:59:42.502 +05:30 [INF] HTTP GET /api/v1/attendance/employee/7/monthly responded 200 in 22.9144 ms
2026-06-14 14:59:45.710 +05:30 [INF] HTTP OPTIONS /api/v1/attendance/check-in responded 204 in 0.0223 ms
2026-06-14 14:59:45.718 +05:30 [INF] WMS Request: CheckInCommand {"Dto":{"EmpId":7,"WorkMode":"WFH","$type":"CheckInDto"},"$type":"CheckInCommand"}
2026-06-14 14:59:45.735 +05:30 [ERR] HTTP POST /api/v1/attendance/check-in responded 500 in 17.4493 ms
WMS.Application.Common.Exceptions.ConflictException: Employee has already checked in today.
   at WMS.Application.Features.Attendance.Commands.CheckInCommandHandler.Handle(CheckInCommand request, CancellationToken ct) in C:\Users\Hardik\Desktop\WMS-Solution\src\WMS.Application\Features\Attendance\Commands\CheckInCommand.cs:line 25
   at WMS.Application.Common.Behaviours.PerformanceBehaviour`2.Handle(TRequest request, RequestHandlerDelegate`1 next, CancellationToken ct) in C:\Users\Hardik\Desktop\WMS-Solution\src\WMS.Application\Common\Behaviours\PerformanceBehaviour.cs:line 22
   at WMS.Application.Common.Behaviours.ValidationBehaviour`2.Handle(TRequest request, RequestHandlerDelegate`1 next, CancellationToken ct) in C:\Users\Hardik\Desktop\WMS-Solution\src\WMS.Application\Common\Behaviours\ValidationBehaviour.cs:line 20
   at WMS.Application.Common.Behaviours.LoggingBehaviour`2.Handle(TRequest request, RequestHandlerDelegate`1 next, CancellationToken ct) in C:\Users\Hardik\Desktop\WMS-Solution\src\WMS.Application\Common\Behaviours\LoggingBehaviour.cs:line 22
   at WMS.API.Controllers.v1.AttendanceController.CheckIn(CheckInDto dto, CancellationToken ct) in C:\Users\Hardik\Desktop\WMS-Solution\src\WMS.API\Controllers\v1\AttendanceController.cs:line 25
   at Microsoft.AspNetCore.Mvc.Infrastructure.ActionMethodExecutor.TaskOfIActionResultExecutor.Execute(ActionContext actionContext, IActionResultTypeMapper mapper, ObjectMethodExecutor executor, Object controller, Object[] arguments)
   at Microsoft.AspNetCore.Mvc.Infrastructure.ControllerActionInvoker.<InvokeActionMethodAsync>g__Awaited|12_0(ControllerActionInvoker invoker, ValueTask`1 actionResultValueTask)
   at Microsoft.AspNetCore.Mvc.Infrastructure.ControllerActionInvoker.<InvokeNextActionFilterAsync>g__Awaited|10_0(ControllerActionInvoker invoker, Task lastTask, State next, Scope scope, Object state, Boolean isCompleted)
   at Microsoft.AspNetCore.Mvc.Infrastructure.ControllerActionInvoker.Rethrow(ActionExecutedContextSealed context)
   at Microsoft.AspNetCore.Mvc.Infrastructure.ControllerActionInvoker.Next(State& next, Scope& scope, Object& state, Boolean& isCompleted)
   at Microsoft.AspNetCore.Mvc.Infrastructure.ControllerActionInvoker.<InvokeInnerFilterAsync>g__Awaited|13_0(ControllerActionInvoker invoker, Task lastTask, State next, Scope scope, Object state, Boolean isCompleted)
   at Microsoft.AspNetCore.Mvc.Infrastructure.ResourceInvoker.<InvokeFilterPipelineAsync>g__Awaited|20_0(ResourceInvoker invoker, Task lastTask, State next, Scope scope, Object state, Boolean isCompleted)
   at Microsoft.AspNetCore.Mvc.Infrastructure.ResourceInvoker.<InvokeAsync>g__Awaited|17_0(ResourceInvoker invoker, Task task, IDisposable scope)
   at Microsoft.AspNetCore.Mvc.Infrastructure.ResourceInvoker.<InvokeAsync>g__Awaited|17_0(ResourceInvoker invoker, Task task, IDisposable scope)
   at Microsoft.AspNetCore.Authorization.AuthorizationMiddleware.Invoke(HttpContext context)
   at Microsoft.AspNetCore.Authentication.AuthenticationMiddleware.Invoke(HttpContext context)
   at Serilog.AspNetCore.RequestLoggingMiddleware.Invoke(HttpContext httpContext)
2026-06-14 14:59:45.765 +05:30 [ERR] An unhandled exception occurred: Employee has already checked in today.
WMS.Application.Common.Exceptions.ConflictException: Employee has already checked in today.
   at WMS.Application.Features.Attendance.Commands.CheckInCommandHandler.Handle(CheckInCommand request, CancellationToken ct) in C:\Users\Hardik\Desktop\WMS-Solution\src\WMS.Application\Features\Attendance\Commands\CheckInCommand.cs:line 25
   at WMS.Application.Common.Behaviours.PerformanceBehaviour`2.Handle(TRequest request, RequestHandlerDelegate`1 next, CancellationToken ct) in C:\Users\Hardik\Desktop\WMS-Solution\src\WMS.Application\Common\Behaviours\PerformanceBehaviour.cs:line 22
   at WMS.Application.Common.Behaviours.ValidationBehaviour`2.Handle(TRequest request, RequestHandlerDelegate`1 next, CancellationToken ct) in C:\Users\Hardik\Desktop\WMS-Solution\src\WMS.Application\Common\Behaviours\ValidationBehaviour.cs:line 20
   at WMS.Application.Common.Behaviours.LoggingBehaviour`2.Handle(TRequest request, RequestHandlerDelegate`1 next, CancellationToken ct) in C:\Users\Hardik\Desktop\WMS-Solution\src\WMS.Application\Common\Behaviours\LoggingBehaviour.cs:line 22
   at WMS.API.Controllers.v1.AttendanceController.CheckIn(CheckInDto dto, CancellationToken ct) in C:\Users\Hardik\Desktop\WMS-Solution\src\WMS.API\Controllers\v1\AttendanceController.cs:line 25
   at Microsoft.AspNetCore.Mvc.Infrastructure.ActionMethodExecutor.TaskOfIActionResultExecutor.Execute(ActionContext actionContext, IActionResultTypeMapper mapper, ObjectMethodExecutor executor, Object controller, Object[] arguments)
   at Microsoft.AspNetCore.Mvc.Infrastructure.ControllerActionInvoker.<InvokeActionMethodAsync>g__Awaited|12_0(ControllerActionInvoker invoker, ValueTask`1 actionResultValueTask)
   at Microsoft.AspNetCore.Mvc.Infrastructure.ControllerActionInvoker.<InvokeNextActionFilterAsync>g__Awaited|10_0(ControllerActionInvoker invoker, Task lastTask, State next, Scope scope, Object state, Boolean isCompleted)
   at Microsoft.AspNetCore.Mvc.Infrastructure.ControllerActionInvoker.Rethrow(ActionExecutedContextSealed context)
   at Microsoft.AspNetCore.Mvc.Infrastructure.ControllerActionInvoker.Next(State& next, Scope& scope, Object& state, Boolean& isCompleted)
   at Microsoft.AspNetCore.Mvc.Infrastructure.ControllerActionInvoker.<InvokeInnerFilterAsync>g__Awaited|13_0(ControllerActionInvoker invoker, Task lastTask, State next, Scope scope, Object state, Boolean isCompleted)
   at Microsoft.AspNetCore.Mvc.Infrastructure.ResourceInvoker.<InvokeFilterPipelineAsync>g__Awaited|20_0(ResourceInvoker invoker, Task lastTask, State next, Scope scope, Object state, Boolean isCompleted)
   at Microsoft.AspNetCore.Mvc.Infrastructure.ResourceInvoker.<InvokeAsync>g__Awaited|17_0(ResourceInvoker invoker, Task task, IDisposable scope)
   at Microsoft.AspNetCore.Mvc.Infrastructure.ResourceInvoker.<InvokeAsync>g__Awaited|17_0(ResourceInvoker invoker, Task task, IDisposable scope)
   at Microsoft.AspNetCore.Authorization.AuthorizationMiddleware.Invoke(HttpContext context)
   at Microsoft.AspNetCore.Authentication.AuthenticationMiddleware.Invoke(HttpContext context)
   at Serilog.AspNetCore.RequestLoggingMiddleware.Invoke(HttpContext httpContext)
   at Swashbuckle.AspNetCore.SwaggerUI.SwaggerUIMiddleware.Invoke(HttpContext httpContext)
   at Swashbuckle.AspNetCore.Swagger.SwaggerMiddleware.Invoke(HttpContext httpContext, ISwaggerProvider swaggerProvider)
   at WMS.API.Middleware.GlobalExceptionMiddleware.InvokeAsync(HttpContext context) in C:\Users\Hardik\Desktop\WMS-Solution\src\WMS.API\Middleware\GlobalExceptionMiddleware.cs:line 26
2026-06-14 15:00:35.398 +05:30 [INF] HTTP OPTIONS /api/v1/attendance/employee/7/monthly responded 204 in 0.0843 ms
2026-06-14 15:00:35.404 +05:30 [INF] WMS Request: GetMonthlyAttendanceQuery {"EmployeeId":7,"Year":2026,"Month":6,"$type":"GetMonthlyAttendanceQuery"}
2026-06-14 15:00:35.420 +05:30 [INF] WMS Response: GetMonthlyAttendanceQuery [{"AttendanceId":11,"EmpId":7,"EmployeeName":null,"CheckIn":"2026-06-14T09:29:31.4453900","CheckOut":"2026-06-14T09:29:42.4411016","TotalHours":0,"WorkMode":"WFH","AttendanceDate":"2026-06-14T00:00:00.0000000","Status":"Complete","$type":"AttendanceDto"}]
2026-06-14 15:00:35.433 +05:30 [INF] HTTP GET /api/v1/attendance/employee/7/monthly responded 200 in 29.3416 ms
2026-06-14 15:00:40.042 +05:30 [INF] HTTP OPTIONS /api/v1/auth/logout responded 204 in 0.0767 ms
2026-06-14 15:00:40.046 +05:30 [INF] WMS Request: LogoutCommand {"Username":"pulkit","$type":"LogoutCommand"}
2026-06-14 15:00:40.090 +05:30 [INF] WMS Response: LogoutCommand {"$type":"Unit"}
2026-06-14 15:00:40.093 +05:30 [INF] HTTP POST /api/v1/auth/logout responded 200 in 47.6262 ms
2026-06-14 15:00:48.412 +05:30 [INF] HTTP OPTIONS /api/v1/auth/login responded 204 in 0.0322 ms
2026-06-14 15:00:48.421 +05:30 [INF] WMS Request: LoginCommand {"Username":"admin","Password":"Admin@123","$type":"LoginCommand"}
2026-06-14 15:00:48.655 +05:30 [INF] WMS Response: LoginCommand {"AccessToken":"eyJhbGciOiJIUzI1NiIsInR5cCI6IkpXVCJ9.eyJzdWIiOiIxIiwidW5pcXVlX25hbWUiOiJhZG1pbiIsImh0dHA6Ly9zY2hlbWFzLm1pY3Jvc29mdC5jb20vd3MvMjAwOC8wNi9pZGVudGl0eS9jbGFpbXMvcm9sZSI6IkFkbWluIiwiZW1wbG95ZWVJZCI6IjYiLCJqdGkiOiI4OTFmZDc5Ni00NzNiLTRjNjktYjIxZC02MmFjMzMwMGNlMzAiLCJleHAiOjE3ODE0MzMwNDgsImlzcyI6IldNUy5BUEkiLCJhdWQiOiJXTVMuQ2xpZW50In0.II4AmVlAmZHmdahZpOBxoPeIr12PlEbq4dxO_f-Q3LA","RefreshToken":"6FZuQ6U22UsCSiynrMZxgkeaPZI3NSqXlQEUkTJ+fK7p1s5T88ejkTPgjvO/HZaTl2HomYIO9OtqNCmOY3QhUA==","ExpiresAt":"2026-06-14T10:30:48.6550031Z","Username":"admin","Role":"Admin","EmployeeId":6,"$type":"LoginResponse"}
2026-06-14 15:00:48.666 +05:30 [INF] HTTP POST /api/v1/auth/login responded 200 in 248.6734 ms
2026-06-14 15:00:48.756 +05:30 [INF] HTTP OPTIONS /api/v1/dashboard/summary responded 204 in 0.0302 ms
2026-06-14 15:00:48.769 +05:30 [INF] WMS Request: GetDashboardSummaryQuery {"$type":"GetDashboardSummaryQuery"}
2026-06-14 15:00:49.012 +05:30 [INF] WMS Response: GetDashboardSummaryQuery {"TotalEmployees":7,"ActiveEmployees":5,"TotalDepartments":4,"TotalProjects":4,"ActiveProjects":3,"TotalClients":4,"TodayAttendanceCount":1,"PendingLeaves":1,"AttendanceTrend":[{"Date":"Jun 08","Present":1,"Absent":0,"WFH":1,"WFO":0,"$type":"AttendanceTrendDto"},{"Date":"Jun 09","Present":1,"Absent":0,"WFH":0,"WFO":1,"$type":"AttendanceTrendDto"},{"Date":"Jun 10","Present":1,"Absent":0,"WFH":1,"WFO":0,"$type":"AttendanceTrendDto"},{"Date":"Jun 11","Present":1,"Absent":0,"WFH":0,"WFO":1,"$type":"AttendanceTrendDto"},{"Date":"Jun 12","Present":1,"Absent":0,"WFH":1,"WFO":0,"$type":"AttendanceTrendDto"},{"Date":"Jun 13","Present":3,"Absent":0,"WFH":1,"WFO":2,"$type":"AttendanceTrendDto"},{"Date":"Jun 14","Present":1,"Absent":0,"WFH":1,"WFO":0,"$type":"AttendanceTrendDto"}],"LeaveTrend":[{"Month":"2/2026","Approved":1,"Pending":0,"Rejected":0,"$type":"LeaveTrendDto"},{"Month":"3/2026","Approved":0,"Pending":0,"Rejected":1,"$type":"LeaveTrendDto"},{"Month":"4/2026","Approved":0,"Pending":0,"Rejected":1,"$type":"LeaveTrendDto"},{"Month":"5/2026","Approved":1,"Pending":0,"Rejected":0,"$type":"LeaveTrendDto"},{"Month":"6/2026","Approved":4,"Pending":1,"Rejected":2,"$type":"LeaveTrendDto"}],"DepartmentDistribution":[{"DepartmentName":"Operations","EmployeeCount":2,"$type":"DepartmentDistributionDto"},{"DepartmentName":"AI-DS","EmployeeCount":1,"$type":"DepartmentDistributionDto"},{"DepartmentName":"HR","EmployeeCount":1,"$type":"DepartmentDistributionDto"},{"DepartmentName":"Finance","EmployeeCount":1,"$type":"DepartmentDistributionDto"}],"ProjectStatusDistribution":[{"Status":"Active","Count":3,"$type":"ProjectStatusDto"},{"Status":"Completed","Count":1,"$type":"ProjectStatusDto"}],"RecentAnnouncements":[{"AnnouncementId":3,"Title":"Meeting","Message":"Monthly review meeting","CreatedBy":0,"CreatedByName":"Hardik Patel","CreatedOn":"2026-06-13T02:26:06.7300000","IsActive":true,"$type":"AnnouncementDto"},{"AnnouncementId":4,"Title":"Policy Update","Message":"New HR policy released","CreatedBy":0,"CreatedByName":"Hardik Patel","CreatedOn":"2026-06-13T02:26:06.7300000","IsActive":true,"$type":"AnnouncementDto"},{"AnnouncementId":5,"Title":"Training","Message":"AI training scheduled","CreatedBy":0,"CreatedByName":"Hardik Patel","CreatedOn":"2026-06-13T02:26:06.7300000","IsActive":true,"$type":"AnnouncementDto"}],"$type":"DashboardSummaryDto"}
2026-06-14 15:00:49.148 +05:30 [INF] HTTP GET /api/v1/dashboard/summary responded 200 in 385.7322 ms
2026-06-14 15:00:51.515 +05:30 [INF] HTTP OPTIONS /api/v1/attendance/today responded 204 in 0.0285 ms
2026-06-14 15:00:51.524 +05:30 [INF] HTTP OPTIONS /api/v1/employees responded 204 in 0.0208 ms
2026-06-14 15:00:51.526 +05:30 [INF] WMS Request: GetTodayAttendanceQuery {"$type":"GetTodayAttendanceQuery"}
2026-06-14 15:00:51.536 +05:30 [INF] WMS Request: GetEmployeesQuery {"Search":null,"DepartmentId":null,"RoleId":null,"Status":null,"PageNumber":1,"PageSize":500,"$type":"GetEmployeesQuery"}
2026-06-14 15:00:51.570 +05:30 [INF] WMS Response: GetTodayAttendanceQuery [{"AttendanceId":11,"EmpId":7,"EmployeeName":"pulkit jain","CheckIn":"2026-06-14T09:29:31.4453900","CheckOut":"2026-06-14T09:29:42.4411016","TotalHours":0,"WorkMode":"WFH","AttendanceDate":"2026-06-14T00:00:00.0000000","Status":"Complete","$type":"AttendanceDto"}]
2026-06-14 15:00:51.586 +05:30 [INF] HTTP GET /api/v1/attendance/today responded 200 in 62.6797 ms
2026-06-14 15:00:51.657 +05:30 [INF] WMS Response: GetEmployeesQuery {"Items":[{"EmployeeId":4,"FirstName":"aditya","LastName":"batwara","FullName":"aditya batwara","Email":"aditya21@gmail.com","PhoneNumber":"7414040730","Gender":"Male","DOB":"2004-02-21T00:00:00.0000000","DOJ":"2026-04-07T00:00:00.0000000","DepartmentId":5,"DepartmentName":"AI-DS","RoleId":3,"RoleName":"Employee","Status":"Inactive","CreatedOn":"2026-06-12T23:12:11.5907684","UpdatedOn":"2026-06-13T12:36:11.3585878","$type":"EmployeeDto"},{"EmployeeId":1,"FirstName":"Hardik","LastName":"Patel","FullName":"Hardik Patel","Email":"hardik@test.com","PhoneNumber":"7737131410","Gender":"Male","DOB":"2004-06-21T00:00:00.0000000","DOJ":"2026-06-08T00:00:00.0000000","DepartmentId":1,"DepartmentName":"HR","RoleId":2,"RoleName":"Manager","Status":"Inactive","CreatedOn":"2026-06-11T15:03:58.6936554","UpdatedOn":"2026-06-13T23:49:09.2801027","$type":"EmployeeDto"},{"EmployeeId":3,"FirstName":"hardik","LastName":"maloo","FullName":"hardik maloo","Email":"hardikmaloo21@gmail.com","PhoneNumber":"8107663009","Gender":"Male","DOB":"2004-06-21T00:00:00.0000000","DOJ":"2026-06-04T00:00:00.0000000","DepartmentId":5,"DepartmentName":"AI-DS","RoleId":3,"RoleName":"Employee","Status":"Active","CreatedOn":"2026-06-12T23:10:13.1851457","UpdatedOn":null,"$type":"EmployeeDto"},{"EmployeeId":2,"FirstName":"harsh","LastName":"rathore","FullName":"harsh rathore","Email":"harsh@gmail.com","PhoneNumber":"7976681235","Gender":"Male","DOB":"2005-07-03T00:00:00.0000000","DOJ":"2026-06-12T00:00:00.0000000","DepartmentId":3,"DepartmentName":"Finance","RoleId":1,"RoleName":"Admin","Status":"Active","CreatedOn":"2026-06-12T21:25:47.5693795","UpdatedOn":"2026-06-12T23:08:27.1985056","$type":"EmployeeDto"},{"EmployeeId":5,"FirstName":"lakshya","LastName":"sharma","FullName":"lakshya sharma","Email":"lakshya@gmail.com","PhoneNumber":"8946456765","Gender":"Male","DOB":"2005-03-14T00:00:00.0000000","DOJ":"2026-04-08T00:00:00.0000000","DepartmentId":4,"DepartmentName":"Operations","RoleId":3,"RoleName":"Employee","Status":"Active","CreatedOn":"2026-06-13T08:09:44.8928080","UpdatedOn":null,"$type":"EmployeeDto"},{"EmployeeId":7,"FirstName":"pulkit","LastName":"jain","FullName":"pulkit jain","Email":"pulkitjain@gmail.com","PhoneNumber":"7894561230","Gender":"Male","DOB":"2004-04-14T00:00:00.0000000","DOJ":"2026-06-14T00:00:00.0000000","DepartmentId":4,"DepartmentName":"Operations","RoleId":3,"RoleName":"Employee","Status":"Active","CreatedOn":"2026-06-14T06:41:11.1355668","UpdatedOn":null,"$type":"EmployeeDto"},{"EmployeeId":6,"FirstName":"System","LastName":"Admin","FullName":"System Admin","Email":"admin@wms.com","PhoneNumber":"9999999999","Gender":"Male","DOB":"1990-01-01T00:00:00.0000000","DOJ":"2026-06-13T19:06:47.4733333","DepartmentId":1,"DepartmentName":"HR","RoleId":1,"RoleName":"Admin","Status":"Active","CreatedOn":"2026-06-13T19:06:47.4733333","UpdatedOn":null,"$type":"EmployeeDto"}],"TotalCount":7,"PageNumber":1,"PageSize":500,"TotalPages":1,"HasPreviousPage":false,"HasNextPage":false,"$type":"PagedResult`1"}
2026-06-14 15:00:51.781 +05:30 [INF] HTTP GET /api/v1/employees responded 200 in 249.1891 ms
2026-06-14 15:05:29.903 +05:30 [INF] HTTP OPTIONS /api/v1/auth/logout responded 204 in 4.0737 ms
2026-06-14 15:05:29.947 +05:30 [INF] WMS Request: LogoutCommand {"Username":"admin","$type":"LogoutCommand"}
2026-06-14 15:05:30.231 +05:30 [INF] WMS Response: LogoutCommand {"$type":"Unit"}
2026-06-14 15:05:30.234 +05:30 [INF] HTTP POST /api/v1/auth/logout responded 200 in 315.9473 ms
2026-06-14 15:05:42.663 +05:30 [INF] HTTP OPTIONS /api/v1/auth/login responded 204 in 0.0357 ms
2026-06-14 15:05:42.691 +05:30 [INF] WMS Request: LoginCommand {"Username":"pulkit","Password":"Pulkit@123","$type":"LoginCommand"}
2026-06-14 15:05:43.209 +05:30 [WRN] WMS Long Running Request: LoginCommand (506ms) {"Username":"pulkit","Password":"Pulkit@123","$type":"LoginCommand"}
2026-06-14 15:05:43.215 +05:30 [INF] WMS Response: LoginCommand {"AccessToken":"eyJhbGciOiJIUzI1NiIsInR5cCI6IkpXVCJ9.eyJzdWIiOiI3IiwidW5pcXVlX25hbWUiOiJwdWxraXQiLCJodHRwOi8vc2NoZW1hcy5taWNyb3NvZnQuY29tL3dzLzIwMDgvMDYvaWRlbnRpdHkvY2xhaW1zL3JvbGUiOiJFbXBsb3llZSIsImVtcGxveWVlSWQiOiI3IiwianRpIjoiYzc3OTNmZGYtMTQ4OC00OGEzLWJiMGQtM2VmZjM0MzYwZjE1IiwiZXhwIjoxNzgxNDMzMzQzLCJpc3MiOiJXTVMuQVBJIiwiYXVkIjoiV01TLkNsaWVudCJ9.YDkxXUvCuTxTSX88ZA-Sa1ET0nkO9cTQzJeZNELUMCw","RefreshToken":"zWdKiWbXRCCieJWHifzlO/s9uZ6LHi6/5suqJOanhs1yv0ZYDVf154MzUXgec4J74q2m6DRrqiLgVXebJBP5aw==","ExpiresAt":"2026-06-14T10:35:43.2072229Z","Username":"pulkit","Role":"Employee","EmployeeId":7,"$type":"LoginResponse"}
2026-06-14 15:05:43.224 +05:30 [INF] HTTP POST /api/v1/auth/login responded 200 in 557.9514 ms
2026-06-14 15:05:46.909 +05:30 [INF] HTTP OPTIONS /api/v1/attendance/employee/7/monthly responded 204 in 0.0604 ms
2026-06-14 15:05:46.921 +05:30 [INF] WMS Request: GetMonthlyAttendanceQuery {"EmployeeId":7,"Year":2026,"Month":6,"$type":"GetMonthlyAttendanceQuery"}
2026-06-14 15:05:46.972 +05:30 [INF] WMS Response: GetMonthlyAttendanceQuery [{"AttendanceId":11,"EmpId":7,"EmployeeName":null,"CheckIn":"2026-06-14T09:29:31.4453900","CheckOut":"2026-06-14T09:29:42.4411016","TotalHours":0,"WorkMode":"WFH","AttendanceDate":"2026-06-14T00:00:00.0000000","Status":"Complete","$type":"AttendanceDto"}]
2026-06-14 15:05:46.986 +05:30 [INF] HTTP GET /api/v1/attendance/employee/7/monthly responded 200 in 69.3004 ms
2026-06-14 15:06:01.455 +05:30 [INF] HTTP OPTIONS /api/v1/auth/logout responded 204 in 0.0351 ms
2026-06-14 15:06:01.458 +05:30 [INF] WMS Request: LogoutCommand {"Username":"pulkit","$type":"LogoutCommand"}
2026-06-14 15:06:01.480 +05:30 [INF] WMS Response: LogoutCommand {"$type":"Unit"}
2026-06-14 15:06:01.485 +05:30 [INF] HTTP POST /api/v1/auth/logout responded 200 in 27.4208 ms
2026-06-14 15:06:06.171 +05:30 [INF] HTTP OPTIONS /api/v1/auth/login responded 204 in 0.0159 ms
2026-06-14 15:06:08.990 +05:30 [INF] WMS Request: LoginCommand {"Username":"harsh","Password":"Harsh@123","$type":"LoginCommand"}
2026-06-14 15:06:11.922 +05:30 [WRN] WMS Long Running Request: LoginCommand (561ms) {"Username":"harsh","Password":"Harsh@123","$type":"LoginCommand"}
2026-06-14 15:06:11.926 +05:30 [INF] WMS Response: LoginCommand {"AccessToken":"eyJhbGciOiJIUzI1NiIsInR5cCI6IkpXVCJ9.eyJzdWIiOiIzIiwidW5pcXVlX25hbWUiOiJoYXJzaCIsImh0dHA6Ly9zY2hlbWFzLm1pY3Jvc29mdC5jb20vd3MvMjAwOC8wNi9pZGVudGl0eS9jbGFpbXMvcm9sZSI6IkFkbWluIiwiZW1wbG95ZWVJZCI6IjIiLCJqdGkiOiI1OWNmOWQ1NC1lMWVkLTQwNjYtODVjMS05YWU3NmViZDdjYTEiLCJleHAiOjE3ODE0MzMzNzEsImlzcyI6IldNUy5BUEkiLCJhdWQiOiJXTVMuQ2xpZW50In0.oAQQ-dd1PuIVkwjFFHA9LnhP8xENXooejR8WqSh8aDQ","RefreshToken":"ivFbhTY9vBoqUSxBioODpeStnr79smh34FSZpGR1wa/9RXDOOfnBqMta0P9GpjacEWEaQf0GatFf4Z9XEapt7w==","ExpiresAt":"2026-06-14T10:36:11.9228052Z","Username":"harsh","Role":"Admin","EmployeeId":2,"$type":"LoginResponse"}
2026-06-14 15:06:11.931 +05:30 [INF] HTTP POST /api/v1/auth/login responded 200 in 5755.2935 ms
2026-06-14 15:06:11.961 +05:30 [INF] HTTP OPTIONS /api/v1/dashboard/summary responded 204 in 0.0294 ms
2026-06-14 15:06:11.969 +05:30 [INF] WMS Request: GetDashboardSummaryQuery {"$type":"GetDashboardSummaryQuery"}
2026-06-14 15:06:12.186 +05:30 [INF] WMS Response: GetDashboardSummaryQuery {"TotalEmployees":7,"ActiveEmployees":5,"TotalDepartments":4,"TotalProjects":4,"ActiveProjects":3,"TotalClients":4,"TodayAttendanceCount":1,"PendingLeaves":1,"AttendanceTrend":[{"Date":"Jun 08","Present":1,"Absent":0,"WFH":1,"WFO":0,"$type":"AttendanceTrendDto"},{"Date":"Jun 09","Present":1,"Absent":0,"WFH":0,"WFO":1,"$type":"AttendanceTrendDto"},{"Date":"Jun 10","Present":1,"Absent":0,"WFH":1,"WFO":0,"$type":"AttendanceTrendDto"},{"Date":"Jun 11","Present":1,"Absent":0,"WFH":0,"WFO":1,"$type":"AttendanceTrendDto"},{"Date":"Jun 12","Present":1,"Absent":0,"WFH":1,"WFO":0,"$type":"AttendanceTrendDto"},{"Date":"Jun 13","Present":3,"Absent":0,"WFH":1,"WFO":2,"$type":"AttendanceTrendDto"},{"Date":"Jun 14","Present":1,"Absent":0,"WFH":1,"WFO":0,"$type":"AttendanceTrendDto"}],"LeaveTrend":[{"Month":"2/2026","Approved":1,"Pending":0,"Rejected":0,"$type":"LeaveTrendDto"},{"Month":"3/2026","Approved":0,"Pending":0,"Rejected":1,"$type":"LeaveTrendDto"},{"Month":"4/2026","Approved":0,"Pending":0,"Rejected":1,"$type":"LeaveTrendDto"},{"Month":"5/2026","Approved":1,"Pending":0,"Rejected":0,"$type":"LeaveTrendDto"},{"Month":"6/2026","Approved":4,"Pending":1,"Rejected":2,"$type":"LeaveTrendDto"}],"DepartmentDistribution":[{"DepartmentName":"Operations","EmployeeCount":2,"$type":"DepartmentDistributionDto"},{"DepartmentName":"AI-DS","EmployeeCount":1,"$type":"DepartmentDistributionDto"},{"DepartmentName":"HR","EmployeeCount":1,"$type":"DepartmentDistributionDto"},{"DepartmentName":"Finance","EmployeeCount":1,"$type":"DepartmentDistributionDto"}],"ProjectStatusDistribution":[{"Status":"Active","Count":3,"$type":"ProjectStatusDto"},{"Status":"Completed","Count":1,"$type":"ProjectStatusDto"}],"RecentAnnouncements":[{"AnnouncementId":3,"Title":"Meeting","Message":"Monthly review meeting","CreatedBy":0,"CreatedByName":"Hardik Patel","CreatedOn":"2026-06-13T02:26:06.7300000","IsActive":true,"$type":"AnnouncementDto"},{"AnnouncementId":4,"Title":"Policy Update","Message":"New HR policy released","CreatedBy":0,"CreatedByName":"Hardik Patel","CreatedOn":"2026-06-13T02:26:06.7300000","IsActive":true,"$type":"AnnouncementDto"},{"AnnouncementId":5,"Title":"Training","Message":"AI training scheduled","CreatedBy":0,"CreatedByName":"Hardik Patel","CreatedOn":"2026-06-13T02:26:06.7300000","IsActive":true,"$type":"AnnouncementDto"}],"$type":"DashboardSummaryDto"}
2026-06-14 15:06:12.290 +05:30 [INF] HTTP GET /api/v1/dashboard/summary responded 200 in 322.3432 ms
2026-06-14 15:06:15.624 +05:30 [INF] HTTP OPTIONS /api/v1/departments responded 204 in 0.0897 ms
2026-06-14 15:06:15.627 +05:30 [INF] HTTP OPTIONS /api/v1/employees responded 204 in 0.0296 ms
2026-06-14 15:06:15.634 +05:30 [INF] WMS Request: GetDepartmentsQuery {"$type":"GetDepartmentsQuery"}
2026-06-14 15:06:15.636 +05:30 [INF] WMS Request: GetEmployeesQuery {"Search":null,"DepartmentId":null,"RoleId":null,"Status":"Active","PageNumber":1,"PageSize":10,"$type":"GetEmployeesQuery"}
2026-06-14 15:06:15.678 +05:30 [INF] WMS Response: GetDepartmentsQuery [{"DepartmentId":1,"DepartmentName":"HR","Description":"Human Resourcesss","EmployeeCount":2,"CreatedOn":"2024-01-01T00:00:00.0000000","$type":"DepartmentDto"},{"DepartmentId":3,"DepartmentName":"Finance","Description":"Finance & Accounts","EmployeeCount":1,"CreatedOn":"2024-01-01T00:00:00.0000000","$type":"DepartmentDto"},{"DepartmentId":4,"DepartmentName":"Operations","Description":"Business Operations","EmployeeCount":2,"CreatedOn":"2024-01-01T00:00:00.0000000","$type":"DepartmentDto"},{"DepartmentId":5,"DepartmentName":"AI-DS","Description":"artificial intelligence and data science","EmployeeCount":2,"CreatedOn":"2026-06-11T15:03:13.6443056","$type":"DepartmentDto"}]
2026-06-14 15:06:15.713 +05:30 [INF] HTTP GET /api/v1/departments responded 200 in 82.3909 ms
2026-06-14 15:06:15.738 +05:30 [INF] WMS Response: GetEmployeesQuery {"Items":[{"EmployeeId":3,"FirstName":"hardik","LastName":"maloo","FullName":"hardik maloo","Email":"hardikmaloo21@gmail.com","PhoneNumber":"8107663009","Gender":"Male","DOB":"2004-06-21T00:00:00.0000000","DOJ":"2026-06-04T00:00:00.0000000","DepartmentId":5,"DepartmentName":"AI-DS","RoleId":3,"RoleName":"Employee","Status":"Active","CreatedOn":"2026-06-12T23:10:13.1851457","UpdatedOn":null,"$type":"EmployeeDto"},{"EmployeeId":2,"FirstName":"harsh","LastName":"rathore","FullName":"harsh rathore","Email":"harsh@gmail.com","PhoneNumber":"7976681235","Gender":"Male","DOB":"2005-07-03T00:00:00.0000000","DOJ":"2026-06-12T00:00:00.0000000","DepartmentId":3,"DepartmentName":"Finance","RoleId":1,"RoleName":"Admin","Status":"Active","CreatedOn":"2026-06-12T21:25:47.5693795","UpdatedOn":"2026-06-12T23:08:27.1985056","$type":"EmployeeDto"},{"EmployeeId":5,"FirstName":"lakshya","LastName":"sharma","FullName":"lakshya sharma","Email":"lakshya@gmail.com","PhoneNumber":"8946456765","Gender":"Male","DOB":"2005-03-14T00:00:00.0000000","DOJ":"2026-04-08T00:00:00.0000000","DepartmentId":4,"DepartmentName":"Operations","RoleId":3,"RoleName":"Employee","Status":"Active","CreatedOn":"2026-06-13T08:09:44.8928080","UpdatedOn":null,"$type":"EmployeeDto"},{"EmployeeId":7,"FirstName":"pulkit","LastName":"jain","FullName":"pulkit jain","Email":"pulkitjain@gmail.com","PhoneNumber":"7894561230","Gender":"Male","DOB":"2004-04-14T00:00:00.0000000","DOJ":"2026-06-14T00:00:00.0000000","DepartmentId":4,"DepartmentName":"Operations","RoleId":3,"RoleName":"Employee","Status":"Active","CreatedOn":"2026-06-14T06:41:11.1355668","UpdatedOn":null,"$type":"EmployeeDto"},{"EmployeeId":6,"FirstName":"System","LastName":"Admin","FullName":"System Admin","Email":"admin@wms.com","PhoneNumber":"9999999999","Gender":"Male","DOB":"1990-01-01T00:00:00.0000000","DOJ":"2026-06-13T19:06:47.4733333","DepartmentId":1,"DepartmentName":"HR","RoleId":1,"RoleName":"Admin","Status":"Active","CreatedOn":"2026-06-13T19:06:47.4733333","UpdatedOn":null,"$type":"EmployeeDto"}],"TotalCount":5,"PageNumber":1,"PageSize":10,"TotalPages":1,"HasPreviousPage":false,"HasNextPage":false,"$type":"PagedResult`1"}
2026-06-14 15:06:15.836 +05:30 [INF] HTTP GET /api/v1/employees responded 200 in 203.1438 ms
2026-06-14 15:06:17.863 +05:30 [INF] HTTP OPTIONS /api/v1/attendance/today responded 204 in 0.0409 ms
2026-06-14 15:06:17.863 +05:30 [INF] HTTP OPTIONS /api/v1/employees responded 204 in 0.0216 ms
2026-06-14 15:06:17.871 +05:30 [INF] WMS Request: GetTodayAttendanceQuery {"$type":"GetTodayAttendanceQuery"}
2026-06-14 15:06:17.879 +05:30 [INF] WMS Request: GetEmployeesQuery {"Search":null,"DepartmentId":null,"RoleId":null,"Status":null,"PageNumber":1,"PageSize":500,"$type":"GetEmployeesQuery"}
2026-06-14 15:06:17.915 +05:30 [INF] WMS Response: GetTodayAttendanceQuery [{"AttendanceId":11,"EmpId":7,"EmployeeName":"pulkit jain","CheckIn":"2026-06-14T09:29:31.4453900","CheckOut":"2026-06-14T09:29:42.4411016","TotalHours":0,"WorkMode":"WFH","AttendanceDate":"2026-06-14T00:00:00.0000000","Status":"Complete","$type":"AttendanceDto"}]
2026-06-14 15:06:17.923 +05:30 [INF] WMS Response: GetEmployeesQuery {"Items":[{"EmployeeId":4,"FirstName":"aditya","LastName":"batwara","FullName":"aditya batwara","Email":"aditya21@gmail.com","PhoneNumber":"7414040730","Gender":"Male","DOB":"2004-02-21T00:00:00.0000000","DOJ":"2026-04-07T00:00:00.0000000","DepartmentId":5,"DepartmentName":"AI-DS","RoleId":3,"RoleName":"Employee","Status":"Inactive","CreatedOn":"2026-06-12T23:12:11.5907684","UpdatedOn":"2026-06-13T12:36:11.3585878","$type":"EmployeeDto"},{"EmployeeId":1,"FirstName":"Hardik","LastName":"Patel","FullName":"Hardik Patel","Email":"hardik@test.com","PhoneNumber":"7737131410","Gender":"Male","DOB":"2004-06-21T00:00:00.0000000","DOJ":"2026-06-08T00:00:00.0000000","DepartmentId":1,"DepartmentName":"HR","RoleId":2,"RoleName":"Manager","Status":"Inactive","CreatedOn":"2026-06-11T15:03:58.6936554","UpdatedOn":"2026-06-13T23:49:09.2801027","$type":"EmployeeDto"},{"EmployeeId":3,"FirstName":"hardik","LastName":"maloo","FullName":"hardik maloo","Email":"hardikmaloo21@gmail.com","PhoneNumber":"8107663009","Gender":"Male","DOB":"2004-06-21T00:00:00.0000000","DOJ":"2026-06-04T00:00:00.0000000","DepartmentId":5,"DepartmentName":"AI-DS","RoleId":3,"RoleName":"Employee","Status":"Active","CreatedOn":"2026-06-12T23:10:13.1851457","UpdatedOn":null,"$type":"EmployeeDto"},{"EmployeeId":2,"FirstName":"harsh","LastName":"rathore","FullName":"harsh rathore","Email":"harsh@gmail.com","PhoneNumber":"7976681235","Gender":"Male","DOB":"2005-07-03T00:00:00.0000000","DOJ":"2026-06-12T00:00:00.0000000","DepartmentId":3,"DepartmentName":"Finance","RoleId":1,"RoleName":"Admin","Status":"Active","CreatedOn":"2026-06-12T21:25:47.5693795","UpdatedOn":"2026-06-12T23:08:27.1985056","$type":"EmployeeDto"},{"EmployeeId":5,"FirstName":"lakshya","LastName":"sharma","FullName":"lakshya sharma","Email":"lakshya@gmail.com","PhoneNumber":"8946456765","Gender":"Male","DOB":"2005-03-14T00:00:00.0000000","DOJ":"2026-04-08T00:00:00.0000000","DepartmentId":4,"DepartmentName":"Operations","RoleId":3,"RoleName":"Employee","Status":"Active","CreatedOn":"2026-06-13T08:09:44.8928080","UpdatedOn":null,"$type":"EmployeeDto"},{"EmployeeId":7,"FirstName":"pulkit","LastName":"jain","FullName":"pulkit jain","Email":"pulkitjain@gmail.com","PhoneNumber":"7894561230","Gender":"Male","DOB":"2004-04-14T00:00:00.0000000","DOJ":"2026-06-14T00:00:00.0000000","DepartmentId":4,"DepartmentName":"Operations","RoleId":3,"RoleName":"Employee","Status":"Active","CreatedOn":"2026-06-14T06:41:11.1355668","UpdatedOn":null,"$type":"EmployeeDto"},{"EmployeeId":6,"FirstName":"System","LastName":"Admin","FullName":"System Admin","Email":"admin@wms.com","PhoneNumber":"9999999999","Gender":"Male","DOB":"1990-01-01T00:00:00.0000000","DOJ":"2026-06-13T19:06:47.4733333","DepartmentId":1,"DepartmentName":"HR","RoleId":1,"RoleName":"Admin","Status":"Active","CreatedOn":"2026-06-13T19:06:47.4733333","UpdatedOn":null,"$type":"EmployeeDto"}],"TotalCount":7,"PageNumber":1,"PageSize":500,"TotalPages":1,"HasPreviousPage":false,"HasNextPage":false,"$type":"PagedResult`1"}
2026-06-14 15:06:17.928 +05:30 [INF] HTTP GET /api/v1/attendance/today responded 200 in 57.5706 ms
2026-06-14 15:06:18.035 +05:30 [INF] HTTP GET /api/v1/employees responded 200 in 162.4446 ms
2026-06-14 15:06:24.225 +05:30 [INF] HTTP OPTIONS /api/v1/leaves/pending responded 204 in 0.0364 ms
2026-06-14 15:06:24.226 +05:30 [INF] HTTP OPTIONS /api/v1/leaves/employee/2 responded 204 in 0.0242 ms
2026-06-14 15:06:24.236 +05:30 [INF] WMS Request: GetPendingLeavesQuery {"$type":"GetPendingLeavesQuery"}
2026-06-14 15:06:24.238 +05:30 [INF] WMS Request: GetLeavesByEmployeeQuery {"EmployeeId":2,"PageNumber":1,"PageSize":10,"$type":"GetLeavesByEmployeeQuery"}
2026-06-14 15:06:26.339 +05:30 [WRN] WMS Long Running Request: GetPendingLeavesQuery (2096ms) {"$type":"GetPendingLeavesQuery"}
2026-06-14 15:06:26.347 +05:30 [INF] WMS Response: GetPendingLeavesQuery [{"LeaveId":12,"EmpId":1,"EmployeeName":"Hardik Patel","LeaveType":"Earned","Reason":"hdtdyuyiuih","FromDate":"2026-07-18T00:00:00.0000000","ToDate":"2026-07-21T00:00:00.0000000","TotalDays":4,"Status":"Pending","AppliedOn":"2026-06-13T18:16:13.0904676","ApprovedBy":null,"ApproverName":null,"ApprovedOn":null,"$type":"LeaveDto"}]
2026-06-14 15:06:26.355 +05:30 [WRN] WMS Long Running Request: GetLeavesByEmployeeQuery (2098ms) {"EmployeeId":2,"PageNumber":1,"PageSize":10,"$type":"GetLeavesByEmployeeQuery"}
2026-06-14 15:06:26.367 +05:30 [INF] HTTP GET /api/v1/leaves/pending responded 200 in 2135.6436 ms
2026-06-14 15:06:26.374 +05:30 [INF] WMS Response: GetLeavesByEmployeeQuery {"Items":[{"LeaveId":9,"EmpId":2,"EmployeeName":"","LeaveType":"Casual","Reason":"i am sick","FromDate":"2026-06-18T13:45:07.3270000","ToDate":"2026-06-20T13:45:07.3270000","TotalDays":3,"Status":"Approved","AppliedOn":"2026-06-13T13:45:50.6688118","ApprovedBy":6,"ApproverName":null,"ApprovedOn":"2026-06-13T13:46:48.9289380","$type":"LeaveDto"}],"TotalCount":1,"PageNumber":1,"PageSize":10,"TotalPages":1,"HasPreviousPage":false,"HasNextPage":false,"$type":"PagedResult`1"}
2026-06-14 15:06:26.394 +05:30 [INF] HTTP GET /api/v1/leaves/employee/2 responded 200 in 2160.6187 ms
2026-06-14 15:06:51.808 +05:30 [INF] HTTP OPTIONS /api/v1/projects responded 204 in 0.0318 ms
2026-06-14 15:06:51.820 +05:30 [INF] WMS Request: GetProjectsQuery {"Search":null,"Status":null,"ClientId":null,"PageNumber":1,"PageSize":10,"$type":"GetProjectsQuery"}
2026-06-14 15:06:51.857 +05:30 [INF] WMS Response: GetProjectsQuery {"Items":[{"ProjectId":7,"ProjectName":"CRM","ClientId":3,"ClientName":"Microsoft","StartDate":"2026-06-13T00:00:00.0000000","EndDate":"2026-06-27T00:00:00.0000000","Status":"Active","AllocatedEmployeeCount":1,"CreatedOn":"2026-06-13T17:02:39.7969376","$type":"ProjectDto"},{"ProjectId":2,"ProjectName":"HR Portal","ClientId":3,"ClientName":"Microsoft","StartDate":"2026-01-01T00:00:00.0000000","EndDate":"2026-12-31T00:00:00.0000000","Status":"Active","AllocatedEmployeeCount":3,"CreatedOn":"2026-06-13T02:30:31.6900000","$type":"ProjectDto"},{"ProjectId":3,"ProjectName":"Employee App","ClientId":6,"ClientName":"Google","StartDate":"2026-02-01T00:00:00.0000000","EndDate":"2026-11-30T00:00:00.0000000","Status":"Active","AllocatedEmployeeCount":1,"CreatedOn":"2026-06-13T02:30:31.6900000","$type":"ProjectDto"},{"ProjectId":4,"ProjectName":"Finance Dashboard","ClientId":7,"ClientName":"string","StartDate":"2026-03-01T00:00:00.0000000","EndDate":"2026-10-31T00:00:00.0000000","Status":"Completed","AllocatedEmployeeCount":1,"CreatedOn":"2026-06-13T02:30:31.6900000","$type":"ProjectDto"}],"TotalCount":4,"PageNumber":1,"PageSize":10,"TotalPages":1,"HasPreviousPage":false,"HasNextPage":false,"$type":"PagedResult`1"}
2026-06-14 15:06:51.907 +05:30 [INF] HTTP GET /api/v1/projects responded 200 in 90.5965 ms
2026-06-14 15:06:52.892 +05:30 [INF] HTTP OPTIONS /api/v1/leaves/employee/2 responded 204 in 0.0297 ms
2026-06-14 15:06:52.903 +05:30 [INF] HTTP OPTIONS /api/v1/leaves/pending responded 204 in 0.0170 ms
2026-06-14 15:06:52.908 +05:30 [INF] WMS Request: GetLeavesByEmployeeQuery {"EmployeeId":2,"PageNumber":1,"PageSize":10,"$type":"GetLeavesByEmployeeQuery"}
2026-06-14 15:06:52.910 +05:30 [INF] WMS Request: GetPendingLeavesQuery {"$type":"GetPendingLeavesQuery"}
2026-06-14 15:06:52.925 +05:30 [INF] WMS Response: GetLeavesByEmployeeQuery {"Items":[{"LeaveId":9,"EmpId":2,"EmployeeName":"","LeaveType":"Casual","Reason":"i am sick","FromDate":"2026-06-18T13:45:07.3270000","ToDate":"2026-06-20T13:45:07.3270000","TotalDays":3,"Status":"Approved","AppliedOn":"2026-06-13T13:45:50.6688118","ApprovedBy":6,"ApproverName":null,"ApprovedOn":"2026-06-13T13:46:48.9289380","$type":"LeaveDto"}],"TotalCount":1,"PageNumber":1,"PageSize":10,"TotalPages":1,"HasPreviousPage":false,"HasNextPage":false,"$type":"PagedResult`1"}
2026-06-14 15:06:52.950 +05:30 [INF] HTTP GET /api/v1/leaves/employee/2 responded 200 in 42.5606 ms
2026-06-14 15:06:52.953 +05:30 [INF] WMS Response: GetPendingLeavesQuery [{"LeaveId":12,"EmpId":1,"EmployeeName":"Hardik Patel","LeaveType":"Earned","Reason":"hdtdyuyiuih","FromDate":"2026-07-18T00:00:00.0000000","ToDate":"2026-07-21T00:00:00.0000000","TotalDays":4,"Status":"Pending","AppliedOn":"2026-06-13T18:16:13.0904676","ApprovedBy":null,"ApproverName":null,"ApprovedOn":null,"$type":"LeaveDto"}]
2026-06-14 15:06:52.965 +05:30 [INF] HTTP GET /api/v1/leaves/pending responded 200 in 55.3619 ms
2026-06-14 15:06:55.990 +05:30 [INF] HTTP OPTIONS /api/v1/auth/logout responded 204 in 0.0309 ms
2026-06-14 15:06:55.993 +05:30 [INF] WMS Request: LogoutCommand {"Username":"harsh","$type":"LogoutCommand"}
2026-06-14 15:06:56.016 +05:30 [INF] WMS Response: LogoutCommand {"$type":"Unit"}
2026-06-14 15:06:56.020 +05:30 [INF] HTTP POST /api/v1/auth/logout responded 200 in 26.6273 ms
2026-06-14 15:07:06.306 +05:30 [INF] HTTP OPTIONS /api/v1/auth/login responded 204 in 0.0200 ms
2026-06-14 15:07:06.312 +05:30 [INF] WMS Request: LoginCommand {"Username":"lakshya","Password":"Lakshya@123","$type":"LoginCommand"}
2026-06-14 15:07:06.768 +05:30 [INF] WMS Response: LoginCommand {"AccessToken":"eyJhbGciOiJIUzI1NiIsInR5cCI6IkpXVCJ9.eyJzdWIiOiI2IiwidW5pcXVlX25hbWUiOiJsYWtzaHlhIiwiaHR0cDovL3NjaGVtYXMubWljcm9zb2Z0LmNvbS93cy8yMDA4LzA2L2lkZW50aXR5L2NsYWltcy9yb2xlIjoiRW1wbG95ZWUiLCJlbXBsb3llZUlkIjoiNSIsImp0aSI6ImY3MzhmYWUyLTQ3NzctNGU3Ni1hOGNlLTk5NTc2Mzk3MTNlMCIsImV4cCI6MTc4MTQzMzQyNiwiaXNzIjoiV01TLkFQSSIsImF1ZCI6IldNUy5DbGllbnQifQ.JnVAdFzYklDIjjEYTq6BPzK84NOHIqqx2dx1TVrdPhQ","RefreshToken":"B7HZSzJ962J1SU7CioMiTgIEOE2Ofos/gTxOVqxDwz9UgddU6UTTUy88/QvI/7BZf6938T+tjWuXhDD4olHL2A==","ExpiresAt":"2026-06-14T10:37:06.7684818Z","Username":"lakshya","Role":"Employee","EmployeeId":5,"$type":"LoginResponse"}
2026-06-14 15:07:06.773 +05:30 [INF] HTTP POST /api/v1/auth/login responded 200 in 462.8127 ms
2026-06-14 15:07:10.677 +05:30 [INF] HTTP OPTIONS /api/v1/attendance/employee/5/monthly responded 204 in 0.0208 ms
2026-06-14 15:07:10.681 +05:30 [INF] WMS Request: GetMonthlyAttendanceQuery {"EmployeeId":5,"Year":2026,"Month":6,"$type":"GetMonthlyAttendanceQuery"}
2026-06-14 15:07:10.693 +05:30 [INF] WMS Response: GetMonthlyAttendanceQuery []
2026-06-14 15:07:10.695 +05:30 [INF] HTTP GET /api/v1/attendance/employee/5/monthly responded 200 in 13.9397 ms
2026-06-14 15:07:15.661 +05:30 [INF] HTTP OPTIONS /api/v1/attendance/check-in responded 204 in 0.0275 ms
2026-06-14 15:07:15.674 +05:30 [INF] WMS Request: CheckInCommand {"Dto":{"EmpId":5,"WorkMode":"WFO","$type":"CheckInDto"},"$type":"CheckInCommand"}
2026-06-14 15:07:15.727 +05:30 [INF] WMS Response: CheckInCommand {"AttendanceId":12,"EmpId":5,"EmployeeName":null,"CheckIn":"2026-06-14T09:37:15.6955527Z","CheckOut":null,"TotalHours":null,"WorkMode":"WFO","AttendanceDate":"2026-06-14T00:00:00.0000000Z","Status":"In Progress","$type":"AttendanceDto"}
2026-06-14 15:07:15.736 +05:30 [INF] HTTP POST /api/v1/attendance/check-in responded 200 in 70.8793 ms
2026-06-14 15:07:15.740 +05:30 [INF] HTTP OPTIONS /api/v1/attendance/employee/5/monthly responded 204 in 0.0182 ms
2026-06-14 15:07:15.744 +05:30 [INF] WMS Request: GetMonthlyAttendanceQuery {"EmployeeId":5,"Year":2026,"Month":6,"$type":"GetMonthlyAttendanceQuery"}
2026-06-14 15:07:15.754 +05:30 [INF] WMS Response: GetMonthlyAttendanceQuery [{"AttendanceId":12,"EmpId":5,"EmployeeName":null,"CheckIn":"2026-06-14T09:37:15.6955527","CheckOut":null,"TotalHours":null,"WorkMode":"WFO","AttendanceDate":"2026-06-14T00:00:00.0000000","Status":"In Progress","$type":"AttendanceDto"}]
2026-06-14 15:07:15.764 +05:30 [INF] HTTP GET /api/v1/attendance/employee/5/monthly responded 200 in 20.4418 ms
2026-06-14 15:07:18.557 +05:30 [INF] HTTP OPTIONS /api/v1/leaves/employee/5 responded 204 in 0.0329 ms
2026-06-14 15:07:18.564 +05:30 [INF] WMS Request: GetLeavesByEmployeeQuery {"EmployeeId":5,"PageNumber":1,"PageSize":10,"$type":"GetLeavesByEmployeeQuery"}
2026-06-14 15:07:18.585 +05:30 [INF] WMS Response: GetLeavesByEmployeeQuery {"Items":[],"TotalCount":0,"PageNumber":1,"PageSize":10,"TotalPages":0,"HasPreviousPage":false,"HasNextPage":false,"$type":"PagedResult`1"}
2026-06-14 15:07:18.596 +05:30 [INF] HTTP GET /api/v1/leaves/employee/5 responded 200 in 31.7276 ms
2026-06-14 15:07:20.233 +05:30 [INF] HTTP OPTIONS /api/v1/announcements responded 204 in 0.0301 ms
2026-06-14 15:07:20.243 +05:30 [INF] WMS Request: GetAnnouncementsQuery {"IsActive":null,"PageNumber":1,"PageSize":10,"$type":"GetAnnouncementsQuery"}
2026-06-14 15:07:20.267 +05:30 [INF] WMS Response: GetAnnouncementsQuery {"Items":[{"AnnouncementId":2,"Title":"Holiday","Message":"Office holiday next week yesss","CreatedBy":1,"CreatedByName":"Hardik Patel","CreatedOn":"2026-06-13T02:26:06.7300000","IsActive":false,"$type":"AnnouncementDto"},{"AnnouncementId":3,"Title":"Meeting","Message":"Monthly review meeting","CreatedBy":1,"CreatedByName":"Hardik Patel","CreatedOn":"2026-06-13T02:26:06.7300000","IsActive":true,"$type":"AnnouncementDto"},{"AnnouncementId":4,"Title":"Policy Update","Message":"New HR policy released","CreatedBy":1,"CreatedByName":"Hardik Patel","CreatedOn":"2026-06-13T02:26:06.7300000","IsActive":true,"$type":"AnnouncementDto"},{"AnnouncementId":5,"Title":"Training","Message":"AI training scheduled","CreatedBy":1,"CreatedByName":"Hardik Patel","CreatedOn":"2026-06-13T02:26:06.7300000","IsActive":true,"$type":"AnnouncementDto"}],"TotalCount":4,"PageNumber":1,"PageSize":10,"TotalPages":1,"HasPreviousPage":false,"HasNextPage":false,"$type":"PagedResult`1"}
2026-06-14 15:07:20.301 +05:30 [INF] HTTP GET /api/v1/announcements responded 200 in 61.5881 ms
2026-06-14 15:07:22.955 +05:30 [INF] WMS Request: GetLeavesByEmployeeQuery {"EmployeeId":5,"PageNumber":1,"PageSize":10,"$type":"GetLeavesByEmployeeQuery"}
2026-06-14 15:07:22.974 +05:30 [INF] WMS Response: GetLeavesByEmployeeQuery {"Items":[],"TotalCount":0,"PageNumber":1,"PageSize":10,"TotalPages":0,"HasPreviousPage":false,"HasNextPage":false,"$type":"PagedResult`1"}
2026-06-14 15:07:22.983 +05:30 [INF] HTTP GET /api/v1/leaves/employee/5 responded 200 in 28.5866 ms
2026-06-14 15:07:31.953 +05:30 [INF] HTTP OPTIONS /api/v1/auth/logout responded 204 in 0.0322 ms
2026-06-14 15:07:31.957 +05:30 [INF] WMS Request: LogoutCommand {"Username":"lakshya","$type":"LogoutCommand"}
2026-06-14 15:07:31.975 +05:30 [INF] WMS Response: LogoutCommand {"$type":"Unit"}
2026-06-14 15:07:31.978 +05:30 [INF] HTTP POST /api/v1/auth/logout responded 200 in 21.5941 ms
2026-06-14 15:07:35.988 +05:30 [INF] HTTP OPTIONS /api/v1/auth/login responded 204 in 0.0945 ms
2026-06-14 15:07:35.991 +05:30 [INF] WMS Request: LoginCommand {"Username":"admin","Password":"Admin@123","$type":"LoginCommand"}
2026-06-14 15:07:36.244 +05:30 [INF] WMS Response: LoginCommand {"AccessToken":"eyJhbGciOiJIUzI1NiIsInR5cCI6IkpXVCJ9.eyJzdWIiOiIxIiwidW5pcXVlX25hbWUiOiJhZG1pbiIsImh0dHA6Ly9zY2hlbWFzLm1pY3Jvc29mdC5jb20vd3MvMjAwOC8wNi9pZGVudGl0eS9jbGFpbXMvcm9sZSI6IkFkbWluIiwiZW1wbG95ZWVJZCI6IjYiLCJqdGkiOiJiY2FjOTUxZC1kZTRkLTQ5OTItOWM0NS02MzNkOWI1ZGFkYjAiLCJleHAiOjE3ODE0MzM0NTYsImlzcyI6IldNUy5BUEkiLCJhdWQiOiJXTVMuQ2xpZW50In0.Y8XfYNgINYxbiK3osEsihuhObkGctoLZhhGS37cn_SA","RefreshToken":"nE0oH86iAEQbwz3M8bHaLU2Fxb0qTqGrFYjZ3xi3rQ87SUI7b3C5/Zw9g66O9jYXSMgKFRSj0bqQMl0lrnS3Lw==","ExpiresAt":"2026-06-14T10:37:36.2448216Z","Username":"admin","Role":"Admin","EmployeeId":6,"$type":"LoginResponse"}
2026-06-14 15:07:36.253 +05:30 [INF] HTTP POST /api/v1/auth/login responded 200 in 262.2530 ms
2026-06-14 15:07:36.268 +05:30 [INF] HTTP OPTIONS /api/v1/dashboard/summary responded 204 in 0.0360 ms
2026-06-14 15:07:36.275 +05:30 [INF] WMS Request: GetDashboardSummaryQuery {"$type":"GetDashboardSummaryQuery"}
2026-06-14 15:07:36.359 +05:30 [INF] WMS Response: GetDashboardSummaryQuery {"TotalEmployees":7,"ActiveEmployees":5,"TotalDepartments":4,"TotalProjects":4,"ActiveProjects":3,"TotalClients":4,"TodayAttendanceCount":2,"PendingLeaves":1,"AttendanceTrend":[{"Date":"Jun 08","Present":1,"Absent":0,"WFH":1,"WFO":0,"$type":"AttendanceTrendDto"},{"Date":"Jun 09","Present":1,"Absent":0,"WFH":0,"WFO":1,"$type":"AttendanceTrendDto"},{"Date":"Jun 10","Present":1,"Absent":0,"WFH":1,"WFO":0,"$type":"AttendanceTrendDto"},{"Date":"Jun 11","Present":1,"Absent":0,"WFH":0,"WFO":1,"$type":"AttendanceTrendDto"},{"Date":"Jun 12","Present":1,"Absent":0,"WFH":1,"WFO":0,"$type":"AttendanceTrendDto"},{"Date":"Jun 13","Present":3,"Absent":0,"WFH":1,"WFO":2,"$type":"AttendanceTrendDto"},{"Date":"Jun 14","Present":2,"Absent":0,"WFH":1,"WFO":1,"$type":"AttendanceTrendDto"}],"LeaveTrend":[{"Month":"2/2026","Approved":1,"Pending":0,"Rejected":0,"$type":"LeaveTrendDto"},{"Month":"3/2026","Approved":0,"Pending":0,"Rejected":1,"$type":"LeaveTrendDto"},{"Month":"4/2026","Approved":0,"Pending":0,"Rejected":1,"$type":"LeaveTrendDto"},{"Month":"5/2026","Approved":1,"Pending":0,"Rejected":0,"$type":"LeaveTrendDto"},{"Month":"6/2026","Approved":4,"Pending":1,"Rejected":2,"$type":"LeaveTrendDto"}],"DepartmentDistribution":[{"DepartmentName":"Operations","EmployeeCount":2,"$type":"DepartmentDistributionDto"},{"DepartmentName":"AI-DS","EmployeeCount":1,"$type":"DepartmentDistributionDto"},{"DepartmentName":"HR","EmployeeCount":1,"$type":"DepartmentDistributionDto"},{"DepartmentName":"Finance","EmployeeCount":1,"$type":"DepartmentDistributionDto"}],"ProjectStatusDistribution":[{"Status":"Active","Count":3,"$type":"ProjectStatusDto"},{"Status":"Completed","Count":1,"$type":"ProjectStatusDto"}],"RecentAnnouncements":[{"AnnouncementId":3,"Title":"Meeting","Message":"Monthly review meeting","CreatedBy":0,"CreatedByName":"Hardik Patel","CreatedOn":"2026-06-13T02:26:06.7300000","IsActive":true,"$type":"AnnouncementDto"},{"AnnouncementId":4,"Title":"Policy Update","Message":"New HR policy released","CreatedBy":0,"CreatedByName":"Hardik Patel","CreatedOn":"2026-06-13T02:26:06.7300000","IsActive":true,"$type":"AnnouncementDto"},{"AnnouncementId":5,"Title":"Training","Message":"AI training scheduled","CreatedBy":0,"CreatedByName":"Hardik Patel","CreatedOn":"2026-06-13T02:26:06.7300000","IsActive":true,"$type":"AnnouncementDto"}],"$type":"DashboardSummaryDto"}
2026-06-14 15:07:36.459 +05:30 [INF] HTTP GET /api/v1/dashboard/summary responded 200 in 184.7278 ms
2026-06-14 15:07:38.191 +05:30 [INF] HTTP OPTIONS /api/v1/departments responded 204 in 0.0418 ms
2026-06-14 15:07:38.192 +05:30 [INF] HTTP OPTIONS /api/v1/employees responded 204 in 0.0224 ms
2026-06-14 15:07:38.199 +05:30 [INF] WMS Request: GetDepartmentsQuery {"$type":"GetDepartmentsQuery"}
2026-06-14 15:07:38.202 +05:30 [INF] WMS Request: GetEmployeesQuery {"Search":null,"DepartmentId":null,"RoleId":null,"Status":"Active","PageNumber":1,"PageSize":10,"$type":"GetEmployeesQuery"}
2026-06-14 15:07:38.213 +05:30 [INF] WMS Response: GetDepartmentsQuery [{"DepartmentId":1,"DepartmentName":"HR","Description":"Human Resourcesss","EmployeeCount":2,"CreatedOn":"2024-01-01T00:00:00.0000000","$type":"DepartmentDto"},{"DepartmentId":3,"DepartmentName":"Finance","Description":"Finance & Accounts","EmployeeCount":1,"CreatedOn":"2024-01-01T00:00:00.0000000","$type":"DepartmentDto"},{"DepartmentId":4,"DepartmentName":"Operations","Description":"Business Operations","EmployeeCount":2,"CreatedOn":"2024-01-01T00:00:00.0000000","$type":"DepartmentDto"},{"DepartmentId":5,"DepartmentName":"AI-DS","Description":"artificial intelligence and data science","EmployeeCount":2,"CreatedOn":"2026-06-11T15:03:13.6443056","$type":"DepartmentDto"}]
2026-06-14 15:07:38.234 +05:30 [INF] WMS Response: GetEmployeesQuery {"Items":[{"EmployeeId":3,"FirstName":"hardik","LastName":"maloo","FullName":"hardik maloo","Email":"hardikmaloo21@gmail.com","PhoneNumber":"8107663009","Gender":"Male","DOB":"2004-06-21T00:00:00.0000000","DOJ":"2026-06-04T00:00:00.0000000","DepartmentId":5,"DepartmentName":"AI-DS","RoleId":3,"RoleName":"Employee","Status":"Active","CreatedOn":"2026-06-12T23:10:13.1851457","UpdatedOn":null,"$type":"EmployeeDto"},{"EmployeeId":2,"FirstName":"harsh","LastName":"rathore","FullName":"harsh rathore","Email":"harsh@gmail.com","PhoneNumber":"7976681235","Gender":"Male","DOB":"2005-07-03T00:00:00.0000000","DOJ":"2026-06-12T00:00:00.0000000","DepartmentId":3,"DepartmentName":"Finance","RoleId":1,"RoleName":"Admin","Status":"Active","CreatedOn":"2026-06-12T21:25:47.5693795","UpdatedOn":"2026-06-12T23:08:27.1985056","$type":"EmployeeDto"},{"EmployeeId":5,"FirstName":"lakshya","LastName":"sharma","FullName":"lakshya sharma","Email":"lakshya@gmail.com","PhoneNumber":"8946456765","Gender":"Male","DOB":"2005-03-14T00:00:00.0000000","DOJ":"2026-04-08T00:00:00.0000000","DepartmentId":4,"DepartmentName":"Operations","RoleId":3,"RoleName":"Employee","Status":"Active","CreatedOn":"2026-06-13T08:09:44.8928080","UpdatedOn":null,"$type":"EmployeeDto"},{"EmployeeId":7,"FirstName":"pulkit","LastName":"jain","FullName":"pulkit jain","Email":"pulkitjain@gmail.com","PhoneNumber":"7894561230","Gender":"Male","DOB":"2004-04-14T00:00:00.0000000","DOJ":"2026-06-14T00:00:00.0000000","DepartmentId":4,"DepartmentName":"Operations","RoleId":3,"RoleName":"Employee","Status":"Active","CreatedOn":"2026-06-14T06:41:11.1355668","UpdatedOn":null,"$type":"EmployeeDto"},{"EmployeeId":6,"FirstName":"System","LastName":"Admin","FullName":"System Admin","Email":"admin@wms.com","PhoneNumber":"9999999999","Gender":"Male","DOB":"1990-01-01T00:00:00.0000000","DOJ":"2026-06-13T19:06:47.4733333","DepartmentId":1,"DepartmentName":"HR","RoleId":1,"RoleName":"Admin","Status":"Active","CreatedOn":"2026-06-13T19:06:47.4733333","UpdatedOn":null,"$type":"EmployeeDto"}],"TotalCount":5,"PageNumber":1,"PageSize":10,"TotalPages":1,"HasPreviousPage":false,"HasNextPage":false,"$type":"PagedResult`1"}
2026-06-14 15:07:38.242 +05:30 [INF] HTTP GET /api/v1/departments responded 200 in 43.3751 ms
2026-06-14 15:07:38.321 +05:30 [INF] HTTP GET /api/v1/employees responded 200 in 119.5120 ms
2026-06-14 15:07:39.088 +05:30 [INF] HTTP OPTIONS /api/v1/attendance/today responded 204 in 0.0288 ms
2026-06-14 15:07:39.088 +05:30 [INF] HTTP OPTIONS /api/v1/employees responded 204 in 0.0208 ms
2026-06-14 15:07:39.093 +05:30 [INF] WMS Request: GetTodayAttendanceQuery {"$type":"GetTodayAttendanceQuery"}
2026-06-14 15:07:39.099 +05:30 [INF] WMS Request: GetEmployeesQuery {"Search":null,"DepartmentId":null,"RoleId":null,"Status":null,"PageNumber":1,"PageSize":500,"$type":"GetEmployeesQuery"}
2026-06-14 15:07:39.114 +05:30 [INF] WMS Response: GetTodayAttendanceQuery [{"AttendanceId":12,"EmpId":5,"EmployeeName":"lakshya sharma","CheckIn":"2026-06-14T09:37:15.6955527","CheckOut":null,"TotalHours":null,"WorkMode":"WFO","AttendanceDate":"2026-06-14T00:00:00.0000000","Status":"In Progress","$type":"AttendanceDto"},{"AttendanceId":11,"EmpId":7,"EmployeeName":"pulkit jain","CheckIn":"2026-06-14T09:29:31.4453900","CheckOut":"2026-06-14T09:29:42.4411016","TotalHours":0,"WorkMode":"WFH","AttendanceDate":"2026-06-14T00:00:00.0000000","Status":"Complete","$type":"AttendanceDto"}]
2026-06-14 15:07:39.128 +05:30 [INF] WMS Response: GetEmployeesQuery {"Items":[{"EmployeeId":4,"FirstName":"aditya","LastName":"batwara","FullName":"aditya batwara","Email":"aditya21@gmail.com","PhoneNumber":"7414040730","Gender":"Male","DOB":"2004-02-21T00:00:00.0000000","DOJ":"2026-04-07T00:00:00.0000000","DepartmentId":5,"DepartmentName":"AI-DS","RoleId":3,"RoleName":"Employee","Status":"Inactive","CreatedOn":"2026-06-12T23:12:11.5907684","UpdatedOn":"2026-06-13T12:36:11.3585878","$type":"EmployeeDto"},{"EmployeeId":1,"FirstName":"Hardik","LastName":"Patel","FullName":"Hardik Patel","Email":"hardik@test.com","PhoneNumber":"7737131410","Gender":"Male","DOB":"2004-06-21T00:00:00.0000000","DOJ":"2026-06-08T00:00:00.0000000","DepartmentId":1,"DepartmentName":"HR","RoleId":2,"RoleName":"Manager","Status":"Inactive","CreatedOn":"2026-06-11T15:03:58.6936554","UpdatedOn":"2026-06-13T23:49:09.2801027","$type":"EmployeeDto"},{"EmployeeId":3,"FirstName":"hardik","LastName":"maloo","FullName":"hardik maloo","Email":"hardikmaloo21@gmail.com","PhoneNumber":"8107663009","Gender":"Male","DOB":"2004-06-21T00:00:00.0000000","DOJ":"2026-06-04T00:00:00.0000000","DepartmentId":5,"DepartmentName":"AI-DS","RoleId":3,"RoleName":"Employee","Status":"Active","CreatedOn":"2026-06-12T23:10:13.1851457","UpdatedOn":null,"$type":"EmployeeDto"},{"EmployeeId":2,"FirstName":"harsh","LastName":"rathore","FullName":"harsh rathore","Email":"harsh@gmail.com","PhoneNumber":"7976681235","Gender":"Male","DOB":"2005-07-03T00:00:00.0000000","DOJ":"2026-06-12T00:00:00.0000000","DepartmentId":3,"DepartmentName":"Finance","RoleId":1,"RoleName":"Admin","Status":"Active","CreatedOn":"2026-06-12T21:25:47.5693795","UpdatedOn":"2026-06-12T23:08:27.1985056","$type":"EmployeeDto"},{"EmployeeId":5,"FirstName":"lakshya","LastName":"sharma","FullName":"lakshya sharma","Email":"lakshya@gmail.com","PhoneNumber":"8946456765","Gender":"Male","DOB":"2005-03-14T00:00:00.0000000","DOJ":"2026-04-08T00:00:00.0000000","DepartmentId":4,"DepartmentName":"Operations","RoleId":3,"RoleName":"Employee","Status":"Active","CreatedOn":"2026-06-13T08:09:44.8928080","UpdatedOn":null,"$type":"EmployeeDto"},{"EmployeeId":7,"FirstName":"pulkit","LastName":"jain","FullName":"pulkit jain","Email":"pulkitjain@gmail.com","PhoneNumber":"7894561230","Gender":"Male","DOB":"2004-04-14T00:00:00.0000000","DOJ":"2026-06-14T00:00:00.0000000","DepartmentId":4,"DepartmentName":"Operations","RoleId":3,"RoleName":"Employee","Status":"Active","CreatedOn":"2026-06-14T06:41:11.1355668","UpdatedOn":null,"$type":"EmployeeDto"},{"EmployeeId":6,"FirstName":"System","LastName":"Admin","FullName":"System Admin","Email":"admin@wms.com","PhoneNumber":"9999999999","Gender":"Male","DOB":"1990-01-01T00:00:00.0000000","DOJ":"2026-06-13T19:06:47.4733333","DepartmentId":1,"DepartmentName":"HR","RoleId":1,"RoleName":"Admin","Status":"Active","CreatedOn":"2026-06-13T19:06:47.4733333","UpdatedOn":null,"$type":"EmployeeDto"}],"TotalCount":7,"PageNumber":1,"PageSize":500,"TotalPages":1,"HasPreviousPage":false,"HasNextPage":false,"$type":"PagedResult`1"}
2026-06-14 15:07:39.139 +05:30 [INF] HTTP GET /api/v1/attendance/today responded 200 in 45.7559 ms
2026-06-14 15:07:39.257 +05:30 [INF] HTTP GET /api/v1/employees responded 200 in 159.7642 ms
2026-06-14 15:15:18.697 +05:30 [INF] HTTP OPTIONS /api/v1/leaves/employee/6 responded 204 in 6.3714 ms
2026-06-14 15:15:18.697 +05:30 [INF] HTTP OPTIONS /api/v1/leaves/pending responded 204 in 1.9574 ms
2026-06-14 15:15:18.759 +05:30 [INF] WMS Request: GetPendingLeavesQuery {"$type":"GetPendingLeavesQuery"}
2026-06-14 15:15:18.760 +05:30 [INF] WMS Request: GetLeavesByEmployeeQuery {"EmployeeId":6,"PageNumber":1,"PageSize":10,"$type":"GetLeavesByEmployeeQuery"}
2026-06-14 15:15:19.069 +05:30 [INF] WMS Response: GetPendingLeavesQuery [{"LeaveId":12,"EmpId":1,"EmployeeName":"Hardik Patel","LeaveType":"Earned","Reason":"hdtdyuyiuih","FromDate":"2026-07-18T00:00:00.0000000","ToDate":"2026-07-21T00:00:00.0000000","TotalDays":4,"Status":"Pending","AppliedOn":"2026-06-13T18:16:13.0904676","ApprovedBy":null,"ApproverName":null,"ApprovedOn":null,"$type":"LeaveDto"}]
2026-06-14 15:15:19.069 +05:30 [INF] WMS Response: GetLeavesByEmployeeQuery {"Items":[],"TotalCount":0,"PageNumber":1,"PageSize":10,"TotalPages":0,"HasPreviousPage":false,"HasNextPage":false,"$type":"PagedResult`1"}
2026-06-14 15:15:19.107 +05:30 [INF] HTTP GET /api/v1/leaves/pending responded 200 in 375.6614 ms
2026-06-14 15:15:19.117 +05:30 [INF] HTTP GET /api/v1/leaves/employee/6 responded 200 in 387.9148 ms
2026-06-14 15:15:25.169 +05:30 [INF] HTTP OPTIONS /api/v1/projects responded 204 in 0.0796 ms
2026-06-14 15:15:25.181 +05:30 [INF] WMS Request: GetProjectsQuery {"Search":null,"Status":null,"ClientId":null,"PageNumber":1,"PageSize":10,"$type":"GetProjectsQuery"}
2026-06-14 15:15:25.252 +05:30 [INF] WMS Response: GetProjectsQuery {"Items":[{"ProjectId":7,"ProjectName":"CRM","ClientId":3,"ClientName":"Microsoft","StartDate":"2026-06-13T00:00:00.0000000","EndDate":"2026-06-27T00:00:00.0000000","Status":"Active","AllocatedEmployeeCount":1,"CreatedOn":"2026-06-13T17:02:39.7969376","$type":"ProjectDto"},{"ProjectId":2,"ProjectName":"HR Portal","ClientId":3,"ClientName":"Microsoft","StartDate":"2026-01-01T00:00:00.0000000","EndDate":"2026-12-31T00:00:00.0000000","Status":"Active","AllocatedEmployeeCount":3,"CreatedOn":"2026-06-13T02:30:31.6900000","$type":"ProjectDto"},{"ProjectId":3,"ProjectName":"Employee App","ClientId":6,"ClientName":"Google","StartDate":"2026-02-01T00:00:00.0000000","EndDate":"2026-11-30T00:00:00.0000000","Status":"Active","AllocatedEmployeeCount":1,"CreatedOn":"2026-06-13T02:30:31.6900000","$type":"ProjectDto"},{"ProjectId":4,"ProjectName":"Finance Dashboard","ClientId":7,"ClientName":"string","StartDate":"2026-03-01T00:00:00.0000000","EndDate":"2026-10-31T00:00:00.0000000","Status":"Completed","AllocatedEmployeeCount":1,"CreatedOn":"2026-06-13T02:30:31.6900000","$type":"ProjectDto"}],"TotalCount":4,"PageNumber":1,"PageSize":10,"TotalPages":1,"HasPreviousPage":false,"HasNextPage":false,"$type":"PagedResult`1"}
2026-06-14 15:15:25.308 +05:30 [INF] HTTP GET /api/v1/projects responded 200 in 128.3662 ms
2026-06-14 15:15:26.712 +05:30 [INF] HTTP OPTIONS /api/v1/clients responded 204 in 0.2796 ms
2026-06-14 15:15:26.723 +05:30 [INF] WMS Request: GetClientsQuery {"Search":null,"PageNumber":1,"PageSize":10,"$type":"GetClientsQuery"}
2026-06-14 15:15:26.752 +05:30 [INF] WMS Response: GetClientsQuery {"Items":[{"ClientId":6,"ClientName":"Google","ClientAddress":"California","ClientPhoneNumber":9876543211,"ClientLocation":"USA","Status":true,"CreatedOn":"2026-06-13T02:24:32.4966667","$type":"ClientDto"},{"ClientId":8,"ClientName":"Infosys","ClientAddress":"Bangalore","ClientPhoneNumber":9876543213,"ClientLocation":"India","Status":true,"CreatedOn":"2026-06-13T02:24:32.4966667","$type":"ClientDto"},{"ClientId":3,"ClientName":"Microsoft","ClientAddress":"Redmond","ClientPhoneNumber":9876543210,"ClientLocation":"USA","Status":true,"CreatedOn":"2026-06-13T02:20:16.9833333","$type":"ClientDto"},{"ClientId":7,"ClientName":"string","ClientAddress":"string","ClientPhoneNumber":0,"ClientLocation":"string","Status":true,"CreatedOn":"2026-06-13T02:24:32.4966667","$type":"ClientDto"}],"TotalCount":4,"PageNumber":1,"PageSize":10,"TotalPages":1,"HasPreviousPage":false,"HasNextPage":false,"$type":"PagedResult`1"}
2026-06-14 15:15:26.813 +05:30 [INF] HTTP GET /api/v1/clients responded 200 in 93.7268 ms
2026-06-14 15:15:27.865 +05:30 [INF] HTTP OPTIONS /api/v1/allocations responded 204 in 0.0747 ms
2026-06-14 15:15:27.876 +05:30 [INF] WMS Request: GetAllocationsQuery {"EmpId":null,"ProjectId":null,"Status":null,"PageNumber":1,"PageSize":10,"$type":"GetAllocationsQuery"}
2026-06-14 15:15:27.915 +05:30 [INF] WMS Response: GetAllocationsQuery {"Items":[{"AllocationId":8,"EmpId":5,"EmployeeName":"lakshya sharma","DepartmentName":"Operations","ProjectId":7,"ProjectName":"CRM","AssignedOn":"2026-08-15T00:00:00.0000000","Status":true,"CreatedBy":"","CreateDate":"2026-06-13T23:49:50.9229903","UpdatedBy":null,"UpdatedDate":null,"$type":"AllocationDto"},{"AllocationId":6,"EmpId":3,"EmployeeName":"hardik maloo","DepartmentName":"AI-DS","ProjectId":2,"ProjectName":"HR Portal","AssignedOn":"2026-06-29T00:00:00.0000000","Status":false,"CreatedBy":"","CreateDate":"2026-06-13T17:43:55.7346527","UpdatedBy":"admin","UpdatedDate":"2026-06-13T18:29:43.0918397","$type":"AllocationDto"},{"AllocationId":7,"EmpId":2,"EmployeeName":"harsh rathore","DepartmentName":"Finance","ProjectId":2,"ProjectName":"HR Portal","AssignedOn":"2026-06-22T00:00:00.0000000","Status":true,"CreatedBy":"","CreateDate":"2026-06-13T17:52:25.6705390","UpdatedBy":null,"UpdatedDate":null,"$type":"AllocationDto"},{"AllocationId":3,"EmpId":1,"EmployeeName":"Hardik Patel","DepartmentName":"HR","ProjectId":2,"ProjectName":"HR Portal","AssignedOn":"2026-06-13T02:32:33.3600000","Status":true,"CreatedBy":"Admin","CreateDate":"2026-06-13T02:32:33.3600000","UpdatedBy":null,"UpdatedDate":null,"$type":"AllocationDto"},{"AllocationId":4,"EmpId":1,"EmployeeName":"Hardik Patel","DepartmentName":"HR","ProjectId":3,"ProjectName":"Employee App","AssignedOn":"2026-06-13T02:32:33.3600000","Status":false,"CreatedBy":"Admin","CreateDate":"2026-06-13T02:32:33.3600000","UpdatedBy":null,"UpdatedDate":"2026-06-13T17:29:12.8824343","$type":"AllocationDto"},{"AllocationId":5,"EmpId":1,"EmployeeName":"Hardik Patel","DepartmentName":"HR","ProjectId":4,"ProjectName":"Finance Dashboard","AssignedOn":"2026-06-13T02:32:33.3600000","Status":false,"CreatedBy":"Admin","CreateDate":"2026-06-13T02:32:33.3600000","UpdatedBy":null,"UpdatedDate":"2026-06-13T17:29:05.4585258","$type":"AllocationDto"}],"TotalCount":6,"PageNumber":1,"PageSize":10,"TotalPages":1,"HasPreviousPage":false,"HasNextPage":false,"$type":"PagedResult`1"}
2026-06-14 15:15:27.979 +05:30 [INF] HTTP GET /api/v1/allocations responded 200 in 104.2709 ms
2026-06-14 15:15:29.144 +05:30 [INF] HTTP OPTIONS /api/v1/announcements responded 204 in 0.0244 ms
2026-06-14 15:15:29.155 +05:30 [INF] WMS Request: GetAnnouncementsQuery {"IsActive":null,"PageNumber":1,"PageSize":10,"$type":"GetAnnouncementsQuery"}
2026-06-14 15:15:29.184 +05:30 [INF] WMS Response: GetAnnouncementsQuery {"Items":[{"AnnouncementId":2,"Title":"Holiday","Message":"Office holiday next week yesss","CreatedBy":1,"CreatedByName":"Hardik Patel","CreatedOn":"2026-06-13T02:26:06.7300000","IsActive":false,"$type":"AnnouncementDto"},{"AnnouncementId":3,"Title":"Meeting","Message":"Monthly review meeting","CreatedBy":1,"CreatedByName":"Hardik Patel","CreatedOn":"2026-06-13T02:26:06.7300000","IsActive":true,"$type":"AnnouncementDto"},{"AnnouncementId":4,"Title":"Policy Update","Message":"New HR policy released","CreatedBy":1,"CreatedByName":"Hardik Patel","CreatedOn":"2026-06-13T02:26:06.7300000","IsActive":true,"$type":"AnnouncementDto"},{"AnnouncementId":5,"Title":"Training","Message":"AI training scheduled","CreatedBy":1,"CreatedByName":"Hardik Patel","CreatedOn":"2026-06-13T02:26:06.7300000","IsActive":true,"$type":"AnnouncementDto"}],"TotalCount":4,"PageNumber":1,"PageSize":10,"TotalPages":1,"HasPreviousPage":false,"HasNextPage":false,"$type":"PagedResult`1"}
2026-06-14 15:15:29.252 +05:30 [INF] HTTP GET /api/v1/announcements responded 200 in 98.1106 ms
2026-06-14 15:15:30.993 +05:30 [INF] HTTP OPTIONS /api/v1/departments responded 204 in 0.0354 ms
2026-06-14 15:15:30.995 +05:30 [INF] HTTP OPTIONS /api/v1/employees responded 204 in 0.0377 ms
2026-06-14 15:15:31.004 +05:30 [INF] WMS Request: GetDepartmentsQuery {"$type":"GetDepartmentsQuery"}
2026-06-14 15:15:31.006 +05:30 [INF] WMS Request: GetEmployeesQuery {"Search":null,"DepartmentId":null,"RoleId":null,"Status":"Active","PageNumber":1,"PageSize":10,"$type":"GetEmployeesQuery"}
2026-06-14 15:15:31.029 +05:30 [INF] WMS Response: GetDepartmentsQuery [{"DepartmentId":1,"DepartmentName":"HR","Description":"Human Resourcesss","EmployeeCount":2,"CreatedOn":"2024-01-01T00:00:00.0000000","$type":"DepartmentDto"},{"DepartmentId":3,"DepartmentName":"Finance","Description":"Finance & Accounts","EmployeeCount":1,"CreatedOn":"2024-01-01T00:00:00.0000000","$type":"DepartmentDto"},{"DepartmentId":4,"DepartmentName":"Operations","Description":"Business Operations","EmployeeCount":2,"CreatedOn":"2024-01-01T00:00:00.0000000","$type":"DepartmentDto"},{"DepartmentId":5,"DepartmentName":"AI-DS","Description":"artificial intelligence and data science","EmployeeCount":2,"CreatedOn":"2026-06-11T15:03:13.6443056","$type":"DepartmentDto"}]
2026-06-14 15:15:31.048 +05:30 [INF] WMS Response: GetEmployeesQuery {"Items":[{"EmployeeId":3,"FirstName":"hardik","LastName":"maloo","FullName":"hardik maloo","Email":"hardikmaloo21@gmail.com","PhoneNumber":"8107663009","Gender":"Male","DOB":"2004-06-21T00:00:00.0000000","DOJ":"2026-06-04T00:00:00.0000000","DepartmentId":5,"DepartmentName":"AI-DS","RoleId":3,"RoleName":"Employee","Status":"Active","CreatedOn":"2026-06-12T23:10:13.1851457","UpdatedOn":null,"$type":"EmployeeDto"},{"EmployeeId":2,"FirstName":"harsh","LastName":"rathore","FullName":"harsh rathore","Email":"harsh@gmail.com","PhoneNumber":"7976681235","Gender":"Male","DOB":"2005-07-03T00:00:00.0000000","DOJ":"2026-06-12T00:00:00.0000000","DepartmentId":3,"DepartmentName":"Finance","RoleId":1,"RoleName":"Admin","Status":"Active","CreatedOn":"2026-06-12T21:25:47.5693795","UpdatedOn":"2026-06-12T23:08:27.1985056","$type":"EmployeeDto"},{"EmployeeId":5,"FirstName":"lakshya","LastName":"sharma","FullName":"lakshya sharma","Email":"lakshya@gmail.com","PhoneNumber":"8946456765","Gender":"Male","DOB":"2005-03-14T00:00:00.0000000","DOJ":"2026-04-08T00:00:00.0000000","DepartmentId":4,"DepartmentName":"Operations","RoleId":3,"RoleName":"Employee","Status":"Active","CreatedOn":"2026-06-13T08:09:44.8928080","UpdatedOn":null,"$type":"EmployeeDto"},{"EmployeeId":7,"FirstName":"pulkit","LastName":"jain","FullName":"pulkit jain","Email":"pulkitjain@gmail.com","PhoneNumber":"7894561230","Gender":"Male","DOB":"2004-04-14T00:00:00.0000000","DOJ":"2026-06-14T00:00:00.0000000","DepartmentId":4,"DepartmentName":"Operations","RoleId":3,"RoleName":"Employee","Status":"Active","CreatedOn":"2026-06-14T06:41:11.1355668","UpdatedOn":null,"$type":"EmployeeDto"},{"EmployeeId":6,"FirstName":"System","LastName":"Admin","FullName":"System Admin","Email":"admin@wms.com","PhoneNumber":"9999999999","Gender":"Male","DOB":"1990-01-01T00:00:00.0000000","DOJ":"2026-06-13T19:06:47.4733333","DepartmentId":1,"DepartmentName":"HR","RoleId":1,"RoleName":"Admin","Status":"Active","CreatedOn":"2026-06-13T19:06:47.4733333","UpdatedOn":null,"$type":"EmployeeDto"}],"TotalCount":5,"PageNumber":1,"PageSize":10,"TotalPages":1,"HasPreviousPage":false,"HasNextPage":false,"$type":"PagedResult`1"}
2026-06-14 15:15:31.061 +05:30 [INF] HTTP GET /api/v1/departments responded 200 in 58.6287 ms
2026-06-14 15:15:31.138 +05:30 [INF] HTTP GET /api/v1/employees responded 200 in 132.5098 ms
2026-06-14 15:15:33.516 +05:30 [INF] HTTP OPTIONS /api/v1/dashboard/summary responded 204 in 0.1424 ms
2026-06-14 15:15:33.527 +05:30 [INF] WMS Request: GetDashboardSummaryQuery {"$type":"GetDashboardSummaryQuery"}
2026-06-14 15:15:33.708 +05:30 [INF] WMS Response: GetDashboardSummaryQuery {"TotalEmployees":7,"ActiveEmployees":5,"TotalDepartments":4,"TotalProjects":4,"ActiveProjects":3,"TotalClients":4,"TodayAttendanceCount":2,"PendingLeaves":1,"AttendanceTrend":[{"Date":"Jun 08","Present":1,"Absent":0,"WFH":1,"WFO":0,"$type":"AttendanceTrendDto"},{"Date":"Jun 09","Present":1,"Absent":0,"WFH":0,"WFO":1,"$type":"AttendanceTrendDto"},{"Date":"Jun 10","Present":1,"Absent":0,"WFH":1,"WFO":0,"$type":"AttendanceTrendDto"},{"Date":"Jun 11","Present":1,"Absent":0,"WFH":0,"WFO":1,"$type":"AttendanceTrendDto"},{"Date":"Jun 12","Present":1,"Absent":0,"WFH":1,"WFO":0,"$type":"AttendanceTrendDto"},{"Date":"Jun 13","Present":3,"Absent":0,"WFH":1,"WFO":2,"$type":"AttendanceTrendDto"},{"Date":"Jun 14","Present":2,"Absent":0,"WFH":1,"WFO":1,"$type":"AttendanceTrendDto"}],"LeaveTrend":[{"Month":"2/2026","Approved":1,"Pending":0,"Rejected":0,"$type":"LeaveTrendDto"},{"Month":"3/2026","Approved":0,"Pending":0,"Rejected":1,"$type":"LeaveTrendDto"},{"Month":"4/2026","Approved":0,"Pending":0,"Rejected":1,"$type":"LeaveTrendDto"},{"Month":"5/2026","Approved":1,"Pending":0,"Rejected":0,"$type":"LeaveTrendDto"},{"Month":"6/2026","Approved":4,"Pending":1,"Rejected":2,"$type":"LeaveTrendDto"}],"DepartmentDistribution":[{"DepartmentName":"Operations","EmployeeCount":2,"$type":"DepartmentDistributionDto"},{"DepartmentName":"AI-DS","EmployeeCount":1,"$type":"DepartmentDistributionDto"},{"DepartmentName":"HR","EmployeeCount":1,"$type":"DepartmentDistributionDto"},{"DepartmentName":"Finance","EmployeeCount":1,"$type":"DepartmentDistributionDto"}],"ProjectStatusDistribution":[{"Status":"Active","Count":3,"$type":"ProjectStatusDto"},{"Status":"Completed","Count":1,"$type":"ProjectStatusDto"}],"RecentAnnouncements":[{"AnnouncementId":3,"Title":"Meeting","Message":"Monthly review meeting","CreatedBy":0,"CreatedByName":"Hardik Patel","CreatedOn":"2026-06-13T02:26:06.7300000","IsActive":true,"$type":"AnnouncementDto"},{"AnnouncementId":4,"Title":"Policy Update","Message":"New HR policy released","CreatedBy":0,"CreatedByName":"Hardik Patel","CreatedOn":"2026-06-13T02:26:06.7300000","IsActive":true,"$type":"AnnouncementDto"},{"AnnouncementId":5,"Title":"Training","Message":"AI training scheduled","CreatedBy":0,"CreatedByName":"Hardik Patel","CreatedOn":"2026-06-13T02:26:06.7300000","IsActive":true,"$type":"AnnouncementDto"}],"$type":"DashboardSummaryDto"}
2026-06-14 15:15:33.844 +05:30 [INF] HTTP GET /api/v1/dashboard/summary responded 200 in 318.7646 ms
2026-06-14 15:15:57.276 +05:30 [INF] HTTP OPTIONS /api/v1/employees responded 204 in 0.1781 ms
2026-06-14 15:15:57.276 +05:30 [INF] HTTP OPTIONS /api/v1/departments responded 204 in 0.0285 ms
2026-06-14 15:15:57.284 +05:30 [INF] WMS Request: GetEmployeesQuery {"Search":null,"DepartmentId":null,"RoleId":null,"Status":"Active","PageNumber":1,"PageSize":10,"$type":"GetEmployeesQuery"}
2026-06-14 15:15:57.288 +05:30 [INF] WMS Request: GetDepartmentsQuery {"$type":"GetDepartmentsQuery"}
2026-06-14 15:15:57.305 +05:30 [INF] WMS Response: GetDepartmentsQuery [{"DepartmentId":1,"DepartmentName":"HR","Description":"Human Resourcesss","EmployeeCount":2,"CreatedOn":"2024-01-01T00:00:00.0000000","$type":"DepartmentDto"},{"DepartmentId":3,"DepartmentName":"Finance","Description":"Finance & Accounts","EmployeeCount":1,"CreatedOn":"2024-01-01T00:00:00.0000000","$type":"DepartmentDto"},{"DepartmentId":4,"DepartmentName":"Operations","Description":"Business Operations","EmployeeCount":2,"CreatedOn":"2024-01-01T00:00:00.0000000","$type":"DepartmentDto"},{"DepartmentId":5,"DepartmentName":"AI-DS","Description":"artificial intelligence and data science","EmployeeCount":2,"CreatedOn":"2026-06-11T15:03:13.6443056","$type":"DepartmentDto"}]
2026-06-14 15:15:57.307 +05:30 [INF] WMS Response: GetEmployeesQuery {"Items":[{"EmployeeId":3,"FirstName":"hardik","LastName":"maloo","FullName":"hardik maloo","Email":"hardikmaloo21@gmail.com","PhoneNumber":"8107663009","Gender":"Male","DOB":"2004-06-21T00:00:00.0000000","DOJ":"2026-06-04T00:00:00.0000000","DepartmentId":5,"DepartmentName":"AI-DS","RoleId":3,"RoleName":"Employee","Status":"Active","CreatedOn":"2026-06-12T23:10:13.1851457","UpdatedOn":null,"$type":"EmployeeDto"},{"EmployeeId":2,"FirstName":"harsh","LastName":"rathore","FullName":"harsh rathore","Email":"harsh@gmail.com","PhoneNumber":"7976681235","Gender":"Male","DOB":"2005-07-03T00:00:00.0000000","DOJ":"2026-06-12T00:00:00.0000000","DepartmentId":3,"DepartmentName":"Finance","RoleId":1,"RoleName":"Admin","Status":"Active","CreatedOn":"2026-06-12T21:25:47.5693795","UpdatedOn":"2026-06-12T23:08:27.1985056","$type":"EmployeeDto"},{"EmployeeId":5,"FirstName":"lakshya","LastName":"sharma","FullName":"lakshya sharma","Email":"lakshya@gmail.com","PhoneNumber":"8946456765","Gender":"Male","DOB":"2005-03-14T00:00:00.0000000","DOJ":"2026-04-08T00:00:00.0000000","DepartmentId":4,"DepartmentName":"Operations","RoleId":3,"RoleName":"Employee","Status":"Active","CreatedOn":"2026-06-13T08:09:44.8928080","UpdatedOn":null,"$type":"EmployeeDto"},{"EmployeeId":7,"FirstName":"pulkit","LastName":"jain","FullName":"pulkit jain","Email":"pulkitjain@gmail.com","PhoneNumber":"7894561230","Gender":"Male","DOB":"2004-04-14T00:00:00.0000000","DOJ":"2026-06-14T00:00:00.0000000","DepartmentId":4,"DepartmentName":"Operations","RoleId":3,"RoleName":"Employee","Status":"Active","CreatedOn":"2026-06-14T06:41:11.1355668","UpdatedOn":null,"$type":"EmployeeDto"},{"EmployeeId":6,"FirstName":"System","LastName":"Admin","FullName":"System Admin","Email":"admin@wms.com","PhoneNumber":"9999999999","Gender":"Male","DOB":"1990-01-01T00:00:00.0000000","DOJ":"2026-06-13T19:06:47.4733333","DepartmentId":1,"DepartmentName":"HR","RoleId":1,"RoleName":"Admin","Status":"Active","CreatedOn":"2026-06-13T19:06:47.4733333","UpdatedOn":null,"$type":"EmployeeDto"}],"TotalCount":5,"PageNumber":1,"PageSize":10,"TotalPages":1,"HasPreviousPage":false,"HasNextPage":false,"$type":"PagedResult`1"}
2026-06-14 15:15:57.329 +05:30 [INF] HTTP GET /api/v1/departments responded 200 in 42.8667 ms
2026-06-14 15:15:57.554 +05:30 [INF] HTTP GET /api/v1/employees responded 200 in 270.2892 ms
2026-06-14 15:15:59.258 +05:30 [INF] HTTP OPTIONS /api/v1/roles responded 204 in 0.0343 ms
2026-06-14 15:15:59.259 +05:30 [INF] WMS Request: GetDepartmentsQuery {"$type":"GetDepartmentsQuery"}
2026-06-14 15:15:59.272 +05:30 [INF] WMS Response: GetDepartmentsQuery [{"DepartmentId":1,"DepartmentName":"HR","Description":"Human Resourcesss","EmployeeCount":2,"CreatedOn":"2024-01-01T00:00:00.0000000","$type":"DepartmentDto"},{"DepartmentId":3,"DepartmentName":"Finance","Description":"Finance & Accounts","EmployeeCount":1,"CreatedOn":"2024-01-01T00:00:00.0000000","$type":"DepartmentDto"},{"DepartmentId":4,"DepartmentName":"Operations","Description":"Business Operations","EmployeeCount":2,"CreatedOn":"2024-01-01T00:00:00.0000000","$type":"DepartmentDto"},{"DepartmentId":5,"DepartmentName":"AI-DS","Description":"artificial intelligence and data science","EmployeeCount":2,"CreatedOn":"2026-06-11T15:03:13.6443056","$type":"DepartmentDto"}]
2026-06-14 15:15:59.272 +05:30 [INF] WMS Request: GetRolesQuery {"$type":"GetRolesQuery"}
2026-06-14 15:15:59.295 +05:30 [INF] HTTP GET /api/v1/departments responded 200 in 37.0399 ms
2026-06-14 15:15:59.308 +05:30 [INF] WMS Response: GetRolesQuery [{"RoleId":1,"RoleName":"Admin","Description":"System Administrator","$type":"RoleDto"},{"RoleId":2,"RoleName":"Manager","Description":"Department Manager","$type":"RoleDto"},{"RoleId":3,"RoleName":"Employee","Description":"Regular Employee","$type":"RoleDto"}]
2026-06-14 15:15:59.323 +05:30 [INF] HTTP GET /api/v1/roles responded 200 in 59.1910 ms
2026-06-14 15:17:10.055 +05:30 [INF] HTTP OPTIONS /api/v1/employees responded 204 in 0.1489 ms
2026-06-14 15:17:10.141 +05:30 [INF] WMS Request: CreateEmployeeCommand {"Dto":{"FirstName":"Arin","LastName":"saraf","Email":"arinsunar@gmail.com","PhoneNumber":"8945625347","Gender":"Male","DOB":"2004-01-04T00:00:00.0000000","DOJ":"2026-05-14T00:00:00.0000000","DepartmentId":3,"RoleId":3,"Username":"arin","Password":"Arin@123","$type":"CreateEmployeeDto"},"$type":"CreateEmployeeCommand"}
2026-06-14 15:17:10.710 +05:30 [WRN] WMS Long Running Request: CreateEmployeeCommand (531ms) {"Dto":{"FirstName":"Arin","LastName":"saraf","Email":"arinsunar@gmail.com","PhoneNumber":"8945625347","Gender":"Male","DOB":"2004-01-04T00:00:00.0000000","DOJ":"2026-05-14T00:00:00.0000000","DepartmentId":3,"RoleId":3,"Username":"arin","Password":"Arin@123","$type":"CreateEmployeeDto"},"$type":"CreateEmployeeCommand"}
2026-06-14 15:17:10.719 +05:30 [INF] WMS Response: CreateEmployeeCommand {"EmployeeId":8,"FirstName":"Arin","LastName":"saraf","FullName":"Arin saraf","Email":"arinsunar@gmail.com","PhoneNumber":"8945625347","Gender":"Male","DOB":"2004-01-04T00:00:00.0000000","DOJ":"2026-05-14T00:00:00.0000000","DepartmentId":3,"DepartmentName":"Finance","RoleId":3,"RoleName":"Employee","Status":"Active","CreatedOn":"2026-06-14T09:47:10.1921159Z","UpdatedOn":null,"$type":"EmployeeDto"}
2026-06-14 15:17:10.771 +05:30 [INF] HTTP POST /api/v1/employees responded 201 in 698.8279 ms
2026-06-14 15:17:10.883 +05:30 [INF] HTTP OPTIONS /api/v1/departments responded 204 in 0.0427 ms
2026-06-14 15:17:10.887 +05:30 [INF] HTTP OPTIONS /api/v1/employees responded 204 in 0.3242 ms
2026-06-14 15:17:10.889 +05:30 [INF] WMS Request: GetDepartmentsQuery {"$type":"GetDepartmentsQuery"}
2026-06-14 15:17:10.901 +05:30 [INF] WMS Request: GetEmployeesQuery {"Search":null,"DepartmentId":null,"RoleId":null,"Status":"Active","PageNumber":1,"PageSize":10,"$type":"GetEmployeesQuery"}
2026-06-14 15:17:10.910 +05:30 [INF] WMS Response: GetDepartmentsQuery [{"DepartmentId":1,"DepartmentName":"HR","Description":"Human Resourcesss","EmployeeCount":2,"CreatedOn":"2024-01-01T00:00:00.0000000","$type":"DepartmentDto"},{"DepartmentId":3,"DepartmentName":"Finance","Description":"Finance & Accounts","EmployeeCount":2,"CreatedOn":"2024-01-01T00:00:00.0000000","$type":"DepartmentDto"},{"DepartmentId":4,"DepartmentName":"Operations","Description":"Business Operations","EmployeeCount":2,"CreatedOn":"2024-01-01T00:00:00.0000000","$type":"DepartmentDto"},{"DepartmentId":5,"DepartmentName":"AI-DS","Description":"artificial intelligence and data science","EmployeeCount":2,"CreatedOn":"2026-06-11T15:03:13.6443056","$type":"DepartmentDto"}]
2026-06-14 15:17:10.940 +05:30 [INF] HTTP GET /api/v1/departments responded 200 in 51.5087 ms
2026-06-14 15:17:10.941 +05:30 [INF] WMS Response: GetEmployeesQuery {"Items":[{"EmployeeId":8,"FirstName":"Arin","LastName":"saraf","FullName":"Arin saraf","Email":"arinsunar@gmail.com","PhoneNumber":"8945625347","Gender":"Male","DOB":"2004-01-04T00:00:00.0000000","DOJ":"2026-05-14T00:00:00.0000000","DepartmentId":3,"DepartmentName":"Finance","RoleId":3,"RoleName":"Employee","Status":"Active","CreatedOn":"2026-06-14T09:47:10.1921159","UpdatedOn":null,"$type":"EmployeeDto"},{"EmployeeId":3,"FirstName":"hardik","LastName":"maloo","FullName":"hardik maloo","Email":"hardikmaloo21@gmail.com","PhoneNumber":"8107663009","Gender":"Male","DOB":"2004-06-21T00:00:00.0000000","DOJ":"2026-06-04T00:00:00.0000000","DepartmentId":5,"DepartmentName":"AI-DS","RoleId":3,"RoleName":"Employee","Status":"Active","CreatedOn":"2026-06-12T23:10:13.1851457","UpdatedOn":null,"$type":"EmployeeDto"},{"EmployeeId":2,"FirstName":"harsh","LastName":"rathore","FullName":"harsh rathore","Email":"harsh@gmail.com","PhoneNumber":"7976681235","Gender":"Male","DOB":"2005-07-03T00:00:00.0000000","DOJ":"2026-06-12T00:00:00.0000000","DepartmentId":3,"DepartmentName":"Finance","RoleId":1,"RoleName":"Admin","Status":"Active","CreatedOn":"2026-06-12T21:25:47.5693795","UpdatedOn":"2026-06-12T23:08:27.1985056","$type":"EmployeeDto"},{"EmployeeId":5,"FirstName":"lakshya","LastName":"sharma","FullName":"lakshya sharma","Email":"lakshya@gmail.com","PhoneNumber":"8946456765","Gender":"Male","DOB":"2005-03-14T00:00:00.0000000","DOJ":"2026-04-08T00:00:00.0000000","DepartmentId":4,"DepartmentName":"Operations","RoleId":3,"RoleName":"Employee","Status":"Active","CreatedOn":"2026-06-13T08:09:44.8928080","UpdatedOn":null,"$type":"EmployeeDto"},{"EmployeeId":7,"FirstName":"pulkit","LastName":"jain","FullName":"pulkit jain","Email":"pulkitjain@gmail.com","PhoneNumber":"7894561230","Gender":"Male","DOB":"2004-04-14T00:00:00.0000000","DOJ":"2026-06-14T00:00:00.0000000","DepartmentId":4,"DepartmentName":"Operations","RoleId":3,"RoleName":"Employee","Status":"Active","CreatedOn":"2026-06-14T06:41:11.1355668","UpdatedOn":null,"$type":"EmployeeDto"},{"EmployeeId":6,"FirstName":"System","LastName":"Admin","FullName":"System Admin","Email":"admin@wms.com","PhoneNumber":"9999999999","Gender":"Male","DOB":"1990-01-01T00:00:00.0000000","DOJ":"2026-06-13T19:06:47.4733333","DepartmentId":1,"DepartmentName":"HR","RoleId":1,"RoleName":"Admin","Status":"Active","CreatedOn":"2026-06-13T19:06:47.4733333","UpdatedOn":null,"$type":"EmployeeDto"}],"TotalCount":6,"PageNumber":1,"PageSize":10,"TotalPages":1,"HasPreviousPage":false,"HasNextPage":false,"$type":"PagedResult`1"}
2026-06-14 15:17:11.064 +05:30 [INF] HTTP GET /api/v1/employees responded 200 in 166.7291 ms
2026-06-14 15:17:19.111 +05:30 [INF] HTTP OPTIONS /api/v1/auth/logout responded 204 in 0.0268 ms
2026-06-14 15:17:19.117 +05:30 [INF] WMS Request: LogoutCommand {"Username":"admin","$type":"LogoutCommand"}
2026-06-14 15:17:19.146 +05:30 [INF] WMS Response: LogoutCommand {"$type":"Unit"}
2026-06-14 15:17:19.149 +05:30 [INF] HTTP POST /api/v1/auth/logout responded 200 in 33.1437 ms
2026-06-14 15:17:26.369 +05:30 [INF] HTTP OPTIONS /api/v1/auth/login responded 204 in 0.0249 ms
2026-06-14 15:17:26.380 +05:30 [INF] WMS Request: LoginCommand {"Username":"arin","Password":"Arin@123","$type":"LoginCommand"}
2026-06-14 15:17:26.795 +05:30 [INF] WMS Response: LoginCommand {"AccessToken":"eyJhbGciOiJIUzI1NiIsInR5cCI6IkpXVCJ9.eyJzdWIiOiI4IiwidW5pcXVlX25hbWUiOiJhcmluIiwiaHR0cDovL3NjaGVtYXMubWljcm9zb2Z0LmNvbS93cy8yMDA4LzA2L2lkZW50aXR5L2NsYWltcy9yb2xlIjoiRW1wbG95ZWUiLCJlbXBsb3llZUlkIjoiOCIsImp0aSI6IjU5YzJjNDgyLTM1YjEtNGU1Yi04Y2YyLWNjMzUzZTFkOWY3NCIsImV4cCI6MTc4MTQzNDA0NiwiaXNzIjoiV01TLkFQSSIsImF1ZCI6IldNUy5DbGllbnQifQ.29p4ktimnSl2OAfFiTNIfES4FazE4ZppzhXqLh59Plg","RefreshToken":"e1kZDR3oQJz+F4IR9Ipu4Qr5qUfC5YLef+lYAsD5vPs4iEfGLP8u3CGPvp94S0G4UZoeoJH6mACQL3uE4Tcspg==","ExpiresAt":"2026-06-14T10:47:26.7949501Z","Username":"arin","Role":"Employee","EmployeeId":8,"$type":"LoginResponse"}
2026-06-14 15:17:26.800 +05:30 [INF] HTTP POST /api/v1/auth/login responded 200 in 425.6442 ms
2026-06-14 15:17:30.667 +05:30 [INF] HTTP OPTIONS /api/v1/attendance/employee/8/monthly responded 204 in 0.0409 ms
2026-06-14 15:17:30.681 +05:30 [INF] WMS Request: GetMonthlyAttendanceQuery {"EmployeeId":8,"Year":2026,"Month":6,"$type":"GetMonthlyAttendanceQuery"}
2026-06-14 15:17:30.712 +05:30 [INF] WMS Response: GetMonthlyAttendanceQuery []
2026-06-14 15:17:30.716 +05:30 [INF] HTTP GET /api/v1/attendance/employee/8/monthly responded 200 in 36.8270 ms
2026-06-14 15:17:35.206 +05:30 [INF] HTTP OPTIONS /api/v1/attendance/check-in responded 204 in 0.0203 ms
2026-06-14 15:17:35.211 +05:30 [INF] WMS Request: CheckInCommand {"Dto":{"EmpId":8,"WorkMode":"WFH","$type":"CheckInDto"},"$type":"CheckInCommand"}
2026-06-14 15:17:35.234 +05:30 [INF] WMS Response: CheckInCommand {"AttendanceId":13,"EmpId":8,"EmployeeName":null,"CheckIn":"2026-06-14T09:47:35.2231167Z","CheckOut":null,"TotalHours":null,"WorkMode":"WFH","AttendanceDate":"2026-06-14T00:00:00.0000000Z","Status":"In Progress","$type":"AttendanceDto"}
2026-06-14 15:17:35.243 +05:30 [INF] HTTP POST /api/v1/attendance/check-in responded 200 in 32.6264 ms
2026-06-14 15:17:35.249 +05:30 [INF] WMS Request: GetMonthlyAttendanceQuery {"EmployeeId":8,"Year":2026,"Month":6,"$type":"GetMonthlyAttendanceQuery"}
2026-06-14 15:17:35.258 +05:30 [INF] WMS Response: GetMonthlyAttendanceQuery [{"AttendanceId":13,"EmpId":8,"EmployeeName":null,"CheckIn":"2026-06-14T09:47:35.2231167","CheckOut":null,"TotalHours":null,"WorkMode":"WFH","AttendanceDate":"2026-06-14T00:00:00.0000000","Status":"In Progress","$type":"AttendanceDto"}]
2026-06-14 15:17:35.266 +05:30 [INF] HTTP GET /api/v1/attendance/employee/8/monthly responded 200 in 18.0166 ms
2026-06-14 15:17:38.194 +05:30 [INF] HTTP OPTIONS /api/v1/auth/logout responded 204 in 0.0229 ms
2026-06-14 15:17:38.197 +05:30 [INF] WMS Request: LogoutCommand {"Username":"arin","$type":"LogoutCommand"}
2026-06-14 15:17:38.216 +05:30 [INF] WMS Response: LogoutCommand {"$type":"Unit"}
2026-06-14 15:17:38.219 +05:30 [INF] HTTP POST /api/v1/auth/logout responded 200 in 22.0094 ms
2026-06-14 15:17:53.547 +05:30 [INF] HTTP OPTIONS /api/v1/auth/login responded 204 in 0.0319 ms
2026-06-14 15:17:53.554 +05:30 [INF] WMS Request: LoginCommand {"Username":"admin","Password":"Admin@123","$type":"LoginCommand"}
2026-06-14 15:17:53.788 +05:30 [INF] WMS Response: LoginCommand {"AccessToken":"eyJhbGciOiJIUzI1NiIsInR5cCI6IkpXVCJ9.eyJzdWIiOiIxIiwidW5pcXVlX25hbWUiOiJhZG1pbiIsImh0dHA6Ly9zY2hlbWFzLm1pY3Jvc29mdC5jb20vd3MvMjAwOC8wNi9pZGVudGl0eS9jbGFpbXMvcm9sZSI6IkFkbWluIiwiZW1wbG95ZWVJZCI6IjYiLCJqdGkiOiIxZjdkMzFiOS1iNmUyLTQwOGEtYWQzMi1lNzkzN2UwMzg5NjEiLCJleHAiOjE3ODE0MzQwNzMsImlzcyI6IldNUy5BUEkiLCJhdWQiOiJXTVMuQ2xpZW50In0.x4NJUvGzrGIG-vznWaQ56AVSMiP-cKGFp64-uXH5Vdc","RefreshToken":"gkPUDeGC+UtVa7CXtHwkAOF3bhHcAtJatkeWu2fUGrAG7CiOm6MUe5mppNdqiGwc1kqzlgJ/nN9EHlNLp4Kurw==","ExpiresAt":"2026-06-14T10:47:53.7881192Z","Username":"admin","Role":"Admin","EmployeeId":6,"$type":"LoginResponse"}
2026-06-14 15:17:53.796 +05:30 [INF] HTTP POST /api/v1/auth/login responded 200 in 242.3908 ms
2026-06-14 15:17:53.814 +05:30 [INF] HTTP OPTIONS /api/v1/dashboard/summary responded 204 in 0.0314 ms
2026-06-14 15:17:53.819 +05:30 [INF] WMS Request: GetDashboardSummaryQuery {"$type":"GetDashboardSummaryQuery"}
2026-06-14 15:17:53.899 +05:30 [INF] WMS Response: GetDashboardSummaryQuery {"TotalEmployees":8,"ActiveEmployees":6,"TotalDepartments":4,"TotalProjects":4,"ActiveProjects":3,"TotalClients":4,"TodayAttendanceCount":3,"PendingLeaves":1,"AttendanceTrend":[{"Date":"Jun 08","Present":1,"Absent":0,"WFH":1,"WFO":0,"$type":"AttendanceTrendDto"},{"Date":"Jun 09","Present":1,"Absent":0,"WFH":0,"WFO":1,"$type":"AttendanceTrendDto"},{"Date":"Jun 10","Present":1,"Absent":0,"WFH":1,"WFO":0,"$type":"AttendanceTrendDto"},{"Date":"Jun 11","Present":1,"Absent":0,"WFH":0,"WFO":1,"$type":"AttendanceTrendDto"},{"Date":"Jun 12","Present":1,"Absent":0,"WFH":1,"WFO":0,"$type":"AttendanceTrendDto"},{"Date":"Jun 13","Present":3,"Absent":0,"WFH":1,"WFO":2,"$type":"AttendanceTrendDto"},{"Date":"Jun 14","Present":3,"Absent":0,"WFH":2,"WFO":1,"$type":"AttendanceTrendDto"}],"LeaveTrend":[{"Month":"2/2026","Approved":1,"Pending":0,"Rejected":0,"$type":"LeaveTrendDto"},{"Month":"3/2026","Approved":0,"Pending":0,"Rejected":1,"$type":"LeaveTrendDto"},{"Month":"4/2026","Approved":0,"Pending":0,"Rejected":1,"$type":"LeaveTrendDto"},{"Month":"5/2026","Approved":1,"Pending":0,"Rejected":0,"$type":"LeaveTrendDto"},{"Month":"6/2026","Approved":4,"Pending":1,"Rejected":2,"$type":"LeaveTrendDto"}],"DepartmentDistribution":[{"DepartmentName":"Finance","EmployeeCount":2,"$type":"DepartmentDistributionDto"},{"DepartmentName":"Operations","EmployeeCount":2,"$type":"DepartmentDistributionDto"},{"DepartmentName":"AI-DS","EmployeeCount":1,"$type":"DepartmentDistributionDto"},{"DepartmentName":"HR","EmployeeCount":1,"$type":"DepartmentDistributionDto"}],"ProjectStatusDistribution":[{"Status":"Active","Count":3,"$type":"ProjectStatusDto"},{"Status":"Completed","Count":1,"$type":"ProjectStatusDto"}],"RecentAnnouncements":[{"AnnouncementId":3,"Title":"Meeting","Message":"Monthly review meeting","CreatedBy":0,"CreatedByName":"Hardik Patel","CreatedOn":"2026-06-13T02:26:06.7300000","IsActive":true,"$type":"AnnouncementDto"},{"AnnouncementId":4,"Title":"Policy Update","Message":"New HR policy released","CreatedBy":0,"CreatedByName":"Hardik Patel","CreatedOn":"2026-06-13T02:26:06.7300000","IsActive":true,"$type":"AnnouncementDto"},{"AnnouncementId":5,"Title":"Training","Message":"AI training scheduled","CreatedBy":0,"CreatedByName":"Hardik Patel","CreatedOn":"2026-06-13T02:26:06.7300000","IsActive":true,"$type":"AnnouncementDto"}],"$type":"DashboardSummaryDto"}
2026-06-14 15:17:54.029 +05:30 [INF] HTTP GET /api/v1/dashboard/summary responded 200 in 210.0670 ms
2026-06-14 15:17:56.817 +05:30 [INF] HTTP OPTIONS /api/v1/attendance/today responded 204 in 0.0323 ms
2026-06-14 15:17:56.817 +05:30 [INF] HTTP OPTIONS /api/v1/employees responded 204 in 0.0226 ms
2026-06-14 15:17:56.826 +05:30 [INF] WMS Request: GetTodayAttendanceQuery {"$type":"GetTodayAttendanceQuery"}
2026-06-14 15:17:56.830 +05:30 [INF] WMS Request: GetEmployeesQuery {"Search":null,"DepartmentId":null,"RoleId":null,"Status":null,"PageNumber":1,"PageSize":500,"$type":"GetEmployeesQuery"}
2026-06-14 15:17:56.855 +05:30 [INF] WMS Response: GetTodayAttendanceQuery [{"AttendanceId":13,"EmpId":8,"EmployeeName":"Arin saraf","CheckIn":"2026-06-14T09:47:35.2231167","CheckOut":null,"TotalHours":null,"WorkMode":"WFH","AttendanceDate":"2026-06-14T00:00:00.0000000","Status":"In Progress","$type":"AttendanceDto"},{"AttendanceId":12,"EmpId":5,"EmployeeName":"lakshya sharma","CheckIn":"2026-06-14T09:37:15.6955527","CheckOut":null,"TotalHours":null,"WorkMode":"WFO","AttendanceDate":"2026-06-14T00:00:00.0000000","Status":"In Progress","$type":"AttendanceDto"},{"AttendanceId":11,"EmpId":7,"EmployeeName":"pulkit jain","CheckIn":"2026-06-14T09:29:31.4453900","CheckOut":"2026-06-14T09:29:42.4411016","TotalHours":0,"WorkMode":"WFH","AttendanceDate":"2026-06-14T00:00:00.0000000","Status":"Complete","$type":"AttendanceDto"}]
2026-06-14 15:17:56.856 +05:30 [INF] WMS Response: GetEmployeesQuery {"Items":[{"EmployeeId":4,"FirstName":"aditya","LastName":"batwara","FullName":"aditya batwara","Email":"aditya21@gmail.com","PhoneNumber":"7414040730","Gender":"Male","DOB":"2004-02-21T00:00:00.0000000","DOJ":"2026-04-07T00:00:00.0000000","DepartmentId":5,"DepartmentName":"AI-DS","RoleId":3,"RoleName":"Employee","Status":"Inactive","CreatedOn":"2026-06-12T23:12:11.5907684","UpdatedOn":"2026-06-13T12:36:11.3585878","$type":"EmployeeDto"},{"EmployeeId":8,"FirstName":"Arin","LastName":"saraf","FullName":"Arin saraf","Email":"arinsunar@gmail.com","PhoneNumber":"8945625347","Gender":"Male","DOB":"2004-01-04T00:00:00.0000000","DOJ":"2026-05-14T00:00:00.0000000","DepartmentId":3,"DepartmentName":"Finance","RoleId":3,"RoleName":"Employee","Status":"Active","CreatedOn":"2026-06-14T09:47:10.1921159","UpdatedOn":null,"$type":"EmployeeDto"},{"EmployeeId":3,"FirstName":"hardik","LastName":"maloo","FullName":"hardik maloo","Email":"hardikmaloo21@gmail.com","PhoneNumber":"8107663009","Gender":"Male","DOB":"2004-06-21T00:00:00.0000000","DOJ":"2026-06-04T00:00:00.0000000","DepartmentId":5,"DepartmentName":"AI-DS","RoleId":3,"RoleName":"Employee","Status":"Active","CreatedOn":"2026-06-12T23:10:13.1851457","UpdatedOn":null,"$type":"EmployeeDto"},{"EmployeeId":1,"FirstName":"Hardik","LastName":"Patel","FullName":"Hardik Patel","Email":"hardik@test.com","PhoneNumber":"7737131410","Gender":"Male","DOB":"2004-06-21T00:00:00.0000000","DOJ":"2026-06-08T00:00:00.0000000","DepartmentId":1,"DepartmentName":"HR","RoleId":2,"RoleName":"Manager","Status":"Inactive","CreatedOn":"2026-06-11T15:03:58.6936554","UpdatedOn":"2026-06-13T23:49:09.2801027","$type":"EmployeeDto"},{"EmployeeId":2,"FirstName":"harsh","LastName":"rathore","FullName":"harsh rathore","Email":"harsh@gmail.com","PhoneNumber":"7976681235","Gender":"Male","DOB":"2005-07-03T00:00:00.0000000","DOJ":"2026-06-12T00:00:00.0000000","DepartmentId":3,"DepartmentName":"Finance","RoleId":1,"RoleName":"Admin","Status":"Active","CreatedOn":"2026-06-12T21:25:47.5693795","UpdatedOn":"2026-06-12T23:08:27.1985056","$type":"EmployeeDto"},{"EmployeeId":5,"FirstName":"lakshya","LastName":"sharma","FullName":"lakshya sharma","Email":"lakshya@gmail.com","PhoneNumber":"8946456765","Gender":"Male","DOB":"2005-03-14T00:00:00.0000000","DOJ":"2026-04-08T00:00:00.0000000","DepartmentId":4,"DepartmentName":"Operations","RoleId":3,"RoleName":"Employee","Status":"Active","CreatedOn":"2026-06-13T08:09:44.8928080","UpdatedOn":null,"$type":"EmployeeDto"},{"EmployeeId":7,"FirstName":"pulkit","LastName":"jain","FullName":"pulkit jain","Email":"pulkitjain@gmail.com","PhoneNumber":"7894561230","Gender":"Male","DOB":"2004-04-14T00:00:00.0000000","DOJ":"2026-06-14T00:00:00.0000000","DepartmentId":4,"DepartmentName":"Operations","RoleId":3,"RoleName":"Employee","Status":"Active","CreatedOn":"2026-06-14T06:41:11.1355668","UpdatedOn":null,"$type":"EmployeeDto"},{"EmployeeId":6,"FirstName":"System","LastName":"Admin","FullName":"System Admin","Email":"admin@wms.com","PhoneNumber":"9999999999","Gender":"Male","DOB":"1990-01-01T00:00:00.0000000","DOJ":"2026-06-13T19:06:47.4733333","DepartmentId":1,"DepartmentName":"HR","RoleId":1,"RoleName":"Admin","Status":"Active","CreatedOn":"2026-06-13T19:06:47.4733333","UpdatedOn":null,"$type":"EmployeeDto"}],"TotalCount":8,"PageNumber":1,"PageSize":500,"TotalPages":1,"HasPreviousPage":false,"HasNextPage":false,"$type":"PagedResult`1"}
2026-06-14 15:17:56.883 +05:30 [INF] HTTP GET /api/v1/attendance/today responded 200 in 57.3625 ms
2026-06-14 15:17:56.987 +05:30 [INF] HTTP GET /api/v1/employees responded 200 in 157.9331 ms
2026-06-14 15:18:03.027 +05:30 [INF] HTTP OPTIONS /api/v1/departments responded 204 in 0.0245 ms
2026-06-14 15:18:03.032 +05:30 [INF] WMS Request: GetDepartmentsQuery {"$type":"GetDepartmentsQuery"}
2026-06-14 15:18:03.048 +05:30 [INF] WMS Response: GetDepartmentsQuery [{"DepartmentId":1,"DepartmentName":"HR","Description":"Human Resourcesss","EmployeeCount":2,"CreatedOn":"2024-01-01T00:00:00.0000000","$type":"DepartmentDto"},{"DepartmentId":3,"DepartmentName":"Finance","Description":"Finance & Accounts","EmployeeCount":2,"CreatedOn":"2024-01-01T00:00:00.0000000","$type":"DepartmentDto"},{"DepartmentId":4,"DepartmentName":"Operations","Description":"Business Operations","EmployeeCount":2,"CreatedOn":"2024-01-01T00:00:00.0000000","$type":"DepartmentDto"},{"DepartmentId":5,"DepartmentName":"AI-DS","Description":"artificial intelligence and data science","EmployeeCount":2,"CreatedOn":"2026-06-11T15:03:13.6443056","$type":"DepartmentDto"}]
2026-06-14 15:18:03.070 +05:30 [INF] HTTP GET /api/v1/departments responded 200 in 38.1641 ms
2026-06-14 15:18:04.815 +05:30 [INF] HTTP OPTIONS /api/v1/attendance/today responded 204 in 0.0285 ms
2026-06-14 15:18:04.816 +05:30 [INF] HTTP OPTIONS /api/v1/employees responded 204 in 0.0214 ms
2026-06-14 15:18:04.821 +05:30 [INF] WMS Request: GetTodayAttendanceQuery {"$type":"GetTodayAttendanceQuery"}
2026-06-14 15:18:04.827 +05:30 [INF] WMS Request: GetEmployeesQuery {"Search":null,"DepartmentId":null,"RoleId":null,"Status":null,"PageNumber":1,"PageSize":500,"$type":"GetEmployeesQuery"}
2026-06-14 15:18:04.840 +05:30 [INF] WMS Response: GetTodayAttendanceQuery [{"AttendanceId":13,"EmpId":8,"EmployeeName":"Arin saraf","CheckIn":"2026-06-14T09:47:35.2231167","CheckOut":null,"TotalHours":null,"WorkMode":"WFH","AttendanceDate":"2026-06-14T00:00:00.0000000","Status":"In Progress","$type":"AttendanceDto"},{"AttendanceId":12,"EmpId":5,"EmployeeName":"lakshya sharma","CheckIn":"2026-06-14T09:37:15.6955527","CheckOut":null,"TotalHours":null,"WorkMode":"WFO","AttendanceDate":"2026-06-14T00:00:00.0000000","Status":"In Progress","$type":"AttendanceDto"},{"AttendanceId":11,"EmpId":7,"EmployeeName":"pulkit jain","CheckIn":"2026-06-14T09:29:31.4453900","CheckOut":"2026-06-14T09:29:42.4411016","TotalHours":0,"WorkMode":"WFH","AttendanceDate":"2026-06-14T00:00:00.0000000","Status":"Complete","$type":"AttendanceDto"}]
2026-06-14 15:18:04.854 +05:30 [INF] WMS Response: GetEmployeesQuery {"Items":[{"EmployeeId":4,"FirstName":"aditya","LastName":"batwara","FullName":"aditya batwara","Email":"aditya21@gmail.com","PhoneNumber":"7414040730","Gender":"Male","DOB":"2004-02-21T00:00:00.0000000","DOJ":"2026-04-07T00:00:00.0000000","DepartmentId":5,"DepartmentName":"AI-DS","RoleId":3,"RoleName":"Employee","Status":"Inactive","CreatedOn":"2026-06-12T23:12:11.5907684","UpdatedOn":"2026-06-13T12:36:11.3585878","$type":"EmployeeDto"},{"EmployeeId":8,"FirstName":"Arin","LastName":"saraf","FullName":"Arin saraf","Email":"arinsunar@gmail.com","PhoneNumber":"8945625347","Gender":"Male","DOB":"2004-01-04T00:00:00.0000000","DOJ":"2026-05-14T00:00:00.0000000","DepartmentId":3,"DepartmentName":"Finance","RoleId":3,"RoleName":"Employee","Status":"Active","CreatedOn":"2026-06-14T09:47:10.1921159","UpdatedOn":null,"$type":"EmployeeDto"},{"EmployeeId":3,"FirstName":"hardik","LastName":"maloo","FullName":"hardik maloo","Email":"hardikmaloo21@gmail.com","PhoneNumber":"8107663009","Gender":"Male","DOB":"2004-06-21T00:00:00.0000000","DOJ":"2026-06-04T00:00:00.0000000","DepartmentId":5,"DepartmentName":"AI-DS","RoleId":3,"RoleName":"Employee","Status":"Active","CreatedOn":"2026-06-12T23:10:13.1851457","UpdatedOn":null,"$type":"EmployeeDto"},{"EmployeeId":1,"FirstName":"Hardik","LastName":"Patel","FullName":"Hardik Patel","Email":"hardik@test.com","PhoneNumber":"7737131410","Gender":"Male","DOB":"2004-06-21T00:00:00.0000000","DOJ":"2026-06-08T00:00:00.0000000","DepartmentId":1,"DepartmentName":"HR","RoleId":2,"RoleName":"Manager","Status":"Inactive","CreatedOn":"2026-06-11T15:03:58.6936554","UpdatedOn":"2026-06-13T23:49:09.2801027","$type":"EmployeeDto"},{"EmployeeId":2,"FirstName":"harsh","LastName":"rathore","FullName":"harsh rathore","Email":"harsh@gmail.com","PhoneNumber":"7976681235","Gender":"Male","DOB":"2005-07-03T00:00:00.0000000","DOJ":"2026-06-12T00:00:00.0000000","DepartmentId":3,"DepartmentName":"Finance","RoleId":1,"RoleName":"Admin","Status":"Active","CreatedOn":"2026-06-12T21:25:47.5693795","UpdatedOn":"2026-06-12T23:08:27.1985056","$type":"EmployeeDto"},{"EmployeeId":5,"FirstName":"lakshya","LastName":"sharma","FullName":"lakshya sharma","Email":"lakshya@gmail.com","PhoneNumber":"8946456765","Gender":"Male","DOB":"2005-03-14T00:00:00.0000000","DOJ":"2026-04-08T00:00:00.0000000","DepartmentId":4,"DepartmentName":"Operations","RoleId":3,"RoleName":"Employee","Status":"Active","CreatedOn":"2026-06-13T08:09:44.8928080","UpdatedOn":null,"$type":"EmployeeDto"},{"EmployeeId":7,"FirstName":"pulkit","LastName":"jain","FullName":"pulkit jain","Email":"pulkitjain@gmail.com","PhoneNumber":"7894561230","Gender":"Male","DOB":"2004-04-14T00:00:00.0000000","DOJ":"2026-06-14T00:00:00.0000000","DepartmentId":4,"DepartmentName":"Operations","RoleId":3,"RoleName":"Employee","Status":"Active","CreatedOn":"2026-06-14T06:41:11.1355668","UpdatedOn":null,"$type":"EmployeeDto"},{"EmployeeId":6,"FirstName":"System","LastName":"Admin","FullName":"System Admin","Email":"admin@wms.com","PhoneNumber":"9999999999","Gender":"Male","DOB":"1990-01-01T00:00:00.0000000","DOJ":"2026-06-13T19:06:47.4733333","DepartmentId":1,"DepartmentName":"HR","RoleId":1,"RoleName":"Admin","Status":"Active","CreatedOn":"2026-06-13T19:06:47.4733333","UpdatedOn":null,"$type":"EmployeeDto"}],"TotalCount":8,"PageNumber":1,"PageSize":500,"TotalPages":1,"HasPreviousPage":false,"HasNextPage":false,"$type":"PagedResult`1"}
2026-06-14 15:18:04.870 +05:30 [INF] HTTP GET /api/v1/attendance/today responded 200 in 49.8510 ms
2026-06-14 15:18:04.997 +05:30 [INF] HTTP GET /api/v1/employees responded 200 in 171.7324 ms
2026-06-14 15:18:08.880 +05:30 [INF] HTTP OPTIONS /api/v1/departments responded 204 in 0.0276 ms
2026-06-14 15:18:08.881 +05:30 [INF] HTTP OPTIONS /api/v1/employees responded 204 in 0.0179 ms
2026-06-14 15:18:08.887 +05:30 [INF] WMS Request: GetDepartmentsQuery {"$type":"GetDepartmentsQuery"}
2026-06-14 15:18:08.891 +05:30 [INF] WMS Request: GetEmployeesQuery {"Search":null,"DepartmentId":null,"RoleId":null,"Status":"Active","PageNumber":1,"PageSize":10,"$type":"GetEmployeesQuery"}
2026-06-14 15:18:08.901 +05:30 [INF] WMS Response: GetDepartmentsQuery [{"DepartmentId":1,"DepartmentName":"HR","Description":"Human Resourcesss","EmployeeCount":2,"CreatedOn":"2024-01-01T00:00:00.0000000","$type":"DepartmentDto"},{"DepartmentId":3,"DepartmentName":"Finance","Description":"Finance & Accounts","EmployeeCount":2,"CreatedOn":"2024-01-01T00:00:00.0000000","$type":"DepartmentDto"},{"DepartmentId":4,"DepartmentName":"Operations","Description":"Business Operations","EmployeeCount":2,"CreatedOn":"2024-01-01T00:00:00.0000000","$type":"DepartmentDto"},{"DepartmentId":5,"DepartmentName":"AI-DS","Description":"artificial intelligence and data science","EmployeeCount":2,"CreatedOn":"2026-06-11T15:03:13.6443056","$type":"DepartmentDto"}]
2026-06-14 15:18:08.921 +05:30 [INF] WMS Response: GetEmployeesQuery {"Items":[{"EmployeeId":8,"FirstName":"Arin","LastName":"saraf","FullName":"Arin saraf","Email":"arinsunar@gmail.com","PhoneNumber":"8945625347","Gender":"Male","DOB":"2004-01-04T00:00:00.0000000","DOJ":"2026-05-14T00:00:00.0000000","DepartmentId":3,"DepartmentName":"Finance","RoleId":3,"RoleName":"Employee","Status":"Active","CreatedOn":"2026-06-14T09:47:10.1921159","UpdatedOn":null,"$type":"EmployeeDto"},{"EmployeeId":3,"FirstName":"hardik","LastName":"maloo","FullName":"hardik maloo","Email":"hardikmaloo21@gmail.com","PhoneNumber":"8107663009","Gender":"Male","DOB":"2004-06-21T00:00:00.0000000","DOJ":"2026-06-04T00:00:00.0000000","DepartmentId":5,"DepartmentName":"AI-DS","RoleId":3,"RoleName":"Employee","Status":"Active","CreatedOn":"2026-06-12T23:10:13.1851457","UpdatedOn":null,"$type":"EmployeeDto"},{"EmployeeId":2,"FirstName":"harsh","LastName":"rathore","FullName":"harsh rathore","Email":"harsh@gmail.com","PhoneNumber":"7976681235","Gender":"Male","DOB":"2005-07-03T00:00:00.0000000","DOJ":"2026-06-12T00:00:00.0000000","DepartmentId":3,"DepartmentName":"Finance","RoleId":1,"RoleName":"Admin","Status":"Active","CreatedOn":"2026-06-12T21:25:47.5693795","UpdatedOn":"2026-06-12T23:08:27.1985056","$type":"EmployeeDto"},{"EmployeeId":5,"FirstName":"lakshya","LastName":"sharma","FullName":"lakshya sharma","Email":"lakshya@gmail.com","PhoneNumber":"8946456765","Gender":"Male","DOB":"2005-03-14T00:00:00.0000000","DOJ":"2026-04-08T00:00:00.0000000","DepartmentId":4,"DepartmentName":"Operations","RoleId":3,"RoleName":"Employee","Status":"Active","CreatedOn":"2026-06-13T08:09:44.8928080","UpdatedOn":null,"$type":"EmployeeDto"},{"EmployeeId":7,"FirstName":"pulkit","LastName":"jain","FullName":"pulkit jain","Email":"pulkitjain@gmail.com","PhoneNumber":"7894561230","Gender":"Male","DOB":"2004-04-14T00:00:00.0000000","DOJ":"2026-06-14T00:00:00.0000000","DepartmentId":4,"DepartmentName":"Operations","RoleId":3,"RoleName":"Employee","Status":"Active","CreatedOn":"2026-06-14T06:41:11.1355668","UpdatedOn":null,"$type":"EmployeeDto"},{"EmployeeId":6,"FirstName":"System","LastName":"Admin","FullName":"System Admin","Email":"admin@wms.com","PhoneNumber":"9999999999","Gender":"Male","DOB":"1990-01-01T00:00:00.0000000","DOJ":"2026-06-13T19:06:47.4733333","DepartmentId":1,"DepartmentName":"HR","RoleId":1,"RoleName":"Admin","Status":"Active","CreatedOn":"2026-06-13T19:06:47.4733333","UpdatedOn":null,"$type":"EmployeeDto"}],"TotalCount":6,"PageNumber":1,"PageSize":10,"TotalPages":1,"HasPreviousPage":false,"HasNextPage":false,"$type":"PagedResult`1"}
2026-06-14 15:18:08.929 +05:30 [INF] HTTP GET /api/v1/departments responded 200 in 43.1229 ms
2026-06-14 15:18:09.024 +05:30 [INF] HTTP GET /api/v1/employees responded 200 in 133.4259 ms
2026-06-14 15:19:35.324 +05:30 [INF] HTTP OPTIONS /api/v1/employees responded 204 in 1.9395 ms
2026-06-14 15:19:35.324 +05:30 [INF] HTTP OPTIONS /api/v1/departments responded 204 in 1.9752 ms
2026-06-14 15:19:35.362 +05:30 [INF] WMS Request: GetDepartmentsQuery {"$type":"GetDepartmentsQuery"}
2026-06-14 15:19:35.363 +05:30 [INF] WMS Request: GetEmployeesQuery {"Search":null,"DepartmentId":null,"RoleId":null,"Status":"Active","PageNumber":1,"PageSize":10,"$type":"GetEmployeesQuery"}
2026-06-14 15:19:35.526 +05:30 [INF] WMS Response: GetDepartmentsQuery [{"DepartmentId":1,"DepartmentName":"HR","Description":"Human Resourcesss","EmployeeCount":2,"CreatedOn":"2024-01-01T00:00:00.0000000","$type":"DepartmentDto"},{"DepartmentId":3,"DepartmentName":"Finance","Description":"Finance & Accounts","EmployeeCount":2,"CreatedOn":"2024-01-01T00:00:00.0000000","$type":"DepartmentDto"},{"DepartmentId":4,"DepartmentName":"Operations","Description":"Business Operations","EmployeeCount":2,"CreatedOn":"2024-01-01T00:00:00.0000000","$type":"DepartmentDto"},{"DepartmentId":5,"DepartmentName":"AI-DS","Description":"artificial intelligence and data science","EmployeeCount":2,"CreatedOn":"2026-06-11T15:03:13.6443056","$type":"DepartmentDto"}]
2026-06-14 15:19:35.552 +05:30 [INF] HTTP GET /api/v1/departments responded 200 in 210.6623 ms
2026-06-14 15:19:35.573 +05:30 [INF] WMS Response: GetEmployeesQuery {"Items":[{"EmployeeId":8,"FirstName":"Arin","LastName":"saraf","FullName":"Arin saraf","Email":"arinsunar@gmail.com","PhoneNumber":"8945625347","Gender":"Male","DOB":"2004-01-04T00:00:00.0000000","DOJ":"2026-05-14T00:00:00.0000000","DepartmentId":3,"DepartmentName":"Finance","RoleId":3,"RoleName":"Employee","Status":"Active","CreatedOn":"2026-06-14T09:47:10.1921159","UpdatedOn":null,"$type":"EmployeeDto"},{"EmployeeId":3,"FirstName":"hardik","LastName":"maloo","FullName":"hardik maloo","Email":"hardikmaloo21@gmail.com","PhoneNumber":"8107663009","Gender":"Male","DOB":"2004-06-21T00:00:00.0000000","DOJ":"2026-06-04T00:00:00.0000000","DepartmentId":5,"DepartmentName":"AI-DS","RoleId":3,"RoleName":"Employee","Status":"Active","CreatedOn":"2026-06-12T23:10:13.1851457","UpdatedOn":null,"$type":"EmployeeDto"},{"EmployeeId":2,"FirstName":"harsh","LastName":"rathore","FullName":"harsh rathore","Email":"harsh@gmail.com","PhoneNumber":"7976681235","Gender":"Male","DOB":"2005-07-03T00:00:00.0000000","DOJ":"2026-06-12T00:00:00.0000000","DepartmentId":3,"DepartmentName":"Finance","RoleId":1,"RoleName":"Admin","Status":"Active","CreatedOn":"2026-06-12T21:25:47.5693795","UpdatedOn":"2026-06-12T23:08:27.1985056","$type":"EmployeeDto"},{"EmployeeId":5,"FirstName":"lakshya","LastName":"sharma","FullName":"lakshya sharma","Email":"lakshya@gmail.com","PhoneNumber":"8946456765","Gender":"Male","DOB":"2005-03-14T00:00:00.0000000","DOJ":"2026-04-08T00:00:00.0000000","DepartmentId":4,"DepartmentName":"Operations","RoleId":3,"RoleName":"Employee","Status":"Active","CreatedOn":"2026-06-13T08:09:44.8928080","UpdatedOn":null,"$type":"EmployeeDto"},{"EmployeeId":7,"FirstName":"pulkit","LastName":"jain","FullName":"pulkit jain","Email":"pulkitjain@gmail.com","PhoneNumber":"7894561230","Gender":"Male","DOB":"2004-04-14T00:00:00.0000000","DOJ":"2026-06-14T00:00:00.0000000","DepartmentId":4,"DepartmentName":"Operations","RoleId":3,"RoleName":"Employee","Status":"Active","CreatedOn":"2026-06-14T06:41:11.1355668","UpdatedOn":null,"$type":"EmployeeDto"},{"EmployeeId":6,"FirstName":"System","LastName":"Admin","FullName":"System Admin","Email":"admin@wms.com","PhoneNumber":"9999999999","Gender":"Male","DOB":"1990-01-01T00:00:00.0000000","DOJ":"2026-06-13T19:06:47.4733333","DepartmentId":1,"DepartmentName":"HR","RoleId":1,"RoleName":"Admin","Status":"Active","CreatedOn":"2026-06-13T19:06:47.4733333","UpdatedOn":null,"$type":"EmployeeDto"}],"TotalCount":6,"PageNumber":1,"PageSize":10,"TotalPages":1,"HasPreviousPage":false,"HasNextPage":false,"$type":"PagedResult`1"}
2026-06-14 15:19:35.683 +05:30 [INF] HTTP GET /api/v1/employees responded 200 in 342.4251 ms
2026-06-14 15:20:38.660 +05:30 [INF] HTTP OPTIONS /api/v1/departments responded 204 in 1.5412 ms
2026-06-14 15:20:38.669 +05:30 [INF] HTTP OPTIONS /api/v1/employees responded 204 in 0.0194 ms
2026-06-14 15:20:38.692 +05:30 [INF] WMS Request: GetDepartmentsQuery {"$type":"GetDepartmentsQuery"}
2026-06-14 15:20:38.693 +05:30 [INF] WMS Request: GetEmployeesQuery {"Search":null,"DepartmentId":null,"RoleId":null,"Status":"Active","PageNumber":1,"PageSize":10,"$type":"GetEmployeesQuery"}
2026-06-14 15:20:38.885 +05:30 [INF] WMS Response: GetDepartmentsQuery [{"DepartmentId":1,"DepartmentName":"HR","Description":"Human Resourcesss","EmployeeCount":2,"CreatedOn":"2024-01-01T00:00:00.0000000","$type":"DepartmentDto"},{"DepartmentId":3,"DepartmentName":"Finance","Description":"Finance & Accounts","EmployeeCount":2,"CreatedOn":"2024-01-01T00:00:00.0000000","$type":"DepartmentDto"},{"DepartmentId":4,"DepartmentName":"Operations","Description":"Business Operations","EmployeeCount":2,"CreatedOn":"2024-01-01T00:00:00.0000000","$type":"DepartmentDto"},{"DepartmentId":5,"DepartmentName":"AI-DS","Description":"artificial intelligence and data science","EmployeeCount":2,"CreatedOn":"2026-06-11T15:03:13.6443056","$type":"DepartmentDto"}]
2026-06-14 15:20:38.908 +05:30 [INF] HTTP GET /api/v1/departments responded 200 in 234.1300 ms
2026-06-14 15:20:38.925 +05:30 [INF] WMS Response: GetEmployeesQuery {"Items":[{"EmployeeId":8,"FirstName":"Arin","LastName":"saraf","FullName":"Arin saraf","Email":"arinsunar@gmail.com","PhoneNumber":"8945625347","Gender":"Male","DOB":"2004-01-04T00:00:00.0000000","DOJ":"2026-05-14T00:00:00.0000000","DepartmentId":3,"DepartmentName":"Finance","RoleId":3,"RoleName":"Employee","Status":"Active","CreatedOn":"2026-06-14T09:47:10.1921159","UpdatedOn":null,"$type":"EmployeeDto"},{"EmployeeId":3,"FirstName":"hardik","LastName":"maloo","FullName":"hardik maloo","Email":"hardikmaloo21@gmail.com","PhoneNumber":"8107663009","Gender":"Male","DOB":"2004-06-21T00:00:00.0000000","DOJ":"2026-06-04T00:00:00.0000000","DepartmentId":5,"DepartmentName":"AI-DS","RoleId":3,"RoleName":"Employee","Status":"Active","CreatedOn":"2026-06-12T23:10:13.1851457","UpdatedOn":null,"$type":"EmployeeDto"},{"EmployeeId":2,"FirstName":"harsh","LastName":"rathore","FullName":"harsh rathore","Email":"harsh@gmail.com","PhoneNumber":"7976681235","Gender":"Male","DOB":"2005-07-03T00:00:00.0000000","DOJ":"2026-06-12T00:00:00.0000000","DepartmentId":3,"DepartmentName":"Finance","RoleId":1,"RoleName":"Admin","Status":"Active","CreatedOn":"2026-06-12T21:25:47.5693795","UpdatedOn":"2026-06-12T23:08:27.1985056","$type":"EmployeeDto"},{"EmployeeId":5,"FirstName":"lakshya","LastName":"sharma","FullName":"lakshya sharma","Email":"lakshya@gmail.com","PhoneNumber":"8946456765","Gender":"Male","DOB":"2005-03-14T00:00:00.0000000","DOJ":"2026-04-08T00:00:00.0000000","DepartmentId":4,"DepartmentName":"Operations","RoleId":3,"RoleName":"Employee","Status":"Active","CreatedOn":"2026-06-13T08:09:44.8928080","UpdatedOn":null,"$type":"EmployeeDto"},{"EmployeeId":7,"FirstName":"pulkit","LastName":"jain","FullName":"pulkit jain","Email":"pulkitjain@gmail.com","PhoneNumber":"7894561230","Gender":"Male","DOB":"2004-04-14T00:00:00.0000000","DOJ":"2026-06-14T00:00:00.0000000","DepartmentId":4,"DepartmentName":"Operations","RoleId":3,"RoleName":"Employee","Status":"Active","CreatedOn":"2026-06-14T06:41:11.1355668","UpdatedOn":null,"$type":"EmployeeDto"},{"EmployeeId":6,"FirstName":"System","LastName":"Admin","FullName":"System Admin","Email":"admin@wms.com","PhoneNumber":"9999999999","Gender":"Male","DOB":"1990-01-01T00:00:00.0000000","DOJ":"2026-06-13T19:06:47.4733333","DepartmentId":1,"DepartmentName":"HR","RoleId":1,"RoleName":"Admin","Status":"Active","CreatedOn":"2026-06-13T19:06:47.4733333","UpdatedOn":null,"$type":"EmployeeDto"}],"TotalCount":6,"PageNumber":1,"PageSize":10,"TotalPages":1,"HasPreviousPage":false,"HasNextPage":false,"$type":"PagedResult`1"}
2026-06-14 15:20:39.014 +05:30 [INF] HTTP GET /api/v1/employees responded 200 in 338.9513 ms
2026-06-14 15:20:41.803 +05:30 [INF] HTTP OPTIONS /api/v1/auth/logout responded 204 in 3.4654 ms
2026-06-14 15:20:41.840 +05:30 [INF] WMS Request: LogoutCommand {"Username":"admin","$type":"LogoutCommand"}
2026-06-14 15:20:41.998 +05:30 [INF] WMS Response: LogoutCommand {"$type":"Unit"}
2026-06-14 15:20:42.001 +05:30 [INF] HTTP POST /api/v1/auth/logout responded 200 in 186.7963 ms
2026-06-14 15:21:02.683 +05:30 [INF] HTTP OPTIONS /api/v1/auth/login responded 204 in 0.0378 ms
2026-06-14 15:21:02.705 +05:30 [INF] WMS Request: LoginCommand {"Username":"arin","Password":"Arin@123","$type":"LoginCommand"}
2026-06-14 15:21:03.246 +05:30 [WRN] WMS Long Running Request: LoginCommand (511ms) {"Username":"arin","Password":"Arin@123","$type":"LoginCommand"}
2026-06-14 15:21:03.252 +05:30 [INF] WMS Response: LoginCommand {"AccessToken":"eyJhbGciOiJIUzI1NiIsInR5cCI6IkpXVCJ9.eyJzdWIiOiI4IiwidW5pcXVlX25hbWUiOiJhcmluIiwiaHR0cDovL3NjaGVtYXMubWljcm9zb2Z0LmNvbS93cy8yMDA4LzA2L2lkZW50aXR5L2NsYWltcy9yb2xlIjoiRW1wbG95ZWUiLCJlbXBsb3llZUlkIjoiOCIsImp0aSI6IjY2M2FmMWQ5LTBjNWMtNDc2YS1hM2JjLTQ2MThjNjk1YTNjZCIsImV4cCI6MTc4MTQzNDI2MywiaXNzIjoiV01TLkFQSSIsImF1ZCI6IldNUy5DbGllbnQifQ.jbkbCdeYA22hcsdEJBFk-UJX2aboQx-Vh10VuJjaxtA","RefreshToken":"lp5aEbJ8Fg4YOaomqjC3MMpM80Mh0Fl3v/pevaEdtowUi/qph3cIBySOSEEmT1XyiX1drXLyxSIRiJI94DI6OQ==","ExpiresAt":"2026-06-14T10:51:03.2453251Z","Username":"arin","Role":"Employee","EmployeeId":8,"$type":"LoginResponse"}
2026-06-14 15:21:03.264 +05:30 [INF] HTTP POST /api/v1/auth/login responded 200 in 576.7898 ms
2026-06-14 15:21:03.304 +05:30 [INF] HTTP OPTIONS /api/v1/attendance/employee/8/monthly responded 204 in 0.0326 ms
2026-06-14 15:21:03.308 +05:30 [INF] HTTP OPTIONS /api/v1/leaves/employee/8 responded 204 in 0.0303 ms
2026-06-14 15:21:03.313 +05:30 [INF] WMS Request: GetMonthlyAttendanceQuery {"EmployeeId":8,"Year":2026,"Month":6,"$type":"GetMonthlyAttendanceQuery"}
2026-06-14 15:21:03.314 +05:30 [INF] WMS Request: GetLeavesByEmployeeQuery {"EmployeeId":8,"PageNumber":1,"PageSize":10,"$type":"GetLeavesByEmployeeQuery"}
2026-06-14 15:21:03.362 +05:30 [INF] WMS Response: GetLeavesByEmployeeQuery {"Items":[],"TotalCount":0,"PageNumber":1,"PageSize":10,"TotalPages":0,"HasPreviousPage":false,"HasNextPage":false,"$type":"PagedResult`1"}
2026-06-14 15:21:03.369 +05:30 [INF] WMS Response: GetMonthlyAttendanceQuery [{"AttendanceId":13,"EmpId":8,"EmployeeName":null,"CheckIn":"2026-06-14T09:47:35.2231167","CheckOut":null,"TotalHours":null,"WorkMode":"WFH","AttendanceDate":"2026-06-14T00:00:00.0000000","Status":"In Progress","$type":"AttendanceDto"}]
2026-06-14 15:21:03.371 +05:30 [INF] HTTP GET /api/v1/leaves/employee/8 responded 200 in 58.3764 ms
2026-06-14 15:21:03.387 +05:30 [INF] HTTP GET /api/v1/attendance/employee/8/monthly responded 200 in 76.6925 ms
2026-06-14 15:21:10.371 +05:30 [INF] HTTP OPTIONS /api/v1/announcements responded 204 in 0.0239 ms
2026-06-14 15:21:10.381 +05:30 [INF] WMS Request: GetAnnouncementsQuery {"IsActive":null,"PageNumber":1,"PageSize":10,"$type":"GetAnnouncementsQuery"}
2026-06-14 15:21:10.422 +05:30 [INF] WMS Response: GetAnnouncementsQuery {"Items":[{"AnnouncementId":2,"Title":"Holiday","Message":"Office holiday next week yesss","CreatedBy":1,"CreatedByName":"Hardik Patel","CreatedOn":"2026-06-13T02:26:06.7300000","IsActive":false,"$type":"AnnouncementDto"},{"AnnouncementId":3,"Title":"Meeting","Message":"Monthly review meeting","CreatedBy":1,"CreatedByName":"Hardik Patel","CreatedOn":"2026-06-13T02:26:06.7300000","IsActive":true,"$type":"AnnouncementDto"},{"AnnouncementId":4,"Title":"Policy Update","Message":"New HR policy released","CreatedBy":1,"CreatedByName":"Hardik Patel","CreatedOn":"2026-06-13T02:26:06.7300000","IsActive":true,"$type":"AnnouncementDto"},{"AnnouncementId":5,"Title":"Training","Message":"AI training scheduled","CreatedBy":1,"CreatedByName":"Hardik Patel","CreatedOn":"2026-06-13T02:26:06.7300000","IsActive":true,"$type":"AnnouncementDto"}],"TotalCount":4,"PageNumber":1,"PageSize":10,"TotalPages":1,"HasPreviousPage":false,"HasNextPage":false,"$type":"PagedResult`1"}
2026-06-14 15:21:10.461 +05:30 [INF] HTTP GET /api/v1/announcements responded 200 in 81.4547 ms
2026-06-14 15:21:12.294 +05:30 [INF] HTTP OPTIONS /api/v1/attendance/employee/8/monthly responded 204 in 0.0279 ms
2026-06-14 15:21:12.294 +05:30 [INF] HTTP OPTIONS /api/v1/leaves/employee/8 responded 204 in 0.0230 ms
2026-06-14 15:21:12.306 +05:30 [INF] WMS Request: GetLeavesByEmployeeQuery {"EmployeeId":8,"PageNumber":1,"PageSize":10,"$type":"GetLeavesByEmployeeQuery"}
2026-06-14 15:21:12.306 +05:30 [INF] WMS Request: GetMonthlyAttendanceQuery {"EmployeeId":8,"Year":2026,"Month":6,"$type":"GetMonthlyAttendanceQuery"}
2026-06-14 15:21:12.330 +05:30 [INF] WMS Response: GetMonthlyAttendanceQuery [{"AttendanceId":13,"EmpId":8,"EmployeeName":null,"CheckIn":"2026-06-14T09:47:35.2231167","CheckOut":null,"TotalHours":null,"WorkMode":"WFH","AttendanceDate":"2026-06-14T00:00:00.0000000","Status":"In Progress","$type":"AttendanceDto"}]
2026-06-14 15:21:12.331 +05:30 [INF] WMS Response: GetLeavesByEmployeeQuery {"Items":[],"TotalCount":0,"PageNumber":1,"PageSize":10,"TotalPages":0,"HasPreviousPage":false,"HasNextPage":false,"$type":"PagedResult`1"}
2026-06-14 15:21:12.344 +05:30 [INF] HTTP GET /api/v1/attendance/employee/8/monthly responded 200 in 44.0078 ms
2026-06-14 15:21:12.351 +05:30 [INF] HTTP GET /api/v1/leaves/employee/8 responded 200 in 48.3394 ms
2026-06-14 15:21:13.760 +05:30 [INF] WMS Request: GetLeavesByEmployeeQuery {"EmployeeId":8,"PageNumber":1,"PageSize":10,"$type":"GetLeavesByEmployeeQuery"}
2026-06-14 15:21:13.777 +05:30 [INF] WMS Response: GetLeavesByEmployeeQuery {"Items":[],"TotalCount":0,"PageNumber":1,"PageSize":10,"TotalPages":0,"HasPreviousPage":false,"HasNextPage":false,"$type":"PagedResult`1"}
2026-06-14 15:21:13.790 +05:30 [INF] HTTP GET /api/v1/leaves/employee/8 responded 200 in 31.2923 ms
2026-06-14 15:21:17.647 +05:30 [INF] HTTP OPTIONS /api/v1/attendance/employee/8/monthly responded 204 in 0.0245 ms
2026-06-14 15:21:17.648 +05:30 [INF] HTTP OPTIONS /api/v1/leaves/employee/8 responded 204 in 0.0283 ms
2026-06-14 15:21:17.656 +05:30 [INF] WMS Request: GetMonthlyAttendanceQuery {"EmployeeId":8,"Year":2026,"Month":6,"$type":"GetMonthlyAttendanceQuery"}
2026-06-14 15:21:17.660 +05:30 [INF] WMS Request: GetLeavesByEmployeeQuery {"EmployeeId":8,"PageNumber":1,"PageSize":10,"$type":"GetLeavesByEmployeeQuery"}
2026-06-14 15:21:17.681 +05:30 [INF] WMS Response: GetMonthlyAttendanceQuery [{"AttendanceId":13,"EmpId":8,"EmployeeName":null,"CheckIn":"2026-06-14T09:47:35.2231167","CheckOut":null,"TotalHours":null,"WorkMode":"WFH","AttendanceDate":"2026-06-14T00:00:00.0000000","Status":"In Progress","$type":"AttendanceDto"}]
2026-06-14 15:21:17.685 +05:30 [INF] WMS Response: GetLeavesByEmployeeQuery {"Items":[],"TotalCount":0,"PageNumber":1,"PageSize":10,"TotalPages":0,"HasPreviousPage":false,"HasNextPage":false,"$type":"PagedResult`1"}
2026-06-14 15:21:17.694 +05:30 [INF] HTTP GET /api/v1/attendance/employee/8/monthly responded 200 in 39.5665 ms
2026-06-14 15:21:17.702 +05:30 [INF] HTTP GET /api/v1/leaves/employee/8 responded 200 in 41.9750 ms
2026-06-14 15:21:19.049 +05:30 [INF] WMS Request: GetMonthlyAttendanceQuery {"EmployeeId":8,"Year":2026,"Month":6,"$type":"GetMonthlyAttendanceQuery"}
2026-06-14 15:21:19.089 +05:30 [INF] WMS Response: GetMonthlyAttendanceQuery [{"AttendanceId":13,"EmpId":8,"EmployeeName":null,"CheckIn":"2026-06-14T09:47:35.2231167","CheckOut":null,"TotalHours":null,"WorkMode":"WFH","AttendanceDate":"2026-06-14T00:00:00.0000000","Status":"In Progress","$type":"AttendanceDto"}]
2026-06-14 15:21:19.101 +05:30 [INF] HTTP GET /api/v1/attendance/employee/8/monthly responded 200 in 52.0771 ms
2026-06-14 15:21:22.256 +05:30 [INF] HTTP OPTIONS /api/v1/attendance/check-out responded 204 in 0.0183 ms
2026-06-14 15:21:22.266 +05:30 [INF] WMS Request: CheckOutCommand {"Dto":{"EmpId":8,"$type":"CheckOutDto"},"$type":"CheckOutCommand"}
2026-06-14 15:21:22.297 +05:30 [INF] WMS Response: CheckOutCommand {"AttendanceId":13,"EmpId":8,"EmployeeName":null,"CheckIn":"2026-06-14T09:47:35.2231167","CheckOut":"2026-06-14T09:51:22.2789122Z","TotalHours":0.06,"WorkMode":"WFH","AttendanceDate":"2026-06-14T00:00:00.0000000","Status":"Complete","$type":"AttendanceDto"}
2026-06-14 15:21:22.306 +05:30 [INF] HTTP POST /api/v1/attendance/check-out responded 200 in 47.3550 ms
2026-06-14 15:21:22.313 +05:30 [INF] WMS Request: GetMonthlyAttendanceQuery {"EmployeeId":8,"Year":2026,"Month":6,"$type":"GetMonthlyAttendanceQuery"}
2026-06-14 15:21:22.322 +05:30 [INF] WMS Response: GetMonthlyAttendanceQuery [{"AttendanceId":13,"EmpId":8,"EmployeeName":null,"CheckIn":"2026-06-14T09:47:35.2231167","CheckOut":"2026-06-14T09:51:22.2789122","TotalHours":0.06,"WorkMode":"WFH","AttendanceDate":"2026-06-14T00:00:00.0000000","Status":"Complete","$type":"AttendanceDto"}]
2026-06-14 15:21:22.329 +05:30 [INF] HTTP GET /api/v1/attendance/employee/8/monthly responded 200 in 16.3629 ms
2026-06-14 15:21:24.242 +05:30 [INF] HTTP OPTIONS /api/v1/attendance/employee/8/monthly responded 204 in 0.0465 ms
2026-06-14 15:21:24.242 +05:30 [INF] HTTP OPTIONS /api/v1/leaves/employee/8 responded 204 in 0.0261 ms
2026-06-14 15:21:24.249 +05:30 [INF] WMS Request: GetMonthlyAttendanceQuery {"EmployeeId":8,"Year":2026,"Month":6,"$type":"GetMonthlyAttendanceQuery"}
2026-06-14 15:21:24.252 +05:30 [INF] WMS Request: GetLeavesByEmployeeQuery {"EmployeeId":8,"PageNumber":1,"PageSize":10,"$type":"GetLeavesByEmployeeQuery"}
2026-06-14 15:21:24.268 +05:30 [INF] WMS Response: GetMonthlyAttendanceQuery [{"AttendanceId":13,"EmpId":8,"EmployeeName":null,"CheckIn":"2026-06-14T09:47:35.2231167","CheckOut":"2026-06-14T09:51:22.2789122","TotalHours":0.06,"WorkMode":"WFH","AttendanceDate":"2026-06-14T00:00:00.0000000","Status":"Complete","$type":"AttendanceDto"}]
2026-06-14 15:21:24.278 +05:30 [INF] WMS Response: GetLeavesByEmployeeQuery {"Items":[],"TotalCount":0,"PageNumber":1,"PageSize":10,"TotalPages":0,"HasPreviousPage":false,"HasNextPage":false,"$type":"PagedResult`1"}
2026-06-14 15:21:24.279 +05:30 [INF] HTTP GET /api/v1/attendance/employee/8/monthly responded 200 in 30.1119 ms
2026-06-14 15:21:24.286 +05:30 [INF] HTTP GET /api/v1/leaves/employee/8 responded 200 in 33.6015 ms
2026-06-14 15:21:28.847 +05:30 [INF] WMS Request: GetMonthlyAttendanceQuery {"EmployeeId":8,"Year":2026,"Month":6,"$type":"GetMonthlyAttendanceQuery"}
2026-06-14 15:21:28.871 +05:30 [INF] WMS Response: GetMonthlyAttendanceQuery [{"AttendanceId":13,"EmpId":8,"EmployeeName":null,"CheckIn":"2026-06-14T09:47:35.2231167","CheckOut":"2026-06-14T09:51:22.2789122","TotalHours":0.06,"WorkMode":"WFH","AttendanceDate":"2026-06-14T00:00:00.0000000","Status":"Complete","$type":"AttendanceDto"}]
2026-06-14 15:21:28.884 +05:30 [INF] HTTP GET /api/v1/attendance/employee/8/monthly responded 200 in 38.1597 ms
2026-06-14 15:21:31.196 +05:30 [INF] HTTP OPTIONS /api/v1/attendance/employee/8/monthly responded 204 in 0.0225 ms
2026-06-14 15:21:31.197 +05:30 [INF] HTTP OPTIONS /api/v1/leaves/employee/8 responded 204 in 0.0351 ms
2026-06-14 15:21:31.202 +05:30 [INF] WMS Request: GetMonthlyAttendanceQuery {"EmployeeId":8,"Year":2026,"Month":6,"$type":"GetMonthlyAttendanceQuery"}
2026-06-14 15:21:31.209 +05:30 [INF] WMS Request: GetLeavesByEmployeeQuery {"EmployeeId":8,"PageNumber":1,"PageSize":10,"$type":"GetLeavesByEmployeeQuery"}
2026-06-14 15:21:31.225 +05:30 [INF] WMS Response: GetMonthlyAttendanceQuery [{"AttendanceId":13,"EmpId":8,"EmployeeName":null,"CheckIn":"2026-06-14T09:47:35.2231167","CheckOut":"2026-06-14T09:51:22.2789122","TotalHours":0.06,"WorkMode":"WFH","AttendanceDate":"2026-06-14T00:00:00.0000000","Status":"Complete","$type":"AttendanceDto"}]
2026-06-14 15:21:31.232 +05:30 [INF] WMS Response: GetLeavesByEmployeeQuery {"Items":[],"TotalCount":0,"PageNumber":1,"PageSize":10,"TotalPages":0,"HasPreviousPage":false,"HasNextPage":false,"$type":"PagedResult`1"}
2026-06-14 15:21:31.239 +05:30 [INF] HTTP GET /api/v1/attendance/employee/8/monthly responded 200 in 36.7261 ms
2026-06-14 15:21:31.246 +05:30 [INF] HTTP GET /api/v1/leaves/employee/8 responded 200 in 37.0333 ms
2026-06-14 15:21:33.750 +05:30 [INF] WMS Request: GetMonthlyAttendanceQuery {"EmployeeId":8,"Year":2026,"Month":6,"$type":"GetMonthlyAttendanceQuery"}
2026-06-14 15:21:33.774 +05:30 [INF] WMS Response: GetMonthlyAttendanceQuery [{"AttendanceId":13,"EmpId":8,"EmployeeName":null,"CheckIn":"2026-06-14T09:47:35.2231167","CheckOut":"2026-06-14T09:51:22.2789122","TotalHours":0.06,"WorkMode":"WFH","AttendanceDate":"2026-06-14T00:00:00.0000000","Status":"Complete","$type":"AttendanceDto"}]
2026-06-14 15:21:33.790 +05:30 [INF] HTTP GET /api/v1/attendance/employee/8/monthly responded 200 in 40.0004 ms
2026-06-14 15:21:35.853 +05:30 [INF] WMS Request: GetLeavesByEmployeeQuery {"EmployeeId":8,"PageNumber":1,"PageSize":10,"$type":"GetLeavesByEmployeeQuery"}
2026-06-14 15:21:35.870 +05:30 [INF] WMS Response: GetLeavesByEmployeeQuery {"Items":[],"TotalCount":0,"PageNumber":1,"PageSize":10,"TotalPages":0,"HasPreviousPage":false,"HasNextPage":false,"$type":"PagedResult`1"}
2026-06-14 15:21:35.883 +05:30 [INF] HTTP GET /api/v1/leaves/employee/8 responded 200 in 30.6565 ms
2026-06-14 15:22:10.661 +05:30 [INF] HTTP OPTIONS /api/v1/leaves/apply responded 204 in 0.0320 ms
2026-06-14 15:22:10.922 +05:30 [INF] WMS Request: ApplyLeaveCommand {"Dto":{"EmpId":1,"LeaveType":"Sick","Reason":"i am going for my polo match","FromDate":"2026-06-18T00:00:00.0000000","ToDate":"2026-06-21T00:00:00.0000000","$type":"ApplyLeaveDto"},"$type":"ApplyLeaveCommand"}
2026-06-14 15:22:11.049 +05:30 [ERR] HTTP POST /api/v1/leaves/apply responded 500 in 381.6047 ms
WMS.Application.Common.Exceptions.ConflictException: An overlapping leave request already exists for this period.
   at WMS.Application.Features.Leaves.Commands.ApplyLeaveCommandHandler.Handle(ApplyLeaveCommand request, CancellationToken ct) in C:\Users\Hardik\Desktop\WMS-Solution\src\WMS.Application\Features\Leaves\Commands\ApplyLeaveCommand.cs:line 30
   at WMS.Application.Common.Behaviours.PerformanceBehaviour`2.Handle(TRequest request, RequestHandlerDelegate`1 next, CancellationToken ct) in C:\Users\Hardik\Desktop\WMS-Solution\src\WMS.Application\Common\Behaviours\PerformanceBehaviour.cs:line 22
   at WMS.Application.Common.Behaviours.ValidationBehaviour`2.Handle(TRequest request, RequestHandlerDelegate`1 next, CancellationToken ct) in C:\Users\Hardik\Desktop\WMS-Solution\src\WMS.Application\Common\Behaviours\ValidationBehaviour.cs:line 34
   at WMS.Application.Common.Behaviours.LoggingBehaviour`2.Handle(TRequest request, RequestHandlerDelegate`1 next, CancellationToken ct) in C:\Users\Hardik\Desktop\WMS-Solution\src\WMS.Application\Common\Behaviours\LoggingBehaviour.cs:line 22
   at WMS.API.Controllers.v1.LeavesController.Apply(ApplyLeaveDto dto, CancellationToken ct) in C:\Users\Hardik\Desktop\WMS-Solution\src\WMS.API\Controllers\v1\LeavesController.cs:line 25
   at Microsoft.AspNetCore.Mvc.Infrastructure.ActionMethodExecutor.TaskOfIActionResultExecutor.Execute(ActionContext actionContext, IActionResultTypeMapper mapper, ObjectMethodExecutor executor, Object controller, Object[] arguments)
   at Microsoft.AspNetCore.Mvc.Infrastructure.ControllerActionInvoker.<InvokeActionMethodAsync>g__Awaited|12_0(ControllerActionInvoker invoker, ValueTask`1 actionResultValueTask)
   at Microsoft.AspNetCore.Mvc.Infrastructure.ControllerActionInvoker.<InvokeNextActionFilterAsync>g__Awaited|10_0(ControllerActionInvoker invoker, Task lastTask, State next, Scope scope, Object state, Boolean isCompleted)
   at Microsoft.AspNetCore.Mvc.Infrastructure.ControllerActionInvoker.Rethrow(ActionExecutedContextSealed context)
   at Microsoft.AspNetCore.Mvc.Infrastructure.ControllerActionInvoker.Next(State& next, Scope& scope, Object& state, Boolean& isCompleted)
   at Microsoft.AspNetCore.Mvc.Infrastructure.ControllerActionInvoker.<InvokeInnerFilterAsync>g__Awaited|13_0(ControllerActionInvoker invoker, Task lastTask, State next, Scope scope, Object state, Boolean isCompleted)
   at Microsoft.AspNetCore.Mvc.Infrastructure.ResourceInvoker.<InvokeFilterPipelineAsync>g__Awaited|20_0(ResourceInvoker invoker, Task lastTask, State next, Scope scope, Object state, Boolean isCompleted)
   at Microsoft.AspNetCore.Mvc.Infrastructure.ResourceInvoker.<InvokeAsync>g__Awaited|17_0(ResourceInvoker invoker, Task task, IDisposable scope)
   at Microsoft.AspNetCore.Mvc.Infrastructure.ResourceInvoker.<InvokeAsync>g__Awaited|17_0(ResourceInvoker invoker, Task task, IDisposable scope)
   at Microsoft.AspNetCore.Authorization.AuthorizationMiddleware.Invoke(HttpContext context)
   at Microsoft.AspNetCore.Authentication.AuthenticationMiddleware.Invoke(HttpContext context)
   at Serilog.AspNetCore.RequestLoggingMiddleware.Invoke(HttpContext httpContext)
2026-06-14 15:22:11.076 +05:30 [ERR] An unhandled exception occurred: An overlapping leave request already exists for this period.
WMS.Application.Common.Exceptions.ConflictException: An overlapping leave request already exists for this period.
   at WMS.Application.Features.Leaves.Commands.ApplyLeaveCommandHandler.Handle(ApplyLeaveCommand request, CancellationToken ct) in C:\Users\Hardik\Desktop\WMS-Solution\src\WMS.Application\Features\Leaves\Commands\ApplyLeaveCommand.cs:line 30
   at WMS.Application.Common.Behaviours.PerformanceBehaviour`2.Handle(TRequest request, RequestHandlerDelegate`1 next, CancellationToken ct) in C:\Users\Hardik\Desktop\WMS-Solution\src\WMS.Application\Common\Behaviours\PerformanceBehaviour.cs:line 22
   at WMS.Application.Common.Behaviours.ValidationBehaviour`2.Handle(TRequest request, RequestHandlerDelegate`1 next, CancellationToken ct) in C:\Users\Hardik\Desktop\WMS-Solution\src\WMS.Application\Common\Behaviours\ValidationBehaviour.cs:line 34
   at WMS.Application.Common.Behaviours.LoggingBehaviour`2.Handle(TRequest request, RequestHandlerDelegate`1 next, CancellationToken ct) in C:\Users\Hardik\Desktop\WMS-Solution\src\WMS.Application\Common\Behaviours\LoggingBehaviour.cs:line 22
   at WMS.API.Controllers.v1.LeavesController.Apply(ApplyLeaveDto dto, CancellationToken ct) in C:\Users\Hardik\Desktop\WMS-Solution\src\WMS.API\Controllers\v1\LeavesController.cs:line 25
   at Microsoft.AspNetCore.Mvc.Infrastructure.ActionMethodExecutor.TaskOfIActionResultExecutor.Execute(ActionContext actionContext, IActionResultTypeMapper mapper, ObjectMethodExecutor executor, Object controller, Object[] arguments)
   at Microsoft.AspNetCore.Mvc.Infrastructure.ControllerActionInvoker.<InvokeActionMethodAsync>g__Awaited|12_0(ControllerActionInvoker invoker, ValueTask`1 actionResultValueTask)
   at Microsoft.AspNetCore.Mvc.Infrastructure.ControllerActionInvoker.<InvokeNextActionFilterAsync>g__Awaited|10_0(ControllerActionInvoker invoker, Task lastTask, State next, Scope scope, Object state, Boolean isCompleted)
   at Microsoft.AspNetCore.Mvc.Infrastructure.ControllerActionInvoker.Rethrow(ActionExecutedContextSealed context)
   at Microsoft.AspNetCore.Mvc.Infrastructure.ControllerActionInvoker.Next(State& next, Scope& scope, Object& state, Boolean& isCompleted)
   at Microsoft.AspNetCore.Mvc.Infrastructure.ControllerActionInvoker.<InvokeInnerFilterAsync>g__Awaited|13_0(ControllerActionInvoker invoker, Task lastTask, State next, Scope scope, Object state, Boolean isCompleted)
   at Microsoft.AspNetCore.Mvc.Infrastructure.ResourceInvoker.<InvokeFilterPipelineAsync>g__Awaited|20_0(ResourceInvoker invoker, Task lastTask, State next, Scope scope, Object state, Boolean isCompleted)
   at Microsoft.AspNetCore.Mvc.Infrastructure.ResourceInvoker.<InvokeAsync>g__Awaited|17_0(ResourceInvoker invoker, Task task, IDisposable scope)
   at Microsoft.AspNetCore.Mvc.Infrastructure.ResourceInvoker.<InvokeAsync>g__Awaited|17_0(ResourceInvoker invoker, Task task, IDisposable scope)
   at Microsoft.AspNetCore.Authorization.AuthorizationMiddleware.Invoke(HttpContext context)
   at Microsoft.AspNetCore.Authentication.AuthenticationMiddleware.Invoke(HttpContext context)
   at Serilog.AspNetCore.RequestLoggingMiddleware.Invoke(HttpContext httpContext)
   at Swashbuckle.AspNetCore.SwaggerUI.SwaggerUIMiddleware.Invoke(HttpContext httpContext)
   at Swashbuckle.AspNetCore.Swagger.SwaggerMiddleware.Invoke(HttpContext httpContext, ISwaggerProvider swaggerProvider)
   at WMS.API.Middleware.GlobalExceptionMiddleware.InvokeAsync(HttpContext context) in C:\Users\Hardik\Desktop\WMS-Solution\src\WMS.API\Middleware\GlobalExceptionMiddleware.cs:line 26
2026-06-14 15:22:24.707 +05:30 [INF] HTTP OPTIONS /api/v1/leaves/apply responded 204 in 0.0334 ms
2026-06-14 15:22:24.713 +05:30 [INF] WMS Request: ApplyLeaveCommand {"Dto":{"EmpId":1,"LeaveType":"Sick","Reason":"i am going for my polo match","FromDate":"2026-05-23T00:00:00.0000000","ToDate":"2026-06-25T00:00:00.0000000","$type":"ApplyLeaveDto"},"$type":"ApplyLeaveCommand"}
2026-06-14 15:22:24.798 +05:30 [ERR] HTTP POST /api/v1/leaves/apply responded 500 in 86.9740 ms
WMS.Application.Common.Exceptions.ValidationException: One or more validation failures occurred.
   at WMS.Application.Common.Behaviours.ValidationBehaviour`2.Handle(TRequest request, RequestHandlerDelegate`1 next, CancellationToken ct) in C:\Users\Hardik\Desktop\WMS-Solution\src\WMS.Application\Common\Behaviours\ValidationBehaviour.cs:line 32
   at WMS.Application.Common.Behaviours.LoggingBehaviour`2.Handle(TRequest request, RequestHandlerDelegate`1 next, CancellationToken ct) in C:\Users\Hardik\Desktop\WMS-Solution\src\WMS.Application\Common\Behaviours\LoggingBehaviour.cs:line 22
   at WMS.API.Controllers.v1.LeavesController.Apply(ApplyLeaveDto dto, CancellationToken ct) in C:\Users\Hardik\Desktop\WMS-Solution\src\WMS.API\Controllers\v1\LeavesController.cs:line 25
   at Microsoft.AspNetCore.Mvc.Infrastructure.ActionMethodExecutor.TaskOfIActionResultExecutor.Execute(ActionContext actionContext, IActionResultTypeMapper mapper, ObjectMethodExecutor executor, Object controller, Object[] arguments)
   at Microsoft.AspNetCore.Mvc.Infrastructure.ControllerActionInvoker.<InvokeActionMethodAsync>g__Awaited|12_0(ControllerActionInvoker invoker, ValueTask`1 actionResultValueTask)
   at Microsoft.AspNetCore.Mvc.Infrastructure.ControllerActionInvoker.<InvokeNextActionFilterAsync>g__Awaited|10_0(ControllerActionInvoker invoker, Task lastTask, State next, Scope scope, Object state, Boolean isCompleted)
   at Microsoft.AspNetCore.Mvc.Infrastructure.ControllerActionInvoker.Rethrow(ActionExecutedContextSealed context)
   at Microsoft.AspNetCore.Mvc.Infrastructure.ControllerActionInvoker.Next(State& next, Scope& scope, Object& state, Boolean& isCompleted)
   at Microsoft.AspNetCore.Mvc.Infrastructure.ControllerActionInvoker.InvokeInnerFilterAsync()
--- End of stack trace from previous location ---
   at Microsoft.AspNetCore.Mvc.Infrastructure.ResourceInvoker.<InvokeFilterPipelineAsync>g__Awaited|20_0(ResourceInvoker invoker, Task lastTask, State next, Scope scope, Object state, Boolean isCompleted)
   at Microsoft.AspNetCore.Mvc.Infrastructure.ResourceInvoker.<InvokeAsync>g__Awaited|17_0(ResourceInvoker invoker, Task task, IDisposable scope)
   at Microsoft.AspNetCore.Mvc.Infrastructure.ResourceInvoker.<InvokeAsync>g__Awaited|17_0(ResourceInvoker invoker, Task task, IDisposable scope)
   at Microsoft.AspNetCore.Authorization.AuthorizationMiddleware.Invoke(HttpContext context)
   at Microsoft.AspNetCore.Authentication.AuthenticationMiddleware.Invoke(HttpContext context)
   at Serilog.AspNetCore.RequestLoggingMiddleware.Invoke(HttpContext httpContext)
2026-06-14 15:22:24.807 +05:30 [ERR] An unhandled exception occurred: One or more validation failures occurred.
WMS.Application.Common.Exceptions.ValidationException: One or more validation failures occurred.
   at WMS.Application.Common.Behaviours.ValidationBehaviour`2.Handle(TRequest request, RequestHandlerDelegate`1 next, CancellationToken ct) in C:\Users\Hardik\Desktop\WMS-Solution\src\WMS.Application\Common\Behaviours\ValidationBehaviour.cs:line 32
   at WMS.Application.Common.Behaviours.LoggingBehaviour`2.Handle(TRequest request, RequestHandlerDelegate`1 next, CancellationToken ct) in C:\Users\Hardik\Desktop\WMS-Solution\src\WMS.Application\Common\Behaviours\LoggingBehaviour.cs:line 22
   at WMS.API.Controllers.v1.LeavesController.Apply(ApplyLeaveDto dto, CancellationToken ct) in C:\Users\Hardik\Desktop\WMS-Solution\src\WMS.API\Controllers\v1\LeavesController.cs:line 25
   at Microsoft.AspNetCore.Mvc.Infrastructure.ActionMethodExecutor.TaskOfIActionResultExecutor.Execute(ActionContext actionContext, IActionResultTypeMapper mapper, ObjectMethodExecutor executor, Object controller, Object[] arguments)
   at Microsoft.AspNetCore.Mvc.Infrastructure.ControllerActionInvoker.<InvokeActionMethodAsync>g__Awaited|12_0(ControllerActionInvoker invoker, ValueTask`1 actionResultValueTask)
   at Microsoft.AspNetCore.Mvc.Infrastructure.ControllerActionInvoker.<InvokeNextActionFilterAsync>g__Awaited|10_0(ControllerActionInvoker invoker, Task lastTask, State next, Scope scope, Object state, Boolean isCompleted)
   at Microsoft.AspNetCore.Mvc.Infrastructure.ControllerActionInvoker.Rethrow(ActionExecutedContextSealed context)
   at Microsoft.AspNetCore.Mvc.Infrastructure.ControllerActionInvoker.Next(State& next, Scope& scope, Object& state, Boolean& isCompleted)
   at Microsoft.AspNetCore.Mvc.Infrastructure.ControllerActionInvoker.InvokeInnerFilterAsync()
--- End of stack trace from previous location ---
   at Microsoft.AspNetCore.Mvc.Infrastructure.ResourceInvoker.<InvokeFilterPipelineAsync>g__Awaited|20_0(ResourceInvoker invoker, Task lastTask, State next, Scope scope, Object state, Boolean isCompleted)
   at Microsoft.AspNetCore.Mvc.Infrastructure.ResourceInvoker.<InvokeAsync>g__Awaited|17_0(ResourceInvoker invoker, Task task, IDisposable scope)
   at Microsoft.AspNetCore.Mvc.Infrastructure.ResourceInvoker.<InvokeAsync>g__Awaited|17_0(ResourceInvoker invoker, Task task, IDisposable scope)
   at Microsoft.AspNetCore.Authorization.AuthorizationMiddleware.Invoke(HttpContext context)
   at Microsoft.AspNetCore.Authentication.AuthenticationMiddleware.Invoke(HttpContext context)
   at Serilog.AspNetCore.RequestLoggingMiddleware.Invoke(HttpContext httpContext)
   at Swashbuckle.AspNetCore.SwaggerUI.SwaggerUIMiddleware.Invoke(HttpContext httpContext)
   at Swashbuckle.AspNetCore.Swagger.SwaggerMiddleware.Invoke(HttpContext httpContext, ISwaggerProvider swaggerProvider)
   at WMS.API.Middleware.GlobalExceptionMiddleware.InvokeAsync(HttpContext context) in C:\Users\Hardik\Desktop\WMS-Solution\src\WMS.API\Middleware\GlobalExceptionMiddleware.cs:line 26
2026-06-14 15:22:26.816 +05:30 [INF] WMS Request: ApplyLeaveCommand {"Dto":{"EmpId":1,"LeaveType":"Sick","Reason":"i am going for my polo match","FromDate":"2026-05-23T00:00:00.0000000","ToDate":"2026-06-25T00:00:00.0000000","$type":"ApplyLeaveDto"},"$type":"ApplyLeaveCommand"}
2026-06-14 15:22:26.836 +05:30 [ERR] HTTP POST /api/v1/leaves/apply responded 500 in 27.9005 ms
WMS.Application.Common.Exceptions.ValidationException: One or more validation failures occurred.
   at WMS.Application.Common.Behaviours.ValidationBehaviour`2.Handle(TRequest request, RequestHandlerDelegate`1 next, CancellationToken ct) in C:\Users\Hardik\Desktop\WMS-Solution\src\WMS.Application\Common\Behaviours\ValidationBehaviour.cs:line 32
   at WMS.Application.Common.Behaviours.LoggingBehaviour`2.Handle(TRequest request, RequestHandlerDelegate`1 next, CancellationToken ct) in C:\Users\Hardik\Desktop\WMS-Solution\src\WMS.Application\Common\Behaviours\LoggingBehaviour.cs:line 22
   at WMS.API.Controllers.v1.LeavesController.Apply(ApplyLeaveDto dto, CancellationToken ct) in C:\Users\Hardik\Desktop\WMS-Solution\src\WMS.API\Controllers\v1\LeavesController.cs:line 25
   at Microsoft.AspNetCore.Mvc.Infrastructure.ActionMethodExecutor.TaskOfIActionResultExecutor.Execute(ActionContext actionContext, IActionResultTypeMapper mapper, ObjectMethodExecutor executor, Object controller, Object[] arguments)
   at Microsoft.AspNetCore.Mvc.Infrastructure.ControllerActionInvoker.<InvokeActionMethodAsync>g__Awaited|12_0(ControllerActionInvoker invoker, ValueTask`1 actionResultValueTask)
   at Microsoft.AspNetCore.Mvc.Infrastructure.ControllerActionInvoker.<InvokeNextActionFilterAsync>g__Awaited|10_0(ControllerActionInvoker invoker, Task lastTask, State next, Scope scope, Object state, Boolean isCompleted)
   at Microsoft.AspNetCore.Mvc.Infrastructure.ControllerActionInvoker.Rethrow(ActionExecutedContextSealed context)
   at Microsoft.AspNetCore.Mvc.Infrastructure.ControllerActionInvoker.Next(State& next, Scope& scope, Object& state, Boolean& isCompleted)
   at Microsoft.AspNetCore.Mvc.Infrastructure.ControllerActionInvoker.InvokeInnerFilterAsync()
--- End of stack trace from previous location ---
   at Microsoft.AspNetCore.Mvc.Infrastructure.ResourceInvoker.<InvokeFilterPipelineAsync>g__Awaited|20_0(ResourceInvoker invoker, Task lastTask, State next, Scope scope, Object state, Boolean isCompleted)
   at Microsoft.AspNetCore.Mvc.Infrastructure.ResourceInvoker.<InvokeAsync>g__Awaited|17_0(ResourceInvoker invoker, Task task, IDisposable scope)
   at Microsoft.AspNetCore.Mvc.Infrastructure.ResourceInvoker.<InvokeAsync>g__Awaited|17_0(ResourceInvoker invoker, Task task, IDisposable scope)
   at Microsoft.AspNetCore.Authorization.AuthorizationMiddleware.Invoke(HttpContext context)
   at Microsoft.AspNetCore.Authentication.AuthenticationMiddleware.Invoke(HttpContext context)
   at Serilog.AspNetCore.RequestLoggingMiddleware.Invoke(HttpContext httpContext)
2026-06-14 15:22:26.848 +05:30 [ERR] An unhandled exception occurred: One or more validation failures occurred.
WMS.Application.Common.Exceptions.ValidationException: One or more validation failures occurred.
   at WMS.Application.Common.Behaviours.ValidationBehaviour`2.Handle(TRequest request, RequestHandlerDelegate`1 next, CancellationToken ct) in C:\Users\Hardik\Desktop\WMS-Solution\src\WMS.Application\Common\Behaviours\ValidationBehaviour.cs:line 32
   at WMS.Application.Common.Behaviours.LoggingBehaviour`2.Handle(TRequest request, RequestHandlerDelegate`1 next, CancellationToken ct) in C:\Users\Hardik\Desktop\WMS-Solution\src\WMS.Application\Common\Behaviours\LoggingBehaviour.cs:line 22
   at WMS.API.Controllers.v1.LeavesController.Apply(ApplyLeaveDto dto, CancellationToken ct) in C:\Users\Hardik\Desktop\WMS-Solution\src\WMS.API\Controllers\v1\LeavesController.cs:line 25
   at Microsoft.AspNetCore.Mvc.Infrastructure.ActionMethodExecutor.TaskOfIActionResultExecutor.Execute(ActionContext actionContext, IActionResultTypeMapper mapper, ObjectMethodExecutor executor, Object controller, Object[] arguments)
   at Microsoft.AspNetCore.Mvc.Infrastructure.ControllerActionInvoker.<InvokeActionMethodAsync>g__Awaited|12_0(ControllerActionInvoker invoker, ValueTask`1 actionResultValueTask)
   at Microsoft.AspNetCore.Mvc.Infrastructure.ControllerActionInvoker.<InvokeNextActionFilterAsync>g__Awaited|10_0(ControllerActionInvoker invoker, Task lastTask, State next, Scope scope, Object state, Boolean isCompleted)
   at Microsoft.AspNetCore.Mvc.Infrastructure.ControllerActionInvoker.Rethrow(ActionExecutedContextSealed context)
   at Microsoft.AspNetCore.Mvc.Infrastructure.ControllerActionInvoker.Next(State& next, Scope& scope, Object& state, Boolean& isCompleted)
   at Microsoft.AspNetCore.Mvc.Infrastructure.ControllerActionInvoker.InvokeInnerFilterAsync()
--- End of stack trace from previous location ---
   at Microsoft.AspNetCore.Mvc.Infrastructure.ResourceInvoker.<InvokeFilterPipelineAsync>g__Awaited|20_0(ResourceInvoker invoker, Task lastTask, State next, Scope scope, Object state, Boolean isCompleted)
   at Microsoft.AspNetCore.Mvc.Infrastructure.ResourceInvoker.<InvokeAsync>g__Awaited|17_0(ResourceInvoker invoker, Task task, IDisposable scope)
   at Microsoft.AspNetCore.Mvc.Infrastructure.ResourceInvoker.<InvokeAsync>g__Awaited|17_0(ResourceInvoker invoker, Task task, IDisposable scope)
   at Microsoft.AspNetCore.Authorization.AuthorizationMiddleware.Invoke(HttpContext context)
   at Microsoft.AspNetCore.Authentication.AuthenticationMiddleware.Invoke(HttpContext context)
   at Serilog.AspNetCore.RequestLoggingMiddleware.Invoke(HttpContext httpContext)
   at Swashbuckle.AspNetCore.SwaggerUI.SwaggerUIMiddleware.Invoke(HttpContext httpContext)
   at Swashbuckle.AspNetCore.Swagger.SwaggerMiddleware.Invoke(HttpContext httpContext, ISwaggerProvider swaggerProvider)
   at WMS.API.Middleware.GlobalExceptionMiddleware.InvokeAsync(HttpContext context) in C:\Users\Hardik\Desktop\WMS-Solution\src\WMS.API\Middleware\GlobalExceptionMiddleware.cs:line 26
2026-06-14 15:35:26.862 +05:30 [INF] HTTP OPTIONS /api/v1/leaves/apply responded 204 in 6.2247 ms
2026-06-14 15:35:26.940 +05:30 [INF] WMS Request: ApplyLeaveCommand {"Dto":{"EmpId":8,"LeaveType":"Casual","Reason":"i am going on a trip","FromDate":"2026-08-06T00:00:00.0000000","ToDate":"2026-08-16T00:00:00.0000000","$type":"ApplyLeaveDto"},"$type":"ApplyLeaveCommand"}
2026-06-14 15:35:27.722 +05:30 [WRN] WMS Long Running Request: ApplyLeaveCommand (752ms) {"Dto":{"EmpId":8,"LeaveType":"Casual","Reason":"i am going on a trip","FromDate":"2026-08-06T00:00:00.0000000","ToDate":"2026-08-16T00:00:00.0000000","$type":"ApplyLeaveDto"},"$type":"ApplyLeaveCommand"}
2026-06-14 15:35:27.740 +05:30 [INF] WMS Response: ApplyLeaveCommand {"LeaveId":13,"EmpId":8,"EmployeeName":"","LeaveType":"Casual","Reason":"i am going on a trip","FromDate":"2026-08-06T00:00:00.0000000","ToDate":"2026-08-16T00:00:00.0000000","TotalDays":11,"Status":"Pending","AppliedOn":"2026-06-14T10:05:27.3963461Z","ApprovedBy":null,"ApproverName":null,"ApprovedOn":null,"$type":"LeaveDto"}
2026-06-14 15:35:27.781 +05:30 [INF] HTTP POST /api/v1/leaves/apply responded 200 in 897.2392 ms
2026-06-14 15:35:27.831 +05:30 [INF] HTTP OPTIONS /api/v1/leaves/employee/8 responded 204 in 0.0327 ms
2026-06-14 15:35:27.846 +05:30 [INF] WMS Request: GetLeavesByEmployeeQuery {"EmployeeId":8,"PageNumber":1,"PageSize":10,"$type":"GetLeavesByEmployeeQuery"}
2026-06-14 15:35:27.999 +05:30 [INF] WMS Response: GetLeavesByEmployeeQuery {"Items":[{"LeaveId":13,"EmpId":8,"EmployeeName":"","LeaveType":"Casual","Reason":"i am going on a trip","FromDate":"2026-08-06T00:00:00.0000000","ToDate":"2026-08-16T00:00:00.0000000","TotalDays":11,"Status":"Pending","AppliedOn":"2026-06-14T10:05:27.3963461","ApprovedBy":null,"ApproverName":null,"ApprovedOn":null,"$type":"LeaveDto"}],"TotalCount":1,"PageNumber":1,"PageSize":10,"TotalPages":1,"HasPreviousPage":false,"HasNextPage":false,"$type":"PagedResult`1"}
2026-06-14 15:35:28.036 +05:30 [INF] HTTP GET /api/v1/leaves/employee/8 responded 200 in 196.4546 ms
2026-06-14 15:36:54.786 +05:30 [INF] HTTP OPTIONS /api/v1/leaves/13/cancel responded 204 in 4.5920 ms
2026-06-14 15:36:55.032 +05:30 [INF] WMS Request: CancelLeaveCommand {"LeaveId":13,"$type":"CancelLeaveCommand"}
2026-06-14 15:36:55.085 +05:30 [ERR] HTTP POST /api/v1/leaves/13/cancel responded 500 in 279.7146 ms
System.InvalidOperationException: No service for type 'MediatR.IRequestHandler`1[WMS.Application.Features.Leaves.Commands.CancelLeaveCommand]' has been registered.
   at Microsoft.Extensions.DependencyInjection.ServiceProviderServiceExtensions.GetRequiredService(IServiceProvider provider, Type serviceType)
   at Microsoft.Extensions.DependencyInjection.ServiceProviderServiceExtensions.GetRequiredService[T](IServiceProvider provider)
   at MediatR.Wrappers.RequestHandlerWrapperImpl`1.<>c__DisplayClass1_0.<<Handle>g__Handler|0>d.MoveNext()
--- End of stack trace from previous location ---
   at WMS.Application.Common.Behaviours.PerformanceBehaviour`2.Handle(TRequest request, RequestHandlerDelegate`1 next, CancellationToken ct) in C:\Users\Hardik\Desktop\WMS-Solution\src\WMS.Application\Common\Behaviours\PerformanceBehaviour.cs:line 22
   at WMS.Application.Common.Behaviours.ValidationBehaviour`2.Handle(TRequest request, RequestHandlerDelegate`1 next, CancellationToken ct) in C:\Users\Hardik\Desktop\WMS-Solution\src\WMS.Application\Common\Behaviours\ValidationBehaviour.cs:line 20
   at WMS.Application.Common.Behaviours.LoggingBehaviour`2.Handle(TRequest request, RequestHandlerDelegate`1 next, CancellationToken ct) in C:\Users\Hardik\Desktop\WMS-Solution\src\WMS.Application\Common\Behaviours\LoggingBehaviour.cs:line 22
   at WMS.API.Controllers.v1.LeavesController.Cancel(Int32 id, CancellationToken ct) in C:\Users\Hardik\Desktop\WMS-Solution\src\WMS.API\Controllers\v1\LeavesController.cs:line 40
   at Microsoft.AspNetCore.Mvc.Infrastructure.ActionMethodExecutor.TaskOfIActionResultExecutor.Execute(ActionContext actionContext, IActionResultTypeMapper mapper, ObjectMethodExecutor executor, Object controller, Object[] arguments)
   at Microsoft.AspNetCore.Mvc.Infrastructure.ControllerActionInvoker.<InvokeActionMethodAsync>g__Awaited|12_0(ControllerActionInvoker invoker, ValueTask`1 actionResultValueTask)
   at Microsoft.AspNetCore.Mvc.Infrastructure.ControllerActionInvoker.<InvokeNextActionFilterAsync>g__Awaited|10_0(ControllerActionInvoker invoker, Task lastTask, State next, Scope scope, Object state, Boolean isCompleted)
   at Microsoft.AspNetCore.Mvc.Infrastructure.ControllerActionInvoker.Rethrow(ActionExecutedContextSealed context)
   at Microsoft.AspNetCore.Mvc.Infrastructure.ControllerActionInvoker.Next(State& next, Scope& scope, Object& state, Boolean& isCompleted)
   at Microsoft.AspNetCore.Mvc.Infrastructure.ControllerActionInvoker.InvokeInnerFilterAsync()
--- End of stack trace from previous location ---
   at Microsoft.AspNetCore.Mvc.Infrastructure.ResourceInvoker.<InvokeFilterPipelineAsync>g__Awaited|20_0(ResourceInvoker invoker, Task lastTask, State next, Scope scope, Object state, Boolean isCompleted)
   at Microsoft.AspNetCore.Mvc.Infrastructure.ResourceInvoker.<InvokeAsync>g__Awaited|17_0(ResourceInvoker invoker, Task task, IDisposable scope)
   at Microsoft.AspNetCore.Mvc.Infrastructure.ResourceInvoker.<InvokeAsync>g__Awaited|17_0(ResourceInvoker invoker, Task task, IDisposable scope)
   at Microsoft.AspNetCore.Authorization.AuthorizationMiddleware.Invoke(HttpContext context)
   at Microsoft.AspNetCore.Authentication.AuthenticationMiddleware.Invoke(HttpContext context)
   at Serilog.AspNetCore.RequestLoggingMiddleware.Invoke(HttpContext httpContext)
2026-06-14 15:36:55.152 +05:30 [ERR] An unhandled exception occurred: No service for type 'MediatR.IRequestHandler`1[WMS.Application.Features.Leaves.Commands.CancelLeaveCommand]' has been registered.
System.InvalidOperationException: No service for type 'MediatR.IRequestHandler`1[WMS.Application.Features.Leaves.Commands.CancelLeaveCommand]' has been registered.
   at Microsoft.Extensions.DependencyInjection.ServiceProviderServiceExtensions.GetRequiredService(IServiceProvider provider, Type serviceType)
   at Microsoft.Extensions.DependencyInjection.ServiceProviderServiceExtensions.GetRequiredService[T](IServiceProvider provider)
   at MediatR.Wrappers.RequestHandlerWrapperImpl`1.<>c__DisplayClass1_0.<<Handle>g__Handler|0>d.MoveNext()
--- End of stack trace from previous location ---
   at WMS.Application.Common.Behaviours.PerformanceBehaviour`2.Handle(TRequest request, RequestHandlerDelegate`1 next, CancellationToken ct) in C:\Users\Hardik\Desktop\WMS-Solution\src\WMS.Application\Common\Behaviours\PerformanceBehaviour.cs:line 22
   at WMS.Application.Common.Behaviours.ValidationBehaviour`2.Handle(TRequest request, RequestHandlerDelegate`1 next, CancellationToken ct) in C:\Users\Hardik\Desktop\WMS-Solution\src\WMS.Application\Common\Behaviours\ValidationBehaviour.cs:line 20
   at WMS.Application.Common.Behaviours.LoggingBehaviour`2.Handle(TRequest request, RequestHandlerDelegate`1 next, CancellationToken ct) in C:\Users\Hardik\Desktop\WMS-Solution\src\WMS.Application\Common\Behaviours\LoggingBehaviour.cs:line 22
   at WMS.API.Controllers.v1.LeavesController.Cancel(Int32 id, CancellationToken ct) in C:\Users\Hardik\Desktop\WMS-Solution\src\WMS.API\Controllers\v1\LeavesController.cs:line 40
   at Microsoft.AspNetCore.Mvc.Infrastructure.ActionMethodExecutor.TaskOfIActionResultExecutor.Execute(ActionContext actionContext, IActionResultTypeMapper mapper, ObjectMethodExecutor executor, Object controller, Object[] arguments)
   at Microsoft.AspNetCore.Mvc.Infrastructure.ControllerActionInvoker.<InvokeActionMethodAsync>g__Awaited|12_0(ControllerActionInvoker invoker, ValueTask`1 actionResultValueTask)
   at Microsoft.AspNetCore.Mvc.Infrastructure.ControllerActionInvoker.<InvokeNextActionFilterAsync>g__Awaited|10_0(ControllerActionInvoker invoker, Task lastTask, State next, Scope scope, Object state, Boolean isCompleted)
   at Microsoft.AspNetCore.Mvc.Infrastructure.ControllerActionInvoker.Rethrow(ActionExecutedContextSealed context)
   at Microsoft.AspNetCore.Mvc.Infrastructure.ControllerActionInvoker.Next(State& next, Scope& scope, Object& state, Boolean& isCompleted)
   at Microsoft.AspNetCore.Mvc.Infrastructure.ControllerActionInvoker.InvokeInnerFilterAsync()
--- End of stack trace from previous location ---
   at Microsoft.AspNetCore.Mvc.Infrastructure.ResourceInvoker.<InvokeFilterPipelineAsync>g__Awaited|20_0(ResourceInvoker invoker, Task lastTask, State next, Scope scope, Object state, Boolean isCompleted)
   at Microsoft.AspNetCore.Mvc.Infrastructure.ResourceInvoker.<InvokeAsync>g__Awaited|17_0(ResourceInvoker invoker, Task task, IDisposable scope)
   at Microsoft.AspNetCore.Mvc.Infrastructure.ResourceInvoker.<InvokeAsync>g__Awaited|17_0(ResourceInvoker invoker, Task task, IDisposable scope)
   at Microsoft.AspNetCore.Authorization.AuthorizationMiddleware.Invoke(HttpContext context)
   at Microsoft.AspNetCore.Authentication.AuthenticationMiddleware.Invoke(HttpContext context)
   at Serilog.AspNetCore.RequestLoggingMiddleware.Invoke(HttpContext httpContext)
   at Swashbuckle.AspNetCore.SwaggerUI.SwaggerUIMiddleware.Invoke(HttpContext httpContext)
   at Swashbuckle.AspNetCore.Swagger.SwaggerMiddleware.Invoke(HttpContext httpContext, ISwaggerProvider swaggerProvider)
   at WMS.API.Middleware.GlobalExceptionMiddleware.InvokeAsync(HttpContext context) in C:\Users\Hardik\Desktop\WMS-Solution\src\WMS.API\Middleware\GlobalExceptionMiddleware.cs:line 26
2026-06-14 15:37:00.688 +05:30 [INF] HTTP OPTIONS /api/v1/leaves/employee/8 responded 204 in 0.0317 ms
2026-06-14 15:37:00.697 +05:30 [INF] WMS Request: GetLeavesByEmployeeQuery {"EmployeeId":8,"PageNumber":1,"PageSize":10,"$type":"GetLeavesByEmployeeQuery"}
2026-06-14 15:37:01.027 +05:30 [INF] WMS Response: GetLeavesByEmployeeQuery {"Items":[{"LeaveId":13,"EmpId":8,"EmployeeName":"","LeaveType":"Casual","Reason":"i am going on a trip","FromDate":"2026-08-06T00:00:00.0000000","ToDate":"2026-08-16T00:00:00.0000000","TotalDays":11,"Status":"Pending","AppliedOn":"2026-06-14T10:05:27.3963461","ApprovedBy":null,"ApproverName":null,"ApprovedOn":null,"$type":"LeaveDto"}],"TotalCount":1,"PageNumber":1,"PageSize":10,"TotalPages":1,"HasPreviousPage":false,"HasNextPage":false,"$type":"PagedResult`1"}
2026-06-14 15:37:01.047 +05:30 [INF] HTTP GET /api/v1/leaves/employee/8 responded 200 in 352.6259 ms
2026-06-14 15:37:02.298 +05:30 [INF] HTTP OPTIONS /api/v1/leaves/13/cancel responded 204 in 0.0335 ms
2026-06-14 15:37:02.306 +05:30 [INF] WMS Request: CancelLeaveCommand {"LeaveId":13,"$type":"CancelLeaveCommand"}
2026-06-14 15:37:02.311 +05:30 [ERR] HTTP POST /api/v1/leaves/13/cancel responded 500 in 8.4652 ms
System.InvalidOperationException: No service for type 'MediatR.IRequestHandler`1[WMS.Application.Features.Leaves.Commands.CancelLeaveCommand]' has been registered.
   at Microsoft.Extensions.DependencyInjection.ServiceProviderServiceExtensions.GetRequiredService(IServiceProvider provider, Type serviceType)
   at Microsoft.Extensions.DependencyInjection.ServiceProviderServiceExtensions.GetRequiredService[T](IServiceProvider provider)
   at MediatR.Wrappers.RequestHandlerWrapperImpl`1.<>c__DisplayClass1_0.<<Handle>g__Handler|0>d.MoveNext()
--- End of stack trace from previous location ---
   at WMS.Application.Common.Behaviours.PerformanceBehaviour`2.Handle(TRequest request, RequestHandlerDelegate`1 next, CancellationToken ct) in C:\Users\Hardik\Desktop\WMS-Solution\src\WMS.Application\Common\Behaviours\PerformanceBehaviour.cs:line 22
   at WMS.Application.Common.Behaviours.ValidationBehaviour`2.Handle(TRequest request, RequestHandlerDelegate`1 next, CancellationToken ct) in C:\Users\Hardik\Desktop\WMS-Solution\src\WMS.Application\Common\Behaviours\ValidationBehaviour.cs:line 20
   at WMS.Application.Common.Behaviours.LoggingBehaviour`2.Handle(TRequest request, RequestHandlerDelegate`1 next, CancellationToken ct) in C:\Users\Hardik\Desktop\WMS-Solution\src\WMS.Application\Common\Behaviours\LoggingBehaviour.cs:line 22
   at WMS.API.Controllers.v1.LeavesController.Cancel(Int32 id, CancellationToken ct) in C:\Users\Hardik\Desktop\WMS-Solution\src\WMS.API\Controllers\v1\LeavesController.cs:line 40
   at Microsoft.AspNetCore.Mvc.Infrastructure.ActionMethodExecutor.TaskOfIActionResultExecutor.Execute(ActionContext actionContext, IActionResultTypeMapper mapper, ObjectMethodExecutor executor, Object controller, Object[] arguments)
   at Microsoft.AspNetCore.Mvc.Infrastructure.ControllerActionInvoker.<InvokeActionMethodAsync>g__Awaited|12_0(ControllerActionInvoker invoker, ValueTask`1 actionResultValueTask)
   at Microsoft.AspNetCore.Mvc.Infrastructure.ControllerActionInvoker.<InvokeNextActionFilterAsync>g__Awaited|10_0(ControllerActionInvoker invoker, Task lastTask, State next, Scope scope, Object state, Boolean isCompleted)
   at Microsoft.AspNetCore.Mvc.Infrastructure.ControllerActionInvoker.Rethrow(ActionExecutedContextSealed context)
   at Microsoft.AspNetCore.Mvc.Infrastructure.ControllerActionInvoker.Next(State& next, Scope& scope, Object& state, Boolean& isCompleted)
   at Microsoft.AspNetCore.Mvc.Infrastructure.ControllerActionInvoker.InvokeInnerFilterAsync()
--- End of stack trace from previous location ---
   at Microsoft.AspNetCore.Mvc.Infrastructure.ResourceInvoker.<InvokeFilterPipelineAsync>g__Awaited|20_0(ResourceInvoker invoker, Task lastTask, State next, Scope scope, Object state, Boolean isCompleted)
   at Microsoft.AspNetCore.Mvc.Infrastructure.ResourceInvoker.<InvokeAsync>g__Awaited|17_0(ResourceInvoker invoker, Task task, IDisposable scope)
   at Microsoft.AspNetCore.Mvc.Infrastructure.ResourceInvoker.<InvokeAsync>g__Awaited|17_0(ResourceInvoker invoker, Task task, IDisposable scope)
   at Microsoft.AspNetCore.Authorization.AuthorizationMiddleware.Invoke(HttpContext context)
   at Microsoft.AspNetCore.Authentication.AuthenticationMiddleware.Invoke(HttpContext context)
   at Serilog.AspNetCore.RequestLoggingMiddleware.Invoke(HttpContext httpContext)
2026-06-14 15:37:02.323 +05:30 [ERR] An unhandled exception occurred: No service for type 'MediatR.IRequestHandler`1[WMS.Application.Features.Leaves.Commands.CancelLeaveCommand]' has been registered.
System.InvalidOperationException: No service for type 'MediatR.IRequestHandler`1[WMS.Application.Features.Leaves.Commands.CancelLeaveCommand]' has been registered.
   at Microsoft.Extensions.DependencyInjection.ServiceProviderServiceExtensions.GetRequiredService(IServiceProvider provider, Type serviceType)
   at Microsoft.Extensions.DependencyInjection.ServiceProviderServiceExtensions.GetRequiredService[T](IServiceProvider provider)
   at MediatR.Wrappers.RequestHandlerWrapperImpl`1.<>c__DisplayClass1_0.<<Handle>g__Handler|0>d.MoveNext()
--- End of stack trace from previous location ---
   at WMS.Application.Common.Behaviours.PerformanceBehaviour`2.Handle(TRequest request, RequestHandlerDelegate`1 next, CancellationToken ct) in C:\Users\Hardik\Desktop\WMS-Solution\src\WMS.Application\Common\Behaviours\PerformanceBehaviour.cs:line 22
   at WMS.Application.Common.Behaviours.ValidationBehaviour`2.Handle(TRequest request, RequestHandlerDelegate`1 next, CancellationToken ct) in C:\Users\Hardik\Desktop\WMS-Solution\src\WMS.Application\Common\Behaviours\ValidationBehaviour.cs:line 20
   at WMS.Application.Common.Behaviours.LoggingBehaviour`2.Handle(TRequest request, RequestHandlerDelegate`1 next, CancellationToken ct) in C:\Users\Hardik\Desktop\WMS-Solution\src\WMS.Application\Common\Behaviours\LoggingBehaviour.cs:line 22
   at WMS.API.Controllers.v1.LeavesController.Cancel(Int32 id, CancellationToken ct) in C:\Users\Hardik\Desktop\WMS-Solution\src\WMS.API\Controllers\v1\LeavesController.cs:line 40
   at Microsoft.AspNetCore.Mvc.Infrastructure.ActionMethodExecutor.TaskOfIActionResultExecutor.Execute(ActionContext actionContext, IActionResultTypeMapper mapper, ObjectMethodExecutor executor, Object controller, Object[] arguments)
   at Microsoft.AspNetCore.Mvc.Infrastructure.ControllerActionInvoker.<InvokeActionMethodAsync>g__Awaited|12_0(ControllerActionInvoker invoker, ValueTask`1 actionResultValueTask)
   at Microsoft.AspNetCore.Mvc.Infrastructure.ControllerActionInvoker.<InvokeNextActionFilterAsync>g__Awaited|10_0(ControllerActionInvoker invoker, Task lastTask, State next, Scope scope, Object state, Boolean isCompleted)
   at Microsoft.AspNetCore.Mvc.Infrastructure.ControllerActionInvoker.Rethrow(ActionExecutedContextSealed context)
   at Microsoft.AspNetCore.Mvc.Infrastructure.ControllerActionInvoker.Next(State& next, Scope& scope, Object& state, Boolean& isCompleted)
   at Microsoft.AspNetCore.Mvc.Infrastructure.ControllerActionInvoker.InvokeInnerFilterAsync()
--- End of stack trace from previous location ---
   at Microsoft.AspNetCore.Mvc.Infrastructure.ResourceInvoker.<InvokeFilterPipelineAsync>g__Awaited|20_0(ResourceInvoker invoker, Task lastTask, State next, Scope scope, Object state, Boolean isCompleted)
   at Microsoft.AspNetCore.Mvc.Infrastructure.ResourceInvoker.<InvokeAsync>g__Awaited|17_0(ResourceInvoker invoker, Task task, IDisposable scope)
   at Microsoft.AspNetCore.Mvc.Infrastructure.ResourceInvoker.<InvokeAsync>g__Awaited|17_0(ResourceInvoker invoker, Task task, IDisposable scope)
   at Microsoft.AspNetCore.Authorization.AuthorizationMiddleware.Invoke(HttpContext context)
   at Microsoft.AspNetCore.Authentication.AuthenticationMiddleware.Invoke(HttpContext context)
   at Serilog.AspNetCore.RequestLoggingMiddleware.Invoke(HttpContext httpContext)
   at Swashbuckle.AspNetCore.SwaggerUI.SwaggerUIMiddleware.Invoke(HttpContext httpContext)
   at Swashbuckle.AspNetCore.Swagger.SwaggerMiddleware.Invoke(HttpContext httpContext, ISwaggerProvider swaggerProvider)
   at WMS.API.Middleware.GlobalExceptionMiddleware.InvokeAsync(HttpContext context) in C:\Users\Hardik\Desktop\WMS-Solution\src\WMS.API\Middleware\GlobalExceptionMiddleware.cs:line 26
2026-06-14 15:37:10.764 +05:30 [INF] HTTP OPTIONS /api/v1/announcements responded 204 in 0.0376 ms
2026-06-14 15:37:10.773 +05:30 [INF] WMS Request: GetAnnouncementsQuery {"IsActive":null,"PageNumber":1,"PageSize":10,"$type":"GetAnnouncementsQuery"}
2026-06-14 15:37:10.886 +05:30 [INF] WMS Response: GetAnnouncementsQuery {"Items":[{"AnnouncementId":2,"Title":"Holiday","Message":"Office holiday next week yesss","CreatedBy":1,"CreatedByName":"Hardik Patel","CreatedOn":"2026-06-13T02:26:06.7300000","IsActive":false,"$type":"AnnouncementDto"},{"AnnouncementId":3,"Title":"Meeting","Message":"Monthly review meeting","CreatedBy":1,"CreatedByName":"Hardik Patel","CreatedOn":"2026-06-13T02:26:06.7300000","IsActive":true,"$type":"AnnouncementDto"},{"AnnouncementId":4,"Title":"Policy Update","Message":"New HR policy released","CreatedBy":1,"CreatedByName":"Hardik Patel","CreatedOn":"2026-06-13T02:26:06.7300000","IsActive":true,"$type":"AnnouncementDto"},{"AnnouncementId":5,"Title":"Training","Message":"AI training scheduled","CreatedBy":1,"CreatedByName":"Hardik Patel","CreatedOn":"2026-06-13T02:26:06.7300000","IsActive":true,"$type":"AnnouncementDto"}],"TotalCount":4,"PageNumber":1,"PageSize":10,"TotalPages":1,"HasPreviousPage":false,"HasNextPage":false,"$type":"PagedResult`1"}
2026-06-14 15:37:10.937 +05:30 [INF] HTTP GET /api/v1/announcements responded 200 in 166.0424 ms
2026-06-14 15:37:12.974 +05:30 [INF] HTTP OPTIONS /api/v1/attendance/employee/8/monthly responded 204 in 0.0813 ms
2026-06-14 15:37:12.984 +05:30 [INF] WMS Request: GetMonthlyAttendanceQuery {"EmployeeId":8,"Year":2026,"Month":6,"$type":"GetMonthlyAttendanceQuery"}
2026-06-14 15:37:13.043 +05:30 [INF] WMS Response: GetMonthlyAttendanceQuery [{"AttendanceId":13,"EmpId":8,"EmployeeName":null,"CheckIn":"2026-06-14T09:47:35.2231167","CheckOut":"2026-06-14T09:51:22.2789122","TotalHours":0.06,"WorkMode":"WFH","AttendanceDate":"2026-06-14T00:00:00.0000000","Status":"Complete","$type":"AttendanceDto"}]
2026-06-14 15:37:13.068 +05:30 [INF] HTTP GET /api/v1/attendance/employee/8/monthly responded 200 in 86.1048 ms
2026-06-14 15:37:14.220 +05:30 [INF] WMS Request: GetAnnouncementsQuery {"IsActive":null,"PageNumber":1,"PageSize":10,"$type":"GetAnnouncementsQuery"}
2026-06-14 15:37:14.266 +05:30 [INF] WMS Response: GetAnnouncementsQuery {"Items":[{"AnnouncementId":2,"Title":"Holiday","Message":"Office holiday next week yesss","CreatedBy":1,"CreatedByName":"Hardik Patel","CreatedOn":"2026-06-13T02:26:06.7300000","IsActive":false,"$type":"AnnouncementDto"},{"AnnouncementId":3,"Title":"Meeting","Message":"Monthly review meeting","CreatedBy":1,"CreatedByName":"Hardik Patel","CreatedOn":"2026-06-13T02:26:06.7300000","IsActive":true,"$type":"AnnouncementDto"},{"AnnouncementId":4,"Title":"Policy Update","Message":"New HR policy released","CreatedBy":1,"CreatedByName":"Hardik Patel","CreatedOn":"2026-06-13T02:26:06.7300000","IsActive":true,"$type":"AnnouncementDto"},{"AnnouncementId":5,"Title":"Training","Message":"AI training scheduled","CreatedBy":1,"CreatedByName":"Hardik Patel","CreatedOn":"2026-06-13T02:26:06.7300000","IsActive":true,"$type":"AnnouncementDto"}],"TotalCount":4,"PageNumber":1,"PageSize":10,"TotalPages":1,"HasPreviousPage":false,"HasNextPage":false,"$type":"PagedResult`1"}
2026-06-14 15:37:14.328 +05:30 [INF] HTTP GET /api/v1/announcements responded 200 in 108.9664 ms
2026-06-14 15:37:15.467 +05:30 [INF] WMS Request: GetMonthlyAttendanceQuery {"EmployeeId":8,"Year":2026,"Month":6,"$type":"GetMonthlyAttendanceQuery"}
2026-06-14 15:37:15.487 +05:30 [INF] WMS Response: GetMonthlyAttendanceQuery [{"AttendanceId":13,"EmpId":8,"EmployeeName":null,"CheckIn":"2026-06-14T09:47:35.2231167","CheckOut":"2026-06-14T09:51:22.2789122","TotalHours":0.06,"WorkMode":"WFH","AttendanceDate":"2026-06-14T00:00:00.0000000","Status":"Complete","$type":"AttendanceDto"}]
2026-06-14 15:37:15.511 +05:30 [INF] HTTP GET /api/v1/attendance/employee/8/monthly responded 200 in 45.6932 ms
2026-06-14 15:37:17.787 +05:30 [INF] HTTP OPTIONS /api/v1/leaves/employee/8 responded 204 in 0.0594 ms
2026-06-14 15:37:17.798 +05:30 [INF] WMS Request: GetLeavesByEmployeeQuery {"EmployeeId":8,"PageNumber":1,"PageSize":10,"$type":"GetLeavesByEmployeeQuery"}
2026-06-14 15:37:17.821 +05:30 [INF] WMS Response: GetLeavesByEmployeeQuery {"Items":[{"LeaveId":13,"EmpId":8,"EmployeeName":"","LeaveType":"Casual","Reason":"i am going on a trip","FromDate":"2026-08-06T00:00:00.0000000","ToDate":"2026-08-16T00:00:00.0000000","TotalDays":11,"Status":"Pending","AppliedOn":"2026-06-14T10:05:27.3963461","ApprovedBy":null,"ApproverName":null,"ApprovedOn":null,"$type":"LeaveDto"}],"TotalCount":1,"PageNumber":1,"PageSize":10,"TotalPages":1,"HasPreviousPage":false,"HasNextPage":false,"$type":"PagedResult`1"}
2026-06-14 15:37:17.857 +05:30 [INF] HTTP GET /api/v1/leaves/employee/8 responded 200 in 59.5828 ms
2026-06-14 15:37:19.558 +05:30 [INF] HTTP OPTIONS /api/v1/attendance/employee/8/monthly responded 204 in 0.0490 ms
2026-06-14 15:37:19.573 +05:30 [INF] WMS Request: GetLeavesByEmployeeQuery {"EmployeeId":8,"PageNumber":1,"PageSize":10,"$type":"GetLeavesByEmployeeQuery"}
2026-06-14 15:37:19.573 +05:30 [INF] WMS Request: GetMonthlyAttendanceQuery {"EmployeeId":8,"Year":2026,"Month":6,"$type":"GetMonthlyAttendanceQuery"}
2026-06-14 15:37:19.587 +05:30 [INF] WMS Response: GetLeavesByEmployeeQuery {"Items":[{"LeaveId":13,"EmpId":8,"EmployeeName":"","LeaveType":"Casual","Reason":"i am going on a trip","FromDate":"2026-08-06T00:00:00.0000000","ToDate":"2026-08-16T00:00:00.0000000","TotalDays":11,"Status":"Pending","AppliedOn":"2026-06-14T10:05:27.3963461","ApprovedBy":null,"ApproverName":null,"ApprovedOn":null,"$type":"LeaveDto"}],"TotalCount":1,"PageNumber":1,"PageSize":10,"TotalPages":1,"HasPreviousPage":false,"HasNextPage":false,"$type":"PagedResult`1"}
2026-06-14 15:37:19.595 +05:30 [INF] WMS Response: GetMonthlyAttendanceQuery [{"AttendanceId":13,"EmpId":8,"EmployeeName":null,"CheckIn":"2026-06-14T09:47:35.2231167","CheckOut":"2026-06-14T09:51:22.2789122","TotalHours":0.06,"WorkMode":"WFH","AttendanceDate":"2026-06-14T00:00:00.0000000","Status":"Complete","$type":"AttendanceDto"}]
2026-06-14 15:37:19.623 +05:30 [INF] HTTP GET /api/v1/leaves/employee/8 responded 200 in 51.8370 ms
2026-06-14 15:37:19.644 +05:30 [INF] HTTP GET /api/v1/attendance/employee/8/monthly responded 200 in 71.5888 ms
2026-06-14 15:37:23.511 +05:30 [INF] HTTP OPTIONS /api/v1/auth/logout responded 204 in 0.0454 ms
2026-06-14 15:37:23.516 +05:30 [INF] WMS Request: LogoutCommand {"Username":"arin","$type":"LogoutCommand"}
2026-06-14 15:37:23.597 +05:30 [INF] WMS Response: LogoutCommand {"$type":"Unit"}
2026-06-14 15:37:23.600 +05:30 [INF] HTTP POST /api/v1/auth/logout responded 200 in 85.5766 ms
2026-06-14 15:37:31.018 +05:30 [INF] HTTP OPTIONS /api/v1/auth/login responded 204 in 0.0239 ms
2026-06-14 15:37:31.028 +05:30 [INF] WMS Request: LoginCommand {"Username":"admin","Password":"Admin@123","$type":"LoginCommand"}
2026-06-14 15:37:31.290 +05:30 [INF] WMS Response: LoginCommand {"AccessToken":"eyJhbGciOiJIUzI1NiIsInR5cCI6IkpXVCJ9.eyJzdWIiOiIxIiwidW5pcXVlX25hbWUiOiJhZG1pbiIsImh0dHA6Ly9zY2hlbWFzLm1pY3Jvc29mdC5jb20vd3MvMjAwOC8wNi9pZGVudGl0eS9jbGFpbXMvcm9sZSI6IkFkbWluIiwiZW1wbG95ZWVJZCI6IjYiLCJqdGkiOiI1NmYxZDY4OS1iODlmLTQ4MWUtODY4YS0yMmI1M2YyNmQ4ZjEiLCJleHAiOjE3ODE0MzUyNTEsImlzcyI6IldNUy5BUEkiLCJhdWQiOiJXTVMuQ2xpZW50In0.q3gXnQ8m8P_cUTfls0Ow8vU-GpA3BMbGs57r6k1j2Q4","RefreshToken":"+Fp7bwWFP0njB8dqym3F+h/+puQGNrzW1k2kQSgpt/MBlfYMQhZiA7HdJEHna/mFzkST6HfM094nhh1v19Dh8w==","ExpiresAt":"2026-06-14T11:07:31.2907727Z","Username":"admin","Role":"Admin","EmployeeId":6,"$type":"LoginResponse"}
2026-06-14 15:37:31.298 +05:30 [INF] HTTP POST /api/v1/auth/login responded 200 in 275.8531 ms
2026-06-14 15:37:31.438 +05:30 [INF] HTTP OPTIONS /api/v1/dashboard/summary responded 204 in 0.0319 ms
2026-06-14 15:37:31.448 +05:30 [INF] WMS Request: GetDashboardSummaryQuery {"$type":"GetDashboardSummaryQuery"}
2026-06-14 15:37:31.595 +05:30 [INF] WMS Response: GetDashboardSummaryQuery {"TotalEmployees":8,"ActiveEmployees":6,"TotalDepartments":4,"TotalProjects":4,"ActiveProjects":3,"TotalClients":4,"TodayAttendanceCount":3,"PendingLeaves":2,"AttendanceTrend":[{"Date":"Jun 08","Present":1,"Absent":0,"WFH":1,"WFO":0,"$type":"AttendanceTrendDto"},{"Date":"Jun 09","Present":1,"Absent":0,"WFH":0,"WFO":1,"$type":"AttendanceTrendDto"},{"Date":"Jun 10","Present":1,"Absent":0,"WFH":1,"WFO":0,"$type":"AttendanceTrendDto"},{"Date":"Jun 11","Present":1,"Absent":0,"WFH":0,"WFO":1,"$type":"AttendanceTrendDto"},{"Date":"Jun 12","Present":1,"Absent":0,"WFH":1,"WFO":0,"$type":"AttendanceTrendDto"},{"Date":"Jun 13","Present":3,"Absent":0,"WFH":1,"WFO":2,"$type":"AttendanceTrendDto"},{"Date":"Jun 14","Present":3,"Absent":0,"WFH":2,"WFO":1,"$type":"AttendanceTrendDto"}],"LeaveTrend":[{"Month":"2/2026","Approved":1,"Pending":0,"Rejected":0,"$type":"LeaveTrendDto"},{"Month":"3/2026","Approved":0,"Pending":0,"Rejected":1,"$type":"LeaveTrendDto"},{"Month":"4/2026","Approved":0,"Pending":0,"Rejected":1,"$type":"LeaveTrendDto"},{"Month":"5/2026","Approved":1,"Pending":0,"Rejected":0,"$type":"LeaveTrendDto"},{"Month":"6/2026","Approved":4,"Pending":2,"Rejected":2,"$type":"LeaveTrendDto"}],"DepartmentDistribution":[{"DepartmentName":"Finance","EmployeeCount":2,"$type":"DepartmentDistributionDto"},{"DepartmentName":"Operations","EmployeeCount":2,"$type":"DepartmentDistributionDto"},{"DepartmentName":"AI-DS","EmployeeCount":1,"$type":"DepartmentDistributionDto"},{"DepartmentName":"HR","EmployeeCount":1,"$type":"DepartmentDistributionDto"}],"ProjectStatusDistribution":[{"Status":"Active","Count":3,"$type":"ProjectStatusDto"},{"Status":"Completed","Count":1,"$type":"ProjectStatusDto"}],"RecentAnnouncements":[{"AnnouncementId":3,"Title":"Meeting","Message":"Monthly review meeting","CreatedBy":0,"CreatedByName":"Hardik Patel","CreatedOn":"2026-06-13T02:26:06.7300000","IsActive":true,"$type":"AnnouncementDto"},{"AnnouncementId":4,"Title":"Policy Update","Message":"New HR policy released","CreatedBy":0,"CreatedByName":"Hardik Patel","CreatedOn":"2026-06-13T02:26:06.7300000","IsActive":true,"$type":"AnnouncementDto"},{"AnnouncementId":5,"Title":"Training","Message":"AI training scheduled","CreatedBy":0,"CreatedByName":"Hardik Patel","CreatedOn":"2026-06-13T02:26:06.7300000","IsActive":true,"$type":"AnnouncementDto"}],"$type":"DashboardSummaryDto"}
2026-06-14 15:37:31.733 +05:30 [INF] HTTP GET /api/v1/dashboard/summary responded 200 in 289.3984 ms
2026-06-14 15:37:57.006 +05:30 [INF] HTTP OPTIONS /api/v1/departments responded 204 in 0.0246 ms
2026-06-14 15:37:57.007 +05:30 [INF] HTTP OPTIONS /api/v1/employees responded 204 in 0.0182 ms
2026-06-14 15:37:57.014 +05:30 [INF] WMS Request: GetDepartmentsQuery {"$type":"GetDepartmentsQuery"}
2026-06-14 15:37:57.014 +05:30 [INF] WMS Request: GetEmployeesQuery {"Search":null,"DepartmentId":null,"RoleId":null,"Status":"Active","PageNumber":1,"PageSize":10,"$type":"GetEmployeesQuery"}
2026-06-14 15:37:57.044 +05:30 [INF] WMS Response: GetDepartmentsQuery [{"DepartmentId":1,"DepartmentName":"HR","Description":"Human Resourcesss","EmployeeCount":2,"CreatedOn":"2024-01-01T00:00:00.0000000","$type":"DepartmentDto"},{"DepartmentId":3,"DepartmentName":"Finance","Description":"Finance & Accounts","EmployeeCount":2,"CreatedOn":"2024-01-01T00:00:00.0000000","$type":"DepartmentDto"},{"DepartmentId":4,"DepartmentName":"Operations","Description":"Business Operations","EmployeeCount":2,"CreatedOn":"2024-01-01T00:00:00.0000000","$type":"DepartmentDto"},{"DepartmentId":5,"DepartmentName":"AI-DS","Description":"artificial intelligence and data science","EmployeeCount":2,"CreatedOn":"2026-06-11T15:03:13.6443056","$type":"DepartmentDto"}]
2026-06-14 15:37:57.068 +05:30 [INF] HTTP GET /api/v1/departments responded 200 in 56.6677 ms
2026-06-14 15:37:57.111 +05:30 [INF] WMS Response: GetEmployeesQuery {"Items":[{"EmployeeId":8,"FirstName":"Arin","LastName":"saraf","FullName":"Arin saraf","Email":"arinsunar@gmail.com","PhoneNumber":"8945625347","Gender":"Male","DOB":"2004-01-04T00:00:00.0000000","DOJ":"2026-05-14T00:00:00.0000000","DepartmentId":3,"DepartmentName":"Finance","RoleId":3,"RoleName":"Employee","Status":"Active","CreatedOn":"2026-06-14T09:47:10.1921159","UpdatedOn":null,"$type":"EmployeeDto"},{"EmployeeId":3,"FirstName":"hardik","LastName":"maloo","FullName":"hardik maloo","Email":"hardikmaloo21@gmail.com","PhoneNumber":"8107663009","Gender":"Male","DOB":"2004-06-21T00:00:00.0000000","DOJ":"2026-06-04T00:00:00.0000000","DepartmentId":5,"DepartmentName":"AI-DS","RoleId":3,"RoleName":"Employee","Status":"Active","CreatedOn":"2026-06-12T23:10:13.1851457","UpdatedOn":null,"$type":"EmployeeDto"},{"EmployeeId":2,"FirstName":"harsh","LastName":"rathore","FullName":"harsh rathore","Email":"harsh@gmail.com","PhoneNumber":"7976681235","Gender":"Male","DOB":"2005-07-03T00:00:00.0000000","DOJ":"2026-06-12T00:00:00.0000000","DepartmentId":3,"DepartmentName":"Finance","RoleId":1,"RoleName":"Admin","Status":"Active","CreatedOn":"2026-06-12T21:25:47.5693795","UpdatedOn":"2026-06-12T23:08:27.1985056","$type":"EmployeeDto"},{"EmployeeId":5,"FirstName":"lakshya","LastName":"sharma","FullName":"lakshya sharma","Email":"lakshya@gmail.com","PhoneNumber":"8946456765","Gender":"Male","DOB":"2005-03-14T00:00:00.0000000","DOJ":"2026-04-08T00:00:00.0000000","DepartmentId":4,"DepartmentName":"Operations","RoleId":3,"RoleName":"Employee","Status":"Active","CreatedOn":"2026-06-13T08:09:44.8928080","UpdatedOn":null,"$type":"EmployeeDto"},{"EmployeeId":7,"FirstName":"pulkit","LastName":"jain","FullName":"pulkit jain","Email":"pulkitjain@gmail.com","PhoneNumber":"7894561230","Gender":"Male","DOB":"2004-04-14T00:00:00.0000000","DOJ":"2026-06-14T00:00:00.0000000","DepartmentId":4,"DepartmentName":"Operations","RoleId":3,"RoleName":"Employee","Status":"Active","CreatedOn":"2026-06-14T06:41:11.1355668","UpdatedOn":null,"$type":"EmployeeDto"},{"EmployeeId":6,"FirstName":"System","LastName":"Admin","FullName":"System Admin","Email":"admin@wms.com","PhoneNumber":"9999999999","Gender":"Male","DOB":"1990-01-01T00:00:00.0000000","DOJ":"2026-06-13T19:06:47.4733333","DepartmentId":1,"DepartmentName":"HR","RoleId":1,"RoleName":"Admin","Status":"Active","CreatedOn":"2026-06-13T19:06:47.4733333","UpdatedOn":null,"$type":"EmployeeDto"}],"TotalCount":6,"PageNumber":1,"PageSize":10,"TotalPages":1,"HasPreviousPage":false,"HasNextPage":false,"$type":"PagedResult`1"}
2026-06-14 15:37:57.223 +05:30 [INF] HTTP GET /api/v1/employees responded 200 in 210.9548 ms
2026-06-14 15:37:58.185 +05:30 [INF] WMS Request: GetDepartmentsQuery {"$type":"GetDepartmentsQuery"}
2026-06-14 15:37:58.200 +05:30 [INF] WMS Response: GetDepartmentsQuery [{"DepartmentId":1,"DepartmentName":"HR","Description":"Human Resourcesss","EmployeeCount":2,"CreatedOn":"2024-01-01T00:00:00.0000000","$type":"DepartmentDto"},{"DepartmentId":3,"DepartmentName":"Finance","Description":"Finance & Accounts","EmployeeCount":2,"CreatedOn":"2024-01-01T00:00:00.0000000","$type":"DepartmentDto"},{"DepartmentId":4,"DepartmentName":"Operations","Description":"Business Operations","EmployeeCount":2,"CreatedOn":"2024-01-01T00:00:00.0000000","$type":"DepartmentDto"},{"DepartmentId":5,"DepartmentName":"AI-DS","Description":"artificial intelligence and data science","EmployeeCount":2,"CreatedOn":"2026-06-11T15:03:13.6443056","$type":"DepartmentDto"}]
2026-06-14 15:37:58.223 +05:30 [INF] HTTP GET /api/v1/departments responded 200 in 38.7341 ms
2026-06-14 15:37:59.273 +05:30 [INF] HTTP OPTIONS /api/v1/attendance/today responded 204 in 0.0316 ms
2026-06-14 15:37:59.274 +05:30 [INF] HTTP OPTIONS /api/v1/employees responded 204 in 0.0731 ms
2026-06-14 15:37:59.281 +05:30 [INF] WMS Request: GetTodayAttendanceQuery {"$type":"GetTodayAttendanceQuery"}
2026-06-14 15:37:59.284 +05:30 [INF] WMS Request: GetEmployeesQuery {"Search":null,"DepartmentId":null,"RoleId":null,"Status":null,"PageNumber":1,"PageSize":500,"$type":"GetEmployeesQuery"}
2026-06-14 15:37:59.316 +05:30 [INF] WMS Response: GetTodayAttendanceQuery [{"AttendanceId":13,"EmpId":8,"EmployeeName":"Arin saraf","CheckIn":"2026-06-14T09:47:35.2231167","CheckOut":"2026-06-14T09:51:22.2789122","TotalHours":0.06,"WorkMode":"WFH","AttendanceDate":"2026-06-14T00:00:00.0000000","Status":"Complete","$type":"AttendanceDto"},{"AttendanceId":12,"EmpId":5,"EmployeeName":"lakshya sharma","CheckIn":"2026-06-14T09:37:15.6955527","CheckOut":null,"TotalHours":null,"WorkMode":"WFO","AttendanceDate":"2026-06-14T00:00:00.0000000","Status":"In Progress","$type":"AttendanceDto"},{"AttendanceId":11,"EmpId":7,"EmployeeName":"pulkit jain","CheckIn":"2026-06-14T09:29:31.4453900","CheckOut":"2026-06-14T09:29:42.4411016","TotalHours":0,"WorkMode":"WFH","AttendanceDate":"2026-06-14T00:00:00.0000000","Status":"Complete","$type":"AttendanceDto"}]
2026-06-14 15:37:59.317 +05:30 [INF] WMS Response: GetEmployeesQuery {"Items":[{"EmployeeId":4,"FirstName":"aditya","LastName":"batwara","FullName":"aditya batwara","Email":"aditya21@gmail.com","PhoneNumber":"7414040730","Gender":"Male","DOB":"2004-02-21T00:00:00.0000000","DOJ":"2026-04-07T00:00:00.0000000","DepartmentId":5,"DepartmentName":"AI-DS","RoleId":3,"RoleName":"Employee","Status":"Inactive","CreatedOn":"2026-06-12T23:12:11.5907684","UpdatedOn":"2026-06-13T12:36:11.3585878","$type":"EmployeeDto"},{"EmployeeId":8,"FirstName":"Arin","LastName":"saraf","FullName":"Arin saraf","Email":"arinsunar@gmail.com","PhoneNumber":"8945625347","Gender":"Male","DOB":"2004-01-04T00:00:00.0000000","DOJ":"2026-05-14T00:00:00.0000000","DepartmentId":3,"DepartmentName":"Finance","RoleId":3,"RoleName":"Employee","Status":"Active","CreatedOn":"2026-06-14T09:47:10.1921159","UpdatedOn":null,"$type":"EmployeeDto"},{"EmployeeId":3,"FirstName":"hardik","LastName":"maloo","FullName":"hardik maloo","Email":"hardikmaloo21@gmail.com","PhoneNumber":"8107663009","Gender":"Male","DOB":"2004-06-21T00:00:00.0000000","DOJ":"2026-06-04T00:00:00.0000000","DepartmentId":5,"DepartmentName":"AI-DS","RoleId":3,"RoleName":"Employee","Status":"Active","CreatedOn":"2026-06-12T23:10:13.1851457","UpdatedOn":null,"$type":"EmployeeDto"},{"EmployeeId":1,"FirstName":"Hardik","LastName":"Patel","FullName":"Hardik Patel","Email":"hardik@test.com","PhoneNumber":"7737131410","Gender":"Male","DOB":"2004-06-21T00:00:00.0000000","DOJ":"2026-06-08T00:00:00.0000000","DepartmentId":1,"DepartmentName":"HR","RoleId":2,"RoleName":"Manager","Status":"Inactive","CreatedOn":"2026-06-11T15:03:58.6936554","UpdatedOn":"2026-06-13T23:49:09.2801027","$type":"EmployeeDto"},{"EmployeeId":2,"FirstName":"harsh","LastName":"rathore","FullName":"harsh rathore","Email":"harsh@gmail.com","PhoneNumber":"7976681235","Gender":"Male","DOB":"2005-07-03T00:00:00.0000000","DOJ":"2026-06-12T00:00:00.0000000","DepartmentId":3,"DepartmentName":"Finance","RoleId":1,"RoleName":"Admin","Status":"Active","CreatedOn":"2026-06-12T21:25:47.5693795","UpdatedOn":"2026-06-12T23:08:27.1985056","$type":"EmployeeDto"},{"EmployeeId":5,"FirstName":"lakshya","LastName":"sharma","FullName":"lakshya sharma","Email":"lakshya@gmail.com","PhoneNumber":"8946456765","Gender":"Male","DOB":"2005-03-14T00:00:00.0000000","DOJ":"2026-04-08T00:00:00.0000000","DepartmentId":4,"DepartmentName":"Operations","RoleId":3,"RoleName":"Employee","Status":"Active","CreatedOn":"2026-06-13T08:09:44.8928080","UpdatedOn":null,"$type":"EmployeeDto"},{"EmployeeId":7,"FirstName":"pulkit","LastName":"jain","FullName":"pulkit jain","Email":"pulkitjain@gmail.com","PhoneNumber":"7894561230","Gender":"Male","DOB":"2004-04-14T00:00:00.0000000","DOJ":"2026-06-14T00:00:00.0000000","DepartmentId":4,"DepartmentName":"Operations","RoleId":3,"RoleName":"Employee","Status":"Active","CreatedOn":"2026-06-14T06:41:11.1355668","UpdatedOn":null,"$type":"EmployeeDto"},{"EmployeeId":6,"FirstName":"System","LastName":"Admin","FullName":"System Admin","Email":"admin@wms.com","PhoneNumber":"9999999999","Gender":"Male","DOB":"1990-01-01T00:00:00.0000000","DOJ":"2026-06-13T19:06:47.4733333","DepartmentId":1,"DepartmentName":"HR","RoleId":1,"RoleName":"Admin","Status":"Active","CreatedOn":"2026-06-13T19:06:47.4733333","UpdatedOn":null,"$type":"EmployeeDto"}],"TotalCount":8,"PageNumber":1,"PageSize":500,"TotalPages":1,"HasPreviousPage":false,"HasNextPage":false,"$type":"PagedResult`1"}
2026-06-14 15:37:59.348 +05:30 [INF] HTTP GET /api/v1/attendance/today responded 200 in 67.6115 ms
2026-06-14 15:37:59.465 +05:30 [INF] HTTP GET /api/v1/employees responded 200 in 182.3700 ms
2026-06-14 15:38:00.433 +05:30 [INF] HTTP OPTIONS /api/v1/leaves/employee/6 responded 204 in 0.0244 ms
2026-06-14 15:38:00.434 +05:30 [INF] HTTP OPTIONS /api/v1/leaves/pending responded 204 in 0.0219 ms
2026-06-14 15:38:00.440 +05:30 [INF] WMS Request: GetLeavesByEmployeeQuery {"EmployeeId":6,"PageNumber":1,"PageSize":10,"$type":"GetLeavesByEmployeeQuery"}
2026-06-14 15:38:00.446 +05:30 [INF] WMS Request: GetPendingLeavesQuery {"$type":"GetPendingLeavesQuery"}
2026-06-14 15:38:00.461 +05:30 [INF] WMS Response: GetLeavesByEmployeeQuery {"Items":[],"TotalCount":0,"PageNumber":1,"PageSize":10,"TotalPages":0,"HasPreviousPage":false,"HasNextPage":false,"$type":"PagedResult`1"}
2026-06-14 15:38:00.472 +05:30 [INF] HTTP GET /api/v1/leaves/employee/6 responded 200 in 32.4710 ms
2026-06-14 15:38:00.474 +05:30 [INF] WMS Response: GetPendingLeavesQuery [{"LeaveId":13,"EmpId":8,"EmployeeName":"Arin saraf","LeaveType":"Casual","Reason":"i am going on a trip","FromDate":"2026-08-06T00:00:00.0000000","ToDate":"2026-08-16T00:00:00.0000000","TotalDays":11,"Status":"Pending","AppliedOn":"2026-06-14T10:05:27.3963461","ApprovedBy":null,"ApproverName":null,"ApprovedOn":null,"$type":"LeaveDto"},{"LeaveId":12,"EmpId":1,"EmployeeName":"Hardik Patel","LeaveType":"Earned","Reason":"hdtdyuyiuih","FromDate":"2026-07-18T00:00:00.0000000","ToDate":"2026-07-21T00:00:00.0000000","TotalDays":4,"Status":"Pending","AppliedOn":"2026-06-13T18:16:13.0904676","ApprovedBy":null,"ApproverName":null,"ApprovedOn":null,"$type":"LeaveDto"}]
2026-06-14 15:38:00.504 +05:30 [INF] HTTP GET /api/v1/leaves/pending responded 200 in 59.7977 ms
2026-06-14 16:48:07.372 +05:30 [INF] HTTP OPTIONS /api/v1/leaves/pending responded 204 in 4.8329 ms
2026-06-14 16:48:07.372 +05:30 [INF] HTTP OPTIONS /api/v1/leaves/employee/6 responded 204 in 4.8405 ms
2026-06-14 16:48:07.506 +05:30 [INF] HTTP GET /api/v1/leaves/pending responded 401 in 106.0203 ms
2026-06-14 16:48:07.506 +05:30 [INF] HTTP GET /api/v1/leaves/employee/6 responded 401 in 103.8431 ms
2026-06-14 16:48:07.553 +05:30 [INF] HTTP OPTIONS /api/v1/auth/refresh-token responded 204 in 0.0411 ms
2026-06-14 16:48:07.657 +05:30 [INF] WMS Request: RefreshTokenCommand {"AccessToken":"eyJhbGciOiJIUzI1NiIsInR5cCI6IkpXVCJ9.eyJzdWIiOiIxIiwidW5pcXVlX25hbWUiOiJhZG1pbiIsImh0dHA6Ly9zY2hlbWFzLm1pY3Jvc29mdC5jb20vd3MvMjAwOC8wNi9pZGVudGl0eS9jbGFpbXMvcm9sZSI6IkFkbWluIiwiZW1wbG95ZWVJZCI6IjYiLCJqdGkiOiI1NmYxZDY4OS1iODlmLTQ4MWUtODY4YS0yMmI1M2YyNmQ4ZjEiLCJleHAiOjE3ODE0MzUyNTEsImlzcyI6IldNUy5BUEkiLCJhdWQiOiJXTVMuQ2xpZW50In0.q3gXnQ8m8P_cUTfls0Ow8vU-GpA3BMbGs57r6k1j2Q4","RefreshToken":"+Fp7bwWFP0njB8dqym3F+h/+puQGNrzW1k2kQSgpt/MBlfYMQhZiA7HdJEHna/mFzkST6HfM094nhh1v19Dh8w==","$type":"RefreshTokenCommand"}
2026-06-14 16:48:08.283 +05:30 [WRN] WMS Long Running Request: RefreshTokenCommand (612ms) {"AccessToken":"eyJhbGciOiJIUzI1NiIsInR5cCI6IkpXVCJ9.eyJzdWIiOiIxIiwidW5pcXVlX25hbWUiOiJhZG1pbiIsImh0dHA6Ly9zY2hlbWFzLm1pY3Jvc29mdC5jb20vd3MvMjAwOC8wNi9pZGVudGl0eS9jbGFpbXMvcm9sZSI6IkFkbWluIiwiZW1wbG95ZWVJZCI6IjYiLCJqdGkiOiI1NmYxZDY4OS1iODlmLTQ4MWUtODY4YS0yMmI1M2YyNmQ4ZjEiLCJleHAiOjE3ODE0MzUyNTEsImlzcyI6IldNUy5BUEkiLCJhdWQiOiJXTVMuQ2xpZW50In0.q3gXnQ8m8P_cUTfls0Ow8vU-GpA3BMbGs57r6k1j2Q4","RefreshToken":"+Fp7bwWFP0njB8dqym3F+h/+puQGNrzW1k2kQSgpt/MBlfYMQhZiA7HdJEHna/mFzkST6HfM094nhh1v19Dh8w==","$type":"RefreshTokenCommand"}
2026-06-14 16:48:08.291 +05:30 [INF] WMS Response: RefreshTokenCommand {"AccessToken":"eyJhbGciOiJIUzI1NiIsInR5cCI6IkpXVCJ9.eyJzdWIiOiIxIiwidW5pcXVlX25hbWUiOiJhZG1pbiIsImh0dHA6Ly9zY2hlbWFzLm1pY3Jvc29mdC5jb20vd3MvMjAwOC8wNi9pZGVudGl0eS9jbGFpbXMvcm9sZSI6IkFkbWluIiwiZW1wbG95ZWVJZCI6IjYiLCJqdGkiOiJiM2M0YTc3Mi1hZjc0LTQ0NzYtYjNmNy00MmI1MWVhMTA0ZTEiLCJleHAiOjE3ODE0Mzk0ODgsImlzcyI6IldNUy5BUEkiLCJhdWQiOiJXTVMuQ2xpZW50In0.X0WfP16dcuQL_Zb4AKGLuAZnJ-5tXhFlDfGI2jWtdxk","RefreshToken":"pteMfXwLZH3k73iLkqhfMT/Y1QZus+/xnwWIqKibHXksJctcGXh+NALOJXadXnsM/ojH4bOtJnz8GnsBuIaazw==","ExpiresAt":"2026-06-14T12:18:08.2793579Z","Username":"admin","Role":"Admin","EmployeeId":6,"$type":"LoginResponse"}
2026-06-14 16:48:08.304 +05:30 [INF] HTTP POST /api/v1/auth/refresh-token responded 200 in 741.7273 ms
2026-06-14 16:48:08.316 +05:30 [INF] WMS Request: GetPendingLeavesQuery {"$type":"GetPendingLeavesQuery"}
2026-06-14 16:48:08.317 +05:30 [INF] WMS Request: GetLeavesByEmployeeQuery {"EmployeeId":6,"PageNumber":1,"PageSize":10,"$type":"GetLeavesByEmployeeQuery"}
2026-06-14 16:48:08.384 +05:30 [INF] WMS Response: GetLeavesByEmployeeQuery {"Items":[],"TotalCount":0,"PageNumber":1,"PageSize":10,"TotalPages":0,"HasPreviousPage":false,"HasNextPage":false,"$type":"PagedResult`1"}
2026-06-14 16:48:08.386 +05:30 [INF] WMS Response: GetPendingLeavesQuery [{"LeaveId":13,"EmpId":8,"EmployeeName":"Arin saraf","LeaveType":"Casual","Reason":"i am going on a trip","FromDate":"2026-08-06T00:00:00.0000000","ToDate":"2026-08-16T00:00:00.0000000","TotalDays":11,"Status":"Pending","AppliedOn":"2026-06-14T10:05:27.3963461","ApprovedBy":null,"ApproverName":null,"ApprovedOn":null,"$type":"LeaveDto"},{"LeaveId":12,"EmpId":1,"EmployeeName":"Hardik Patel","LeaveType":"Earned","Reason":"hdtdyuyiuih","FromDate":"2026-07-18T00:00:00.0000000","ToDate":"2026-07-21T00:00:00.0000000","TotalDays":4,"Status":"Pending","AppliedOn":"2026-06-13T18:16:13.0904676","ApprovedBy":null,"ApproverName":null,"ApprovedOn":null,"$type":"LeaveDto"}]
2026-06-14 16:48:08.397 +05:30 [INF] HTTP GET /api/v1/leaves/employee/6 responded 200 in 84.9579 ms
2026-06-14 16:48:08.428 +05:30 [INF] HTTP GET /api/v1/leaves/pending responded 200 in 115.8658 ms
2026-06-14 16:48:33.916 +05:30 [INF] HTTP OPTIONS /api/v1/auth/login responded 204 in 0.0279 ms
2026-06-14 16:48:33.925 +05:30 [INF] WMS Request: LoginCommand {"Username":"admin","Password":"Admin@123","$type":"LoginCommand"}
2026-06-14 16:48:34.090 +05:30 [INF] WMS Response: LoginCommand {"AccessToken":"eyJhbGciOiJIUzI1NiIsInR5cCI6IkpXVCJ9.eyJzdWIiOiIxIiwidW5pcXVlX25hbWUiOiJhZG1pbiIsImh0dHA6Ly9zY2hlbWFzLm1pY3Jvc29mdC5jb20vd3MvMjAwOC8wNi9pZGVudGl0eS9jbGFpbXMvcm9sZSI6IkFkbWluIiwiZW1wbG95ZWVJZCI6IjYiLCJqdGkiOiJlYTJkZTU2OC00YmRhLTRmYzUtYjRlNS0yODdlNDc3MmVlNmQiLCJleHAiOjE3ODE0Mzk1MTQsImlzcyI6IldNUy5BUEkiLCJhdWQiOiJXTVMuQ2xpZW50In0.e_qI5-b7kC9P3AbnXwpXVzhIF6UMmCwlyCp6NHD-GT8","RefreshToken":"aeTVhrrbXpaLjl85g0+2bucvQ9Ep2eTUWtX9r0eqHw2ByBRDGiokZFkyslKF+i/W4Rw2qjbVnwHK5q1cFWMrug==","ExpiresAt":"2026-06-14T12:18:34.0899964Z","Username":"admin","Role":"Admin","EmployeeId":6,"$type":"LoginResponse"}
2026-06-14 16:48:34.094 +05:30 [INF] HTTP POST /api/v1/auth/login responded 200 in 174.4589 ms
2026-06-14 16:48:34.142 +05:30 [INF] HTTP OPTIONS /api/v1/dashboard/summary responded 204 in 0.0395 ms
2026-06-14 16:48:34.150 +05:30 [INF] WMS Request: GetDashboardSummaryQuery {"$type":"GetDashboardSummaryQuery"}
2026-06-14 16:48:34.302 +05:30 [INF] WMS Response: GetDashboardSummaryQuery {"TotalEmployees":8,"ActiveEmployees":6,"TotalDepartments":4,"TotalProjects":4,"ActiveProjects":3,"TotalClients":4,"TodayAttendanceCount":3,"PendingLeaves":2,"AttendanceTrend":[{"Date":"Jun 08","Present":1,"Absent":0,"WFH":1,"WFO":0,"$type":"AttendanceTrendDto"},{"Date":"Jun 09","Present":1,"Absent":0,"WFH":0,"WFO":1,"$type":"AttendanceTrendDto"},{"Date":"Jun 10","Present":1,"Absent":0,"WFH":1,"WFO":0,"$type":"AttendanceTrendDto"},{"Date":"Jun 11","Present":1,"Absent":0,"WFH":0,"WFO":1,"$type":"AttendanceTrendDto"},{"Date":"Jun 12","Present":1,"Absent":0,"WFH":1,"WFO":0,"$type":"AttendanceTrendDto"},{"Date":"Jun 13","Present":3,"Absent":0,"WFH":1,"WFO":2,"$type":"AttendanceTrendDto"},{"Date":"Jun 14","Present":3,"Absent":0,"WFH":2,"WFO":1,"$type":"AttendanceTrendDto"}],"LeaveTrend":[{"Month":"2/2026","Approved":1,"Pending":0,"Rejected":0,"$type":"LeaveTrendDto"},{"Month":"3/2026","Approved":0,"Pending":0,"Rejected":1,"$type":"LeaveTrendDto"},{"Month":"4/2026","Approved":0,"Pending":0,"Rejected":1,"$type":"LeaveTrendDto"},{"Month":"5/2026","Approved":1,"Pending":0,"Rejected":0,"$type":"LeaveTrendDto"},{"Month":"6/2026","Approved":4,"Pending":2,"Rejected":2,"$type":"LeaveTrendDto"}],"DepartmentDistribution":[{"DepartmentName":"Finance","EmployeeCount":2,"$type":"DepartmentDistributionDto"},{"DepartmentName":"Operations","EmployeeCount":2,"$type":"DepartmentDistributionDto"},{"DepartmentName":"AI-DS","EmployeeCount":1,"$type":"DepartmentDistributionDto"},{"DepartmentName":"HR","EmployeeCount":1,"$type":"DepartmentDistributionDto"}],"ProjectStatusDistribution":[{"Status":"Active","Count":3,"$type":"ProjectStatusDto"},{"Status":"Completed","Count":1,"$type":"ProjectStatusDto"}],"RecentAnnouncements":[{"AnnouncementId":3,"Title":"Meeting","Message":"Monthly review meeting","CreatedBy":0,"CreatedByName":"Hardik Patel","CreatedOn":"2026-06-13T02:26:06.7300000","IsActive":true,"$type":"AnnouncementDto"},{"AnnouncementId":4,"Title":"Policy Update","Message":"New HR policy released","CreatedBy":0,"CreatedByName":"Hardik Patel","CreatedOn":"2026-06-13T02:26:06.7300000","IsActive":true,"$type":"AnnouncementDto"},{"AnnouncementId":5,"Title":"Training","Message":"AI training scheduled","CreatedBy":0,"CreatedByName":"Hardik Patel","CreatedOn":"2026-06-13T02:26:06.7300000","IsActive":true,"$type":"AnnouncementDto"}],"$type":"DashboardSummaryDto"}
2026-06-14 16:48:34.384 +05:30 [INF] HTTP GET /api/v1/dashboard/summary responded 200 in 237.0714 ms
2026-06-14 16:48:37.654 +05:30 [INF] HTTP OPTIONS /api/v1/departments responded 204 in 0.0504 ms
2026-06-14 16:48:37.654 +05:30 [INF] HTTP OPTIONS /api/v1/employees responded 204 in 0.1654 ms
2026-06-14 16:48:37.662 +05:30 [INF] WMS Request: GetDepartmentsQuery {"$type":"GetDepartmentsQuery"}
2026-06-14 16:48:37.664 +05:30 [INF] WMS Request: GetEmployeesQuery {"Search":null,"DepartmentId":null,"RoleId":null,"Status":"Active","PageNumber":1,"PageSize":10,"$type":"GetEmployeesQuery"}
2026-06-14 16:48:37.684 +05:30 [INF] WMS Response: GetDepartmentsQuery [{"DepartmentId":1,"DepartmentName":"HR","Description":"Human Resourcesss","EmployeeCount":2,"CreatedOn":"2024-01-01T00:00:00.0000000","$type":"DepartmentDto"},{"DepartmentId":3,"DepartmentName":"Finance","Description":"Finance & Accounts","EmployeeCount":2,"CreatedOn":"2024-01-01T00:00:00.0000000","$type":"DepartmentDto"},{"DepartmentId":4,"DepartmentName":"Operations","Description":"Business Operations","EmployeeCount":2,"CreatedOn":"2024-01-01T00:00:00.0000000","$type":"DepartmentDto"},{"DepartmentId":5,"DepartmentName":"AI-DS","Description":"artificial intelligence and data science","EmployeeCount":2,"CreatedOn":"2026-06-11T15:03:13.6443056","$type":"DepartmentDto"}]
2026-06-14 16:48:37.692 +05:30 [INF] WMS Response: GetEmployeesQuery {"Items":[{"EmployeeId":8,"FirstName":"Arin","LastName":"saraf","FullName":"Arin saraf","Email":"arinsunar@gmail.com","PhoneNumber":"8945625347","Gender":"Male","DOB":"2004-01-04T00:00:00.0000000","DOJ":"2026-05-14T00:00:00.0000000","DepartmentId":3,"DepartmentName":"Finance","RoleId":3,"RoleName":"Employee","Status":"Active","CreatedOn":"2026-06-14T09:47:10.1921159","UpdatedOn":null,"$type":"EmployeeDto"},{"EmployeeId":3,"FirstName":"hardik","LastName":"maloo","FullName":"hardik maloo","Email":"hardikmaloo21@gmail.com","PhoneNumber":"8107663009","Gender":"Male","DOB":"2004-06-21T00:00:00.0000000","DOJ":"2026-06-04T00:00:00.0000000","DepartmentId":5,"DepartmentName":"AI-DS","RoleId":3,"RoleName":"Employee","Status":"Active","CreatedOn":"2026-06-12T23:10:13.1851457","UpdatedOn":null,"$type":"EmployeeDto"},{"EmployeeId":2,"FirstName":"harsh","LastName":"rathore","FullName":"harsh rathore","Email":"harsh@gmail.com","PhoneNumber":"7976681235","Gender":"Male","DOB":"2005-07-03T00:00:00.0000000","DOJ":"2026-06-12T00:00:00.0000000","DepartmentId":3,"DepartmentName":"Finance","RoleId":1,"RoleName":"Admin","Status":"Active","CreatedOn":"2026-06-12T21:25:47.5693795","UpdatedOn":"2026-06-12T23:08:27.1985056","$type":"EmployeeDto"},{"EmployeeId":5,"FirstName":"lakshya","LastName":"sharma","FullName":"lakshya sharma","Email":"lakshya@gmail.com","PhoneNumber":"8946456765","Gender":"Male","DOB":"2005-03-14T00:00:00.0000000","DOJ":"2026-04-08T00:00:00.0000000","DepartmentId":4,"DepartmentName":"Operations","RoleId":3,"RoleName":"Employee","Status":"Active","CreatedOn":"2026-06-13T08:09:44.8928080","UpdatedOn":null,"$type":"EmployeeDto"},{"EmployeeId":7,"FirstName":"pulkit","LastName":"jain","FullName":"pulkit jain","Email":"pulkitjain@gmail.com","PhoneNumber":"7894561230","Gender":"Male","DOB":"2004-04-14T00:00:00.0000000","DOJ":"2026-06-14T00:00:00.0000000","DepartmentId":4,"DepartmentName":"Operations","RoleId":3,"RoleName":"Employee","Status":"Active","CreatedOn":"2026-06-14T06:41:11.1355668","UpdatedOn":null,"$type":"EmployeeDto"},{"EmployeeId":6,"FirstName":"System","LastName":"Admin","FullName":"System Admin","Email":"admin@wms.com","PhoneNumber":"9999999999","Gender":"Male","DOB":"1990-01-01T00:00:00.0000000","DOJ":"2026-06-13T19:06:47.4733333","DepartmentId":1,"DepartmentName":"HR","RoleId":1,"RoleName":"Admin","Status":"Active","CreatedOn":"2026-06-13T19:06:47.4733333","UpdatedOn":null,"$type":"EmployeeDto"}],"TotalCount":6,"PageNumber":1,"PageSize":10,"TotalPages":1,"HasPreviousPage":false,"HasNextPage":false,"$type":"PagedResult`1"}
2026-06-14 16:48:37.706 +05:30 [INF] HTTP GET /api/v1/departments responded 200 in 46.4554 ms
2026-06-14 16:48:37.774 +05:30 [INF] HTTP GET /api/v1/employees responded 200 in 112.2990 ms
2026-06-14 16:48:38.286 +05:30 [INF] WMS Request: GetDepartmentsQuery {"$type":"GetDepartmentsQuery"}
2026-06-14 16:48:38.293 +05:30 [INF] WMS Response: GetDepartmentsQuery [{"DepartmentId":1,"DepartmentName":"HR","Description":"Human Resourcesss","EmployeeCount":2,"CreatedOn":"2024-01-01T00:00:00.0000000","$type":"DepartmentDto"},{"DepartmentId":3,"DepartmentName":"Finance","Description":"Finance & Accounts","EmployeeCount":2,"CreatedOn":"2024-01-01T00:00:00.0000000","$type":"DepartmentDto"},{"DepartmentId":4,"DepartmentName":"Operations","Description":"Business Operations","EmployeeCount":2,"CreatedOn":"2024-01-01T00:00:00.0000000","$type":"DepartmentDto"},{"DepartmentId":5,"DepartmentName":"AI-DS","Description":"artificial intelligence and data science","EmployeeCount":2,"CreatedOn":"2026-06-11T15:03:13.6443056","$type":"DepartmentDto"}]
2026-06-14 16:48:38.316 +05:30 [INF] HTTP GET /api/v1/departments responded 200 in 30.3766 ms
2026-06-14 16:48:39.013 +05:30 [INF] HTTP OPTIONS /api/v1/employees responded 204 in 0.0212 ms
2026-06-14 16:48:39.013 +05:30 [INF] HTTP OPTIONS /api/v1/attendance/today responded 204 in 0.0290 ms
2026-06-14 16:48:39.020 +05:30 [INF] WMS Request: GetEmployeesQuery {"Search":null,"DepartmentId":null,"RoleId":null,"Status":null,"PageNumber":1,"PageSize":500,"$type":"GetEmployeesQuery"}
2026-06-14 16:48:39.023 +05:30 [INF] WMS Request: GetTodayAttendanceQuery {"$type":"GetTodayAttendanceQuery"}
2026-06-14 16:48:39.050 +05:30 [INF] WMS Response: GetEmployeesQuery {"Items":[{"EmployeeId":4,"FirstName":"aditya","LastName":"batwara","FullName":"aditya batwara","Email":"aditya21@gmail.com","PhoneNumber":"7414040730","Gender":"Male","DOB":"2004-02-21T00:00:00.0000000","DOJ":"2026-04-07T00:00:00.0000000","DepartmentId":5,"DepartmentName":"AI-DS","RoleId":3,"RoleName":"Employee","Status":"Inactive","CreatedOn":"2026-06-12T23:12:11.5907684","UpdatedOn":"2026-06-13T12:36:11.3585878","$type":"EmployeeDto"},{"EmployeeId":8,"FirstName":"Arin","LastName":"saraf","FullName":"Arin saraf","Email":"arinsunar@gmail.com","PhoneNumber":"8945625347","Gender":"Male","DOB":"2004-01-04T00:00:00.0000000","DOJ":"2026-05-14T00:00:00.0000000","DepartmentId":3,"DepartmentName":"Finance","RoleId":3,"RoleName":"Employee","Status":"Active","CreatedOn":"2026-06-14T09:47:10.1921159","UpdatedOn":null,"$type":"EmployeeDto"},{"EmployeeId":3,"FirstName":"hardik","LastName":"maloo","FullName":"hardik maloo","Email":"hardikmaloo21@gmail.com","PhoneNumber":"8107663009","Gender":"Male","DOB":"2004-06-21T00:00:00.0000000","DOJ":"2026-06-04T00:00:00.0000000","DepartmentId":5,"DepartmentName":"AI-DS","RoleId":3,"RoleName":"Employee","Status":"Active","CreatedOn":"2026-06-12T23:10:13.1851457","UpdatedOn":null,"$type":"EmployeeDto"},{"EmployeeId":1,"FirstName":"Hardik","LastName":"Patel","FullName":"Hardik Patel","Email":"hardik@test.com","PhoneNumber":"7737131410","Gender":"Male","DOB":"2004-06-21T00:00:00.0000000","DOJ":"2026-06-08T00:00:00.0000000","DepartmentId":1,"DepartmentName":"HR","RoleId":2,"RoleName":"Manager","Status":"Inactive","CreatedOn":"2026-06-11T15:03:58.6936554","UpdatedOn":"2026-06-13T23:49:09.2801027","$type":"EmployeeDto"},{"EmployeeId":2,"FirstName":"harsh","LastName":"rathore","FullName":"harsh rathore","Email":"harsh@gmail.com","PhoneNumber":"7976681235","Gender":"Male","DOB":"2005-07-03T00:00:00.0000000","DOJ":"2026-06-12T00:00:00.0000000","DepartmentId":3,"DepartmentName":"Finance","RoleId":1,"RoleName":"Admin","Status":"Active","CreatedOn":"2026-06-12T21:25:47.5693795","UpdatedOn":"2026-06-12T23:08:27.1985056","$type":"EmployeeDto"},{"EmployeeId":5,"FirstName":"lakshya","LastName":"sharma","FullName":"lakshya sharma","Email":"lakshya@gmail.com","PhoneNumber":"8946456765","Gender":"Male","DOB":"2005-03-14T00:00:00.0000000","DOJ":"2026-04-08T00:00:00.0000000","DepartmentId":4,"DepartmentName":"Operations","RoleId":3,"RoleName":"Employee","Status":"Active","CreatedOn":"2026-06-13T08:09:44.8928080","UpdatedOn":null,"$type":"EmployeeDto"},{"EmployeeId":7,"FirstName":"pulkit","LastName":"jain","FullName":"pulkit jain","Email":"pulkitjain@gmail.com","PhoneNumber":"7894561230","Gender":"Male","DOB":"2004-04-14T00:00:00.0000000","DOJ":"2026-06-14T00:00:00.0000000","DepartmentId":4,"DepartmentName":"Operations","RoleId":3,"RoleName":"Employee","Status":"Active","CreatedOn":"2026-06-14T06:41:11.1355668","UpdatedOn":null,"$type":"EmployeeDto"},{"EmployeeId":6,"FirstName":"System","LastName":"Admin","FullName":"System Admin","Email":"admin@wms.com","PhoneNumber":"9999999999","Gender":"Male","DOB":"1990-01-01T00:00:00.0000000","DOJ":"2026-06-13T19:06:47.4733333","DepartmentId":1,"DepartmentName":"HR","RoleId":1,"RoleName":"Admin","Status":"Active","CreatedOn":"2026-06-13T19:06:47.4733333","UpdatedOn":null,"$type":"EmployeeDto"}],"TotalCount":8,"PageNumber":1,"PageSize":500,"TotalPages":1,"HasPreviousPage":false,"HasNextPage":false,"$type":"PagedResult`1"}
2026-06-14 16:48:39.051 +05:30 [INF] WMS Response: GetTodayAttendanceQuery [{"AttendanceId":13,"EmpId":8,"EmployeeName":"Arin saraf","CheckIn":"2026-06-14T09:47:35.2231167","CheckOut":"2026-06-14T09:51:22.2789122","TotalHours":0.06,"WorkMode":"WFH","AttendanceDate":"2026-06-14T00:00:00.0000000","Status":"Complete","$type":"AttendanceDto"},{"AttendanceId":12,"EmpId":5,"EmployeeName":"lakshya sharma","CheckIn":"2026-06-14T09:37:15.6955527","CheckOut":null,"TotalHours":null,"WorkMode":"WFO","AttendanceDate":"2026-06-14T00:00:00.0000000","Status":"In Progress","$type":"AttendanceDto"},{"AttendanceId":11,"EmpId":7,"EmployeeName":"pulkit jain","CheckIn":"2026-06-14T09:29:31.4453900","CheckOut":"2026-06-14T09:29:42.4411016","TotalHours":0,"WorkMode":"WFH","AttendanceDate":"2026-06-14T00:00:00.0000000","Status":"Complete","$type":"AttendanceDto"}]
2026-06-14 16:48:39.138 +05:30 [INF] HTTP GET /api/v1/employees responded 200 in 120.7584 ms
2026-06-14 16:48:39.159 +05:30 [INF] HTTP GET /api/v1/attendance/today responded 200 in 137.3706 ms
2026-06-14 16:48:45.157 +05:30 [INF] HTTP OPTIONS /api/v1/auth/logout responded 204 in 0.0527 ms
2026-06-14 16:48:45.166 +05:30 [INF] WMS Request: LogoutCommand {"Username":"admin","$type":"LogoutCommand"}
2026-06-14 16:48:45.183 +05:30 [INF] WMS Response: LogoutCommand {"$type":"Unit"}
2026-06-14 16:48:45.184 +05:30 [INF] HTTP POST /api/v1/auth/logout responded 200 in 21.2556 ms
2026-06-14 16:48:49.059 +05:30 [INF] HTTP OPTIONS /api/v1/auth/login responded 204 in 0.0260 ms
2026-06-14 16:48:49.062 +05:30 [INF] WMS Request: LoginCommand {"Username":"arin","Password":"Arin@123","$type":"LoginCommand"}
2026-06-14 16:48:49.349 +05:30 [INF] WMS Response: LoginCommand {"AccessToken":"eyJhbGciOiJIUzI1NiIsInR5cCI6IkpXVCJ9.eyJzdWIiOiI4IiwidW5pcXVlX25hbWUiOiJhcmluIiwiaHR0cDovL3NjaGVtYXMubWljcm9zb2Z0LmNvbS93cy8yMDA4LzA2L2lkZW50aXR5L2NsYWltcy9yb2xlIjoiRW1wbG95ZWUiLCJlbXBsb3llZUlkIjoiOCIsImp0aSI6IjYzZmNmMTFhLTMzNTktNGNkMi1iZmNjLTlkZTM5Y2UwM2Y2YSIsImV4cCI6MTc4MTQzOTUyOSwiaXNzIjoiV01TLkFQSSIsImF1ZCI6IldNUy5DbGllbnQifQ.V9Of47h0rjyWq3hRgnbv-3yUA2LMZNOj-WkCLUN-Zog","RefreshToken":"QvXTWLXb92C5KxP6EFwuTFyJdnnEXfH+ZHd6pxd0Ws3H1irQebfpvzC4gdWbGVTixDSvH9jyOyiYppE0uh1SMA==","ExpiresAt":"2026-06-14T12:18:49.3498957Z","Username":"arin","Role":"Employee","EmployeeId":8,"$type":"LoginResponse"}
2026-06-14 16:48:49.353 +05:30 [INF] HTTP POST /api/v1/auth/login responded 200 in 291.6455 ms
2026-06-14 16:48:49.369 +05:30 [INF] HTTP OPTIONS /api/v1/attendance/employee/8/monthly responded 204 in 0.0247 ms
2026-06-14 16:48:49.371 +05:30 [INF] HTTP OPTIONS /api/v1/leaves/employee/8 responded 204 in 0.0346 ms
2026-06-14 16:48:49.377 +05:30 [INF] WMS Request: GetMonthlyAttendanceQuery {"EmployeeId":8,"Year":2026,"Month":6,"$type":"GetMonthlyAttendanceQuery"}
2026-06-14 16:48:49.380 +05:30 [INF] WMS Request: GetLeavesByEmployeeQuery {"EmployeeId":8,"PageNumber":1,"PageSize":10,"$type":"GetLeavesByEmployeeQuery"}
2026-06-14 16:48:49.407 +05:30 [INF] WMS Response: GetMonthlyAttendanceQuery [{"AttendanceId":13,"EmpId":8,"EmployeeName":null,"CheckIn":"2026-06-14T09:47:35.2231167","CheckOut":"2026-06-14T09:51:22.2789122","TotalHours":0.06,"WorkMode":"WFH","AttendanceDate":"2026-06-14T00:00:00.0000000","Status":"Complete","$type":"AttendanceDto"}]
2026-06-14 16:48:49.407 +05:30 [INF] WMS Response: GetLeavesByEmployeeQuery {"Items":[{"LeaveId":13,"EmpId":8,"EmployeeName":"","LeaveType":"Casual","Reason":"i am going on a trip","FromDate":"2026-08-06T00:00:00.0000000","ToDate":"2026-08-16T00:00:00.0000000","TotalDays":11,"Status":"Pending","AppliedOn":"2026-06-14T10:05:27.3963461","ApprovedBy":null,"ApproverName":null,"ApprovedOn":null,"$type":"LeaveDto"}],"TotalCount":1,"PageNumber":1,"PageSize":10,"TotalPages":1,"HasPreviousPage":false,"HasNextPage":false,"$type":"PagedResult`1"}
2026-06-14 16:48:49.416 +05:30 [INF] HTTP GET /api/v1/attendance/employee/8/monthly responded 200 in 39.8572 ms
2026-06-14 16:48:49.429 +05:30 [INF] HTTP GET /api/v1/leaves/employee/8 responded 200 in 50.7242 ms
2026-06-14 16:48:55.479 +05:30 [INF] HTTP OPTIONS /api/v1/attendance/employee/8/monthly responded 204 in 0.0272 ms
2026-06-14 16:48:55.484 +05:30 [INF] WMS Request: GetMonthlyAttendanceQuery {"EmployeeId":8,"Year":2026,"Month":6,"$type":"GetMonthlyAttendanceQuery"}
2026-06-14 16:48:55.495 +05:30 [INF] WMS Response: GetMonthlyAttendanceQuery [{"AttendanceId":13,"EmpId":8,"EmployeeName":null,"CheckIn":"2026-06-14T09:47:35.2231167","CheckOut":"2026-06-14T09:51:22.2789122","TotalHours":0.06,"WorkMode":"WFH","AttendanceDate":"2026-06-14T00:00:00.0000000","Status":"Complete","$type":"AttendanceDto"}]
2026-06-14 16:48:55.503 +05:30 [INF] HTTP GET /api/v1/attendance/employee/8/monthly responded 200 in 19.6396 ms
2026-06-14 16:48:59.085 +05:30 [INF] HTTP OPTIONS /api/v1/leaves/employee/8 responded 204 in 0.0173 ms
2026-06-14 16:48:59.094 +05:30 [INF] WMS Request: GetLeavesByEmployeeQuery {"EmployeeId":8,"PageNumber":1,"PageSize":10,"$type":"GetLeavesByEmployeeQuery"}
2026-06-14 16:48:59.112 +05:30 [INF] WMS Response: GetLeavesByEmployeeQuery {"Items":[{"LeaveId":13,"EmpId":8,"EmployeeName":"","LeaveType":"Casual","Reason":"i am going on a trip","FromDate":"2026-08-06T00:00:00.0000000","ToDate":"2026-08-16T00:00:00.0000000","TotalDays":11,"Status":"Pending","AppliedOn":"2026-06-14T10:05:27.3963461","ApprovedBy":null,"ApproverName":null,"ApprovedOn":null,"$type":"LeaveDto"}],"TotalCount":1,"PageNumber":1,"PageSize":10,"TotalPages":1,"HasPreviousPage":false,"HasNextPage":false,"$type":"PagedResult`1"}
2026-06-14 16:48:59.130 +05:30 [INF] HTTP GET /api/v1/leaves/employee/8 responded 200 in 36.1503 ms
2026-06-14 16:49:02.234 +05:30 [INF] HTTP OPTIONS /api/v1/announcements responded 204 in 0.0295 ms
2026-06-14 16:49:02.242 +05:30 [INF] WMS Request: GetAnnouncementsQuery {"IsActive":null,"PageNumber":1,"PageSize":10,"$type":"GetAnnouncementsQuery"}
2026-06-14 16:49:02.259 +05:30 [INF] WMS Response: GetAnnouncementsQuery {"Items":[{"AnnouncementId":2,"Title":"Holiday","Message":"Office holiday next week yesss","CreatedBy":1,"CreatedByName":"Hardik Patel","CreatedOn":"2026-06-13T02:26:06.7300000","IsActive":false,"$type":"AnnouncementDto"},{"AnnouncementId":3,"Title":"Meeting","Message":"Monthly review meeting","CreatedBy":1,"CreatedByName":"Hardik Patel","CreatedOn":"2026-06-13T02:26:06.7300000","IsActive":true,"$type":"AnnouncementDto"},{"AnnouncementId":4,"Title":"Policy Update","Message":"New HR policy released","CreatedBy":1,"CreatedByName":"Hardik Patel","CreatedOn":"2026-06-13T02:26:06.7300000","IsActive":true,"$type":"AnnouncementDto"},{"AnnouncementId":5,"Title":"Training","Message":"AI training scheduled","CreatedBy":1,"CreatedByName":"Hardik Patel","CreatedOn":"2026-06-13T02:26:06.7300000","IsActive":true,"$type":"AnnouncementDto"}],"TotalCount":4,"PageNumber":1,"PageSize":10,"TotalPages":1,"HasPreviousPage":false,"HasNextPage":false,"$type":"PagedResult`1"}
2026-06-14 16:49:02.284 +05:30 [INF] HTTP GET /api/v1/announcements responded 200 in 43.6458 ms
2026-06-14 16:49:05.275 +05:30 [INF] HTTP OPTIONS /api/v1/auth/logout responded 204 in 0.0339 ms
2026-06-14 16:49:05.278 +05:30 [INF] WMS Request: LogoutCommand {"Username":"arin","$type":"LogoutCommand"}
2026-06-14 16:49:05.289 +05:30 [INF] WMS Response: LogoutCommand {"$type":"Unit"}
2026-06-14 16:49:05.291 +05:30 [INF] HTTP POST /api/v1/auth/logout responded 200 in 12.7940 ms
2026-06-14 16:49:10.793 +05:30 [INF] HTTP OPTIONS /api/v1/auth/login responded 204 in 0.0211 ms
2026-06-14 16:49:10.795 +05:30 [INF] WMS Request: LoginCommand {"Username":"admin","Password":"Admin@123","$type":"LoginCommand"}
2026-06-14 16:49:10.950 +05:30 [INF] WMS Response: LoginCommand {"AccessToken":"eyJhbGciOiJIUzI1NiIsInR5cCI6IkpXVCJ9.eyJzdWIiOiIxIiwidW5pcXVlX25hbWUiOiJhZG1pbiIsImh0dHA6Ly9zY2hlbWFzLm1pY3Jvc29mdC5jb20vd3MvMjAwOC8wNi9pZGVudGl0eS9jbGFpbXMvcm9sZSI6IkFkbWluIiwiZW1wbG95ZWVJZCI6IjYiLCJqdGkiOiJjNmViNmRkMS0zODZjLTQwZGItOTllYS0yODUxYzdkOTQzOTIiLCJleHAiOjE3ODE0Mzk1NTAsImlzcyI6IldNUy5BUEkiLCJhdWQiOiJXTVMuQ2xpZW50In0.QnKKp1vGBDQ2AA57gFSOK6oVSMkKe4qt4zUHvVes4Jc","RefreshToken":"N+KU53dmifmZCs+gL9Z708fbCdUsTa6u5tI4g1csLy6pxG3w1CeEh77nSJsPMgJv3yaVOkbfV8GEZ7ESrtSo9A==","ExpiresAt":"2026-06-14T12:19:10.9505952Z","Username":"admin","Role":"Admin","EmployeeId":6,"$type":"LoginResponse"}
2026-06-14 16:49:10.956 +05:30 [INF] HTTP POST /api/v1/auth/login responded 200 in 161.4269 ms
2026-06-14 16:49:10.976 +05:30 [INF] HTTP OPTIONS /api/v1/dashboard/summary responded 204 in 0.0305 ms
2026-06-14 16:49:10.982 +05:30 [INF] WMS Request: GetDashboardSummaryQuery {"$type":"GetDashboardSummaryQuery"}
2026-06-14 16:49:11.055 +05:30 [INF] WMS Response: GetDashboardSummaryQuery {"TotalEmployees":8,"ActiveEmployees":6,"TotalDepartments":4,"TotalProjects":4,"ActiveProjects":3,"TotalClients":4,"TodayAttendanceCount":3,"PendingLeaves":2,"AttendanceTrend":[{"Date":"Jun 08","Present":1,"Absent":0,"WFH":1,"WFO":0,"$type":"AttendanceTrendDto"},{"Date":"Jun 09","Present":1,"Absent":0,"WFH":0,"WFO":1,"$type":"AttendanceTrendDto"},{"Date":"Jun 10","Present":1,"Absent":0,"WFH":1,"WFO":0,"$type":"AttendanceTrendDto"},{"Date":"Jun 11","Present":1,"Absent":0,"WFH":0,"WFO":1,"$type":"AttendanceTrendDto"},{"Date":"Jun 12","Present":1,"Absent":0,"WFH":1,"WFO":0,"$type":"AttendanceTrendDto"},{"Date":"Jun 13","Present":3,"Absent":0,"WFH":1,"WFO":2,"$type":"AttendanceTrendDto"},{"Date":"Jun 14","Present":3,"Absent":0,"WFH":2,"WFO":1,"$type":"AttendanceTrendDto"}],"LeaveTrend":[{"Month":"2/2026","Approved":1,"Pending":0,"Rejected":0,"$type":"LeaveTrendDto"},{"Month":"3/2026","Approved":0,"Pending":0,"Rejected":1,"$type":"LeaveTrendDto"},{"Month":"4/2026","Approved":0,"Pending":0,"Rejected":1,"$type":"LeaveTrendDto"},{"Month":"5/2026","Approved":1,"Pending":0,"Rejected":0,"$type":"LeaveTrendDto"},{"Month":"6/2026","Approved":4,"Pending":2,"Rejected":2,"$type":"LeaveTrendDto"}],"DepartmentDistribution":[{"DepartmentName":"Finance","EmployeeCount":2,"$type":"DepartmentDistributionDto"},{"DepartmentName":"Operations","EmployeeCount":2,"$type":"DepartmentDistributionDto"},{"DepartmentName":"AI-DS","EmployeeCount":1,"$type":"DepartmentDistributionDto"},{"DepartmentName":"HR","EmployeeCount":1,"$type":"DepartmentDistributionDto"}],"ProjectStatusDistribution":[{"Status":"Active","Count":3,"$type":"ProjectStatusDto"},{"Status":"Completed","Count":1,"$type":"ProjectStatusDto"}],"RecentAnnouncements":[{"AnnouncementId":3,"Title":"Meeting","Message":"Monthly review meeting","CreatedBy":0,"CreatedByName":"Hardik Patel","CreatedOn":"2026-06-13T02:26:06.7300000","IsActive":true,"$type":"AnnouncementDto"},{"AnnouncementId":4,"Title":"Policy Update","Message":"New HR policy released","CreatedBy":0,"CreatedByName":"Hardik Patel","CreatedOn":"2026-06-13T02:26:06.7300000","IsActive":true,"$type":"AnnouncementDto"},{"AnnouncementId":5,"Title":"Training","Message":"AI training scheduled","CreatedBy":0,"CreatedByName":"Hardik Patel","CreatedOn":"2026-06-13T02:26:06.7300000","IsActive":true,"$type":"AnnouncementDto"}],"$type":"DashboardSummaryDto"}
2026-06-14 16:49:11.130 +05:30 [INF] HTTP GET /api/v1/dashboard/summary responded 200 in 148.0537 ms
2026-06-14 16:49:12.279 +05:30 [INF] HTTP OPTIONS /api/v1/attendance/today responded 204 in 0.0317 ms
2026-06-14 16:49:12.279 +05:30 [INF] HTTP OPTIONS /api/v1/employees responded 204 in 0.0108 ms
2026-06-14 16:49:12.285 +05:30 [INF] WMS Request: GetTodayAttendanceQuery {"$type":"GetTodayAttendanceQuery"}
2026-06-14 16:49:12.287 +05:30 [INF] WMS Request: GetEmployeesQuery {"Search":null,"DepartmentId":null,"RoleId":null,"Status":null,"PageNumber":1,"PageSize":500,"$type":"GetEmployeesQuery"}
2026-06-14 16:49:12.329 +05:30 [INF] WMS Response: GetTodayAttendanceQuery [{"AttendanceId":13,"EmpId":8,"EmployeeName":"Arin saraf","CheckIn":"2026-06-14T09:47:35.2231167","CheckOut":"2026-06-14T09:51:22.2789122","TotalHours":0.06,"WorkMode":"WFH","AttendanceDate":"2026-06-14T00:00:00.0000000","Status":"Complete","$type":"AttendanceDto"},{"AttendanceId":12,"EmpId":5,"EmployeeName":"lakshya sharma","CheckIn":"2026-06-14T09:37:15.6955527","CheckOut":null,"TotalHours":null,"WorkMode":"WFO","AttendanceDate":"2026-06-14T00:00:00.0000000","Status":"In Progress","$type":"AttendanceDto"},{"AttendanceId":11,"EmpId":7,"EmployeeName":"pulkit jain","CheckIn":"2026-06-14T09:29:31.4453900","CheckOut":"2026-06-14T09:29:42.4411016","TotalHours":0,"WorkMode":"WFH","AttendanceDate":"2026-06-14T00:00:00.0000000","Status":"Complete","$type":"AttendanceDto"}]
2026-06-14 16:49:12.329 +05:30 [INF] WMS Response: GetEmployeesQuery {"Items":[{"EmployeeId":4,"FirstName":"aditya","LastName":"batwara","FullName":"aditya batwara","Email":"aditya21@gmail.com","PhoneNumber":"7414040730","Gender":"Male","DOB":"2004-02-21T00:00:00.0000000","DOJ":"2026-04-07T00:00:00.0000000","DepartmentId":5,"DepartmentName":"AI-DS","RoleId":3,"RoleName":"Employee","Status":"Inactive","CreatedOn":"2026-06-12T23:12:11.5907684","UpdatedOn":"2026-06-13T12:36:11.3585878","$type":"EmployeeDto"},{"EmployeeId":8,"FirstName":"Arin","LastName":"saraf","FullName":"Arin saraf","Email":"arinsunar@gmail.com","PhoneNumber":"8945625347","Gender":"Male","DOB":"2004-01-04T00:00:00.0000000","DOJ":"2026-05-14T00:00:00.0000000","DepartmentId":3,"DepartmentName":"Finance","RoleId":3,"RoleName":"Employee","Status":"Active","CreatedOn":"2026-06-14T09:47:10.1921159","UpdatedOn":null,"$type":"EmployeeDto"},{"EmployeeId":3,"FirstName":"hardik","LastName":"maloo","FullName":"hardik maloo","Email":"hardikmaloo21@gmail.com","PhoneNumber":"8107663009","Gender":"Male","DOB":"2004-06-21T00:00:00.0000000","DOJ":"2026-06-04T00:00:00.0000000","DepartmentId":5,"DepartmentName":"AI-DS","RoleId":3,"RoleName":"Employee","Status":"Active","CreatedOn":"2026-06-12T23:10:13.1851457","UpdatedOn":null,"$type":"EmployeeDto"},{"EmployeeId":1,"FirstName":"Hardik","LastName":"Patel","FullName":"Hardik Patel","Email":"hardik@test.com","PhoneNumber":"7737131410","Gender":"Male","DOB":"2004-06-21T00:00:00.0000000","DOJ":"2026-06-08T00:00:00.0000000","DepartmentId":1,"DepartmentName":"HR","RoleId":2,"RoleName":"Manager","Status":"Inactive","CreatedOn":"2026-06-11T15:03:58.6936554","UpdatedOn":"2026-06-13T23:49:09.2801027","$type":"EmployeeDto"},{"EmployeeId":2,"FirstName":"harsh","LastName":"rathore","FullName":"harsh rathore","Email":"harsh@gmail.com","PhoneNumber":"7976681235","Gender":"Male","DOB":"2005-07-03T00:00:00.0000000","DOJ":"2026-06-12T00:00:00.0000000","DepartmentId":3,"DepartmentName":"Finance","RoleId":1,"RoleName":"Admin","Status":"Active","CreatedOn":"2026-06-12T21:25:47.5693795","UpdatedOn":"2026-06-12T23:08:27.1985056","$type":"EmployeeDto"},{"EmployeeId":5,"FirstName":"lakshya","LastName":"sharma","FullName":"lakshya sharma","Email":"lakshya@gmail.com","PhoneNumber":"8946456765","Gender":"Male","DOB":"2005-03-14T00:00:00.0000000","DOJ":"2026-04-08T00:00:00.0000000","DepartmentId":4,"DepartmentName":"Operations","RoleId":3,"RoleName":"Employee","Status":"Active","CreatedOn":"2026-06-13T08:09:44.8928080","UpdatedOn":null,"$type":"EmployeeDto"},{"EmployeeId":7,"FirstName":"pulkit","LastName":"jain","FullName":"pulkit jain","Email":"pulkitjain@gmail.com","PhoneNumber":"7894561230","Gender":"Male","DOB":"2004-04-14T00:00:00.0000000","DOJ":"2026-06-14T00:00:00.0000000","DepartmentId":4,"DepartmentName":"Operations","RoleId":3,"RoleName":"Employee","Status":"Active","CreatedOn":"2026-06-14T06:41:11.1355668","UpdatedOn":null,"$type":"EmployeeDto"},{"EmployeeId":6,"FirstName":"System","LastName":"Admin","FullName":"System Admin","Email":"admin@wms.com","PhoneNumber":"9999999999","Gender":"Male","DOB":"1990-01-01T00:00:00.0000000","DOJ":"2026-06-13T19:06:47.4733333","DepartmentId":1,"DepartmentName":"HR","RoleId":1,"RoleName":"Admin","Status":"Active","CreatedOn":"2026-06-13T19:06:47.4733333","UpdatedOn":null,"$type":"EmployeeDto"}],"TotalCount":8,"PageNumber":1,"PageSize":500,"TotalPages":1,"HasPreviousPage":false,"HasNextPage":false,"$type":"PagedResult`1"}
2026-06-14 16:49:12.356 +05:30 [INF] HTTP GET /api/v1/attendance/today responded 200 in 72.5939 ms
2026-06-14 16:49:12.466 +05:30 [INF] HTTP GET /api/v1/employees responded 200 in 179.6870 ms
2026-06-14 16:49:18.877 +05:30 [INF] HTTP OPTIONS /api/v1/leaves/employee/6 responded 204 in 0.0278 ms
2026-06-14 16:49:18.877 +05:30 [INF] HTTP OPTIONS /api/v1/leaves/pending responded 204 in 0.1185 ms
2026-06-14 16:49:18.888 +05:30 [INF] WMS Request: GetLeavesByEmployeeQuery {"EmployeeId":6,"PageNumber":1,"PageSize":10,"$type":"GetLeavesByEmployeeQuery"}
2026-06-14 16:49:18.888 +05:30 [INF] WMS Request: GetPendingLeavesQuery {"$type":"GetPendingLeavesQuery"}
2026-06-14 16:49:18.906 +05:30 [INF] WMS Response: GetLeavesByEmployeeQuery {"Items":[],"TotalCount":0,"PageNumber":1,"PageSize":10,"TotalPages":0,"HasPreviousPage":false,"HasNextPage":false,"$type":"PagedResult`1"}
2026-06-14 16:49:18.914 +05:30 [INF] HTTP GET /api/v1/leaves/employee/6 responded 200 in 26.7462 ms
2026-06-14 16:49:18.925 +05:30 [INF] WMS Response: GetPendingLeavesQuery [{"LeaveId":13,"EmpId":8,"EmployeeName":"Arin saraf","LeaveType":"Casual","Reason":"i am going on a trip","FromDate":"2026-08-06T00:00:00.0000000","ToDate":"2026-08-16T00:00:00.0000000","TotalDays":11,"Status":"Pending","AppliedOn":"2026-06-14T10:05:27.3963461","ApprovedBy":null,"ApproverName":null,"ApprovedOn":null,"$type":"LeaveDto"},{"LeaveId":12,"EmpId":1,"EmployeeName":"Hardik Patel","LeaveType":"Earned","Reason":"hdtdyuyiuih","FromDate":"2026-07-18T00:00:00.0000000","ToDate":"2026-07-21T00:00:00.0000000","TotalDays":4,"Status":"Pending","AppliedOn":"2026-06-13T18:16:13.0904676","ApprovedBy":null,"ApproverName":null,"ApprovedOn":null,"$type":"LeaveDto"}]
2026-06-14 16:49:18.942 +05:30 [INF] HTTP GET /api/v1/leaves/pending responded 200 in 54.6967 ms
2026-06-14 16:49:23.121 +05:30 [INF] HTTP OPTIONS /api/v1/projects responded 204 in 0.0442 ms
2026-06-14 16:49:23.133 +05:30 [INF] WMS Request: GetProjectsQuery {"Search":null,"Status":null,"ClientId":null,"PageNumber":1,"PageSize":10,"$type":"GetProjectsQuery"}
2026-06-14 16:49:23.165 +05:30 [INF] WMS Response: GetProjectsQuery {"Items":[{"ProjectId":7,"ProjectName":"CRM","ClientId":3,"ClientName":"Microsoft","StartDate":"2026-06-13T00:00:00.0000000","EndDate":"2026-06-27T00:00:00.0000000","Status":"Active","AllocatedEmployeeCount":1,"CreatedOn":"2026-06-13T17:02:39.7969376","$type":"ProjectDto"},{"ProjectId":2,"ProjectName":"HR Portal","ClientId":3,"ClientName":"Microsoft","StartDate":"2026-01-01T00:00:00.0000000","EndDate":"2026-12-31T00:00:00.0000000","Status":"Active","AllocatedEmployeeCount":3,"CreatedOn":"2026-06-13T02:30:31.6900000","$type":"ProjectDto"},{"ProjectId":3,"ProjectName":"Employee App","ClientId":6,"ClientName":"Google","StartDate":"2026-02-01T00:00:00.0000000","EndDate":"2026-11-30T00:00:00.0000000","Status":"Active","AllocatedEmployeeCount":1,"CreatedOn":"2026-06-13T02:30:31.6900000","$type":"ProjectDto"},{"ProjectId":4,"ProjectName":"Finance Dashboard","ClientId":7,"ClientName":"string","StartDate":"2026-03-01T00:00:00.0000000","EndDate":"2026-10-31T00:00:00.0000000","Status":"Completed","AllocatedEmployeeCount":1,"CreatedOn":"2026-06-13T02:30:31.6900000","$type":"ProjectDto"}],"TotalCount":4,"PageNumber":1,"PageSize":10,"TotalPages":1,"HasPreviousPage":false,"HasNextPage":false,"$type":"PagedResult`1"}
2026-06-14 16:49:23.196 +05:30 [INF] HTTP GET /api/v1/projects responded 200 in 65.6782 ms
2026-06-14 16:49:28.029 +05:30 [INF] HTTP OPTIONS /api/v1/clients responded 204 in 0.0564 ms
2026-06-14 16:49:28.044 +05:30 [INF] WMS Request: GetClientsQuery {"Search":null,"PageNumber":1,"PageSize":10,"$type":"GetClientsQuery"}
2026-06-14 16:49:28.072 +05:30 [INF] WMS Response: GetClientsQuery {"Items":[{"ClientId":6,"ClientName":"Google","ClientAddress":"California","ClientPhoneNumber":9876543211,"ClientLocation":"USA","Status":true,"CreatedOn":"2026-06-13T02:24:32.4966667","$type":"ClientDto"},{"ClientId":8,"ClientName":"Infosys","ClientAddress":"Bangalore","ClientPhoneNumber":9876543213,"ClientLocation":"India","Status":true,"CreatedOn":"2026-06-13T02:24:32.4966667","$type":"ClientDto"},{"ClientId":3,"ClientName":"Microsoft","ClientAddress":"Redmond","ClientPhoneNumber":9876543210,"ClientLocation":"USA","Status":true,"CreatedOn":"2026-06-13T02:20:16.9833333","$type":"ClientDto"},{"ClientId":7,"ClientName":"string","ClientAddress":"string","ClientPhoneNumber":0,"ClientLocation":"string","Status":true,"CreatedOn":"2026-06-13T02:24:32.4966667","$type":"ClientDto"}],"TotalCount":4,"PageNumber":1,"PageSize":10,"TotalPages":1,"HasPreviousPage":false,"HasNextPage":false,"$type":"PagedResult`1"}
2026-06-14 16:49:28.109 +05:30 [INF] HTTP GET /api/v1/clients responded 200 in 69.0028 ms
2026-06-14 16:49:32.835 +05:30 [INF] HTTP OPTIONS /api/v1/clients/7 responded 204 in 0.0293 ms
2026-06-14 16:49:32.851 +05:30 [INF] WMS Request: DeleteClientCommand {"ClientId":7,"$type":"DeleteClientCommand"}
2026-06-14 16:49:32.939 +05:30 [ERR] HTTP DELETE /api/v1/clients/7 responded 500 in 95.1767 ms
WMS.Application.Common.Exceptions.ConflictException: Cannot delete client because projects are assigned to it.
   at WMS.Application.Features.Clients.Commands.DeleteClientCommandHandler.Handle(DeleteClientCommand request, CancellationToken cancellationToken) in C:\Users\Hardik\Desktop\WMS-Solution\src\WMS.Application\Features\Clients\Commands\DeleteClientCommand.cs:line 38
   at MediatR.Wrappers.RequestHandlerWrapperImpl`1.<>c__DisplayClass1_0.<<Handle>g__Handler|0>d.MoveNext()
--- End of stack trace from previous location ---
   at WMS.Application.Common.Behaviours.PerformanceBehaviour`2.Handle(TRequest request, RequestHandlerDelegate`1 next, CancellationToken ct) in C:\Users\Hardik\Desktop\WMS-Solution\src\WMS.Application\Common\Behaviours\PerformanceBehaviour.cs:line 22
   at WMS.Application.Common.Behaviours.ValidationBehaviour`2.Handle(TRequest request, RequestHandlerDelegate`1 next, CancellationToken ct) in C:\Users\Hardik\Desktop\WMS-Solution\src\WMS.Application\Common\Behaviours\ValidationBehaviour.cs:line 20
   at WMS.Application.Common.Behaviours.LoggingBehaviour`2.Handle(TRequest request, RequestHandlerDelegate`1 next, CancellationToken ct) in C:\Users\Hardik\Desktop\WMS-Solution\src\WMS.Application\Common\Behaviours\LoggingBehaviour.cs:line 22
   at WMS.API.Controllers.v1.ClientsController.Delete(Int32 id, CancellationToken ct) in C:\Users\Hardik\Desktop\WMS-Solution\src\WMS.API\Controllers\v1\ClientsController.cs:line 61
   at Microsoft.AspNetCore.Mvc.Infrastructure.ActionMethodExecutor.TaskOfIActionResultExecutor.Execute(ActionContext actionContext, IActionResultTypeMapper mapper, ObjectMethodExecutor executor, Object controller, Object[] arguments)
   at Microsoft.AspNetCore.Mvc.Infrastructure.ControllerActionInvoker.<InvokeActionMethodAsync>g__Awaited|12_0(ControllerActionInvoker invoker, ValueTask`1 actionResultValueTask)
   at Microsoft.AspNetCore.Mvc.Infrastructure.ControllerActionInvoker.<InvokeNextActionFilterAsync>g__Awaited|10_0(ControllerActionInvoker invoker, Task lastTask, State next, Scope scope, Object state, Boolean isCompleted)
   at Microsoft.AspNetCore.Mvc.Infrastructure.ControllerActionInvoker.Rethrow(ActionExecutedContextSealed context)
   at Microsoft.AspNetCore.Mvc.Infrastructure.ControllerActionInvoker.Next(State& next, Scope& scope, Object& state, Boolean& isCompleted)
   at Microsoft.AspNetCore.Mvc.Infrastructure.ControllerActionInvoker.<InvokeInnerFilterAsync>g__Awaited|13_0(ControllerActionInvoker invoker, Task lastTask, State next, Scope scope, Object state, Boolean isCompleted)
   at Microsoft.AspNetCore.Mvc.Infrastructure.ResourceInvoker.<InvokeFilterPipelineAsync>g__Awaited|20_0(ResourceInvoker invoker, Task lastTask, State next, Scope scope, Object state, Boolean isCompleted)
   at Microsoft.AspNetCore.Mvc.Infrastructure.ResourceInvoker.<InvokeAsync>g__Awaited|17_0(ResourceInvoker invoker, Task task, IDisposable scope)
   at Microsoft.AspNetCore.Mvc.Infrastructure.ResourceInvoker.<InvokeAsync>g__Awaited|17_0(ResourceInvoker invoker, Task task, IDisposable scope)
   at Microsoft.AspNetCore.Authorization.AuthorizationMiddleware.Invoke(HttpContext context)
   at Microsoft.AspNetCore.Authentication.AuthenticationMiddleware.Invoke(HttpContext context)
   at Serilog.AspNetCore.RequestLoggingMiddleware.Invoke(HttpContext httpContext)
2026-06-14 16:49:33.006 +05:30 [ERR] An unhandled exception occurred: Cannot delete client because projects are assigned to it.
WMS.Application.Common.Exceptions.ConflictException: Cannot delete client because projects are assigned to it.
   at WMS.Application.Features.Clients.Commands.DeleteClientCommandHandler.Handle(DeleteClientCommand request, CancellationToken cancellationToken) in C:\Users\Hardik\Desktop\WMS-Solution\src\WMS.Application\Features\Clients\Commands\DeleteClientCommand.cs:line 38
   at MediatR.Wrappers.RequestHandlerWrapperImpl`1.<>c__DisplayClass1_0.<<Handle>g__Handler|0>d.MoveNext()
--- End of stack trace from previous location ---
   at WMS.Application.Common.Behaviours.PerformanceBehaviour`2.Handle(TRequest request, RequestHandlerDelegate`1 next, CancellationToken ct) in C:\Users\Hardik\Desktop\WMS-Solution\src\WMS.Application\Common\Behaviours\PerformanceBehaviour.cs:line 22
   at WMS.Application.Common.Behaviours.ValidationBehaviour`2.Handle(TRequest request, RequestHandlerDelegate`1 next, CancellationToken ct) in C:\Users\Hardik\Desktop\WMS-Solution\src\WMS.Application\Common\Behaviours\ValidationBehaviour.cs:line 20
   at WMS.Application.Common.Behaviours.LoggingBehaviour`2.Handle(TRequest request, RequestHandlerDelegate`1 next, CancellationToken ct) in C:\Users\Hardik\Desktop\WMS-Solution\src\WMS.Application\Common\Behaviours\LoggingBehaviour.cs:line 22
   at WMS.API.Controllers.v1.ClientsController.Delete(Int32 id, CancellationToken ct) in C:\Users\Hardik\Desktop\WMS-Solution\src\WMS.API\Controllers\v1\ClientsController.cs:line 61
   at Microsoft.AspNetCore.Mvc.Infrastructure.ActionMethodExecutor.TaskOfIActionResultExecutor.Execute(ActionContext actionContext, IActionResultTypeMapper mapper, ObjectMethodExecutor executor, Object controller, Object[] arguments)
   at Microsoft.AspNetCore.Mvc.Infrastructure.ControllerActionInvoker.<InvokeActionMethodAsync>g__Awaited|12_0(ControllerActionInvoker invoker, ValueTask`1 actionResultValueTask)
   at Microsoft.AspNetCore.Mvc.Infrastructure.ControllerActionInvoker.<InvokeNextActionFilterAsync>g__Awaited|10_0(ControllerActionInvoker invoker, Task lastTask, State next, Scope scope, Object state, Boolean isCompleted)
   at Microsoft.AspNetCore.Mvc.Infrastructure.ControllerActionInvoker.Rethrow(ActionExecutedContextSealed context)
   at Microsoft.AspNetCore.Mvc.Infrastructure.ControllerActionInvoker.Next(State& next, Scope& scope, Object& state, Boolean& isCompleted)
   at Microsoft.AspNetCore.Mvc.Infrastructure.ControllerActionInvoker.<InvokeInnerFilterAsync>g__Awaited|13_0(ControllerActionInvoker invoker, Task lastTask, State next, Scope scope, Object state, Boolean isCompleted)
   at Microsoft.AspNetCore.Mvc.Infrastructure.ResourceInvoker.<InvokeFilterPipelineAsync>g__Awaited|20_0(ResourceInvoker invoker, Task lastTask, State next, Scope scope, Object state, Boolean isCompleted)
   at Microsoft.AspNetCore.Mvc.Infrastructure.ResourceInvoker.<InvokeAsync>g__Awaited|17_0(ResourceInvoker invoker, Task task, IDisposable scope)
   at Microsoft.AspNetCore.Mvc.Infrastructure.ResourceInvoker.<InvokeAsync>g__Awaited|17_0(ResourceInvoker invoker, Task task, IDisposable scope)
   at Microsoft.AspNetCore.Authorization.AuthorizationMiddleware.Invoke(HttpContext context)
   at Microsoft.AspNetCore.Authentication.AuthenticationMiddleware.Invoke(HttpContext context)
   at Serilog.AspNetCore.RequestLoggingMiddleware.Invoke(HttpContext httpContext)
   at Swashbuckle.AspNetCore.SwaggerUI.SwaggerUIMiddleware.Invoke(HttpContext httpContext)
   at Swashbuckle.AspNetCore.Swagger.SwaggerMiddleware.Invoke(HttpContext httpContext, ISwaggerProvider swaggerProvider)
   at WMS.API.Middleware.GlobalExceptionMiddleware.InvokeAsync(HttpContext context) in C:\Users\Hardik\Desktop\WMS-Solution\src\WMS.API\Middleware\GlobalExceptionMiddleware.cs:line 26
2026-06-14 16:49:35.649 +05:30 [INF] HTTP OPTIONS /api/v1/allocations responded 204 in 0.0290 ms
2026-06-14 16:49:35.657 +05:30 [INF] WMS Request: GetAllocationsQuery {"EmpId":null,"ProjectId":null,"Status":null,"PageNumber":1,"PageSize":10,"$type":"GetAllocationsQuery"}
2026-06-14 16:49:35.710 +05:30 [INF] WMS Response: GetAllocationsQuery {"Items":[{"AllocationId":8,"EmpId":5,"EmployeeName":"lakshya sharma","DepartmentName":"Operations","ProjectId":7,"ProjectName":"CRM","AssignedOn":"2026-08-15T00:00:00.0000000","Status":true,"CreatedBy":"","CreateDate":"2026-06-13T23:49:50.9229903","UpdatedBy":null,"UpdatedDate":null,"$type":"AllocationDto"},{"AllocationId":6,"EmpId":3,"EmployeeName":"hardik maloo","DepartmentName":"AI-DS","ProjectId":2,"ProjectName":"HR Portal","AssignedOn":"2026-06-29T00:00:00.0000000","Status":false,"CreatedBy":"","CreateDate":"2026-06-13T17:43:55.7346527","UpdatedBy":"admin","UpdatedDate":"2026-06-13T18:29:43.0918397","$type":"AllocationDto"},{"AllocationId":7,"EmpId":2,"EmployeeName":"harsh rathore","DepartmentName":"Finance","ProjectId":2,"ProjectName":"HR Portal","AssignedOn":"2026-06-22T00:00:00.0000000","Status":true,"CreatedBy":"","CreateDate":"2026-06-13T17:52:25.6705390","UpdatedBy":null,"UpdatedDate":null,"$type":"AllocationDto"},{"AllocationId":3,"EmpId":1,"EmployeeName":"Hardik Patel","DepartmentName":"HR","ProjectId":2,"ProjectName":"HR Portal","AssignedOn":"2026-06-13T02:32:33.3600000","Status":true,"CreatedBy":"Admin","CreateDate":"2026-06-13T02:32:33.3600000","UpdatedBy":null,"UpdatedDate":null,"$type":"AllocationDto"},{"AllocationId":4,"EmpId":1,"EmployeeName":"Hardik Patel","DepartmentName":"HR","ProjectId":3,"ProjectName":"Employee App","AssignedOn":"2026-06-13T02:32:33.3600000","Status":false,"CreatedBy":"Admin","CreateDate":"2026-06-13T02:32:33.3600000","UpdatedBy":null,"UpdatedDate":"2026-06-13T17:29:12.8824343","$type":"AllocationDto"},{"AllocationId":5,"EmpId":1,"EmployeeName":"Hardik Patel","DepartmentName":"HR","ProjectId":4,"ProjectName":"Finance Dashboard","AssignedOn":"2026-06-13T02:32:33.3600000","Status":false,"CreatedBy":"Admin","CreateDate":"2026-06-13T02:32:33.3600000","UpdatedBy":null,"UpdatedDate":"2026-06-13T17:29:05.4585258","$type":"AllocationDto"}],"TotalCount":6,"PageNumber":1,"PageSize":10,"TotalPages":1,"HasPreviousPage":false,"HasNextPage":false,"$type":"PagedResult`1"}
2026-06-14 16:49:35.777 +05:30 [INF] HTTP GET /api/v1/allocations responded 200 in 121.5386 ms
2026-06-14 16:49:39.742 +05:30 [INF] HTTP OPTIONS /api/v1/announcements responded 204 in 0.0322 ms
2026-06-14 16:49:39.749 +05:30 [INF] WMS Request: GetAnnouncementsQuery {"IsActive":null,"PageNumber":1,"PageSize":10,"$type":"GetAnnouncementsQuery"}
2026-06-14 16:49:39.769 +05:30 [INF] WMS Response: GetAnnouncementsQuery {"Items":[{"AnnouncementId":2,"Title":"Holiday","Message":"Office holiday next week yesss","CreatedBy":1,"CreatedByName":"Hardik Patel","CreatedOn":"2026-06-13T02:26:06.7300000","IsActive":false,"$type":"AnnouncementDto"},{"AnnouncementId":3,"Title":"Meeting","Message":"Monthly review meeting","CreatedBy":1,"CreatedByName":"Hardik Patel","CreatedOn":"2026-06-13T02:26:06.7300000","IsActive":true,"$type":"AnnouncementDto"},{"AnnouncementId":4,"Title":"Policy Update","Message":"New HR policy released","CreatedBy":1,"CreatedByName":"Hardik Patel","CreatedOn":"2026-06-13T02:26:06.7300000","IsActive":true,"$type":"AnnouncementDto"},{"AnnouncementId":5,"Title":"Training","Message":"AI training scheduled","CreatedBy":1,"CreatedByName":"Hardik Patel","CreatedOn":"2026-06-13T02:26:06.7300000","IsActive":true,"$type":"AnnouncementDto"}],"TotalCount":4,"PageNumber":1,"PageSize":10,"TotalPages":1,"HasPreviousPage":false,"HasNextPage":false,"$type":"PagedResult`1"}
2026-06-14 16:49:39.819 +05:30 [INF] HTTP GET /api/v1/announcements responded 200 in 71.6581 ms
2026-06-14 16:49:55.139 +05:30 [INF] HTTP OPTIONS /api/v1/leaves/employee/6 responded 204 in 0.0402 ms
2026-06-14 16:49:55.141 +05:30 [INF] HTTP OPTIONS /api/v1/leaves/pending responded 204 in 0.0240 ms
2026-06-14 16:49:55.146 +05:30 [INF] WMS Request: GetLeavesByEmployeeQuery {"EmployeeId":6,"PageNumber":1,"PageSize":10,"$type":"GetLeavesByEmployeeQuery"}
2026-06-14 16:49:55.148 +05:30 [INF] WMS Request: GetPendingLeavesQuery {"$type":"GetPendingLeavesQuery"}
2026-06-14 16:49:55.164 +05:30 [INF] WMS Response: GetLeavesByEmployeeQuery {"Items":[],"TotalCount":0,"PageNumber":1,"PageSize":10,"TotalPages":0,"HasPreviousPage":false,"HasNextPage":false,"$type":"PagedResult`1"}
2026-06-14 16:49:55.167 +05:30 [INF] WMS Response: GetPendingLeavesQuery [{"LeaveId":13,"EmpId":8,"EmployeeName":"Arin saraf","LeaveType":"Casual","Reason":"i am going on a trip","FromDate":"2026-08-06T00:00:00.0000000","ToDate":"2026-08-16T00:00:00.0000000","TotalDays":11,"Status":"Pending","AppliedOn":"2026-06-14T10:05:27.3963461","ApprovedBy":null,"ApproverName":null,"ApprovedOn":null,"$type":"LeaveDto"},{"LeaveId":12,"EmpId":1,"EmployeeName":"Hardik Patel","LeaveType":"Earned","Reason":"hdtdyuyiuih","FromDate":"2026-07-18T00:00:00.0000000","ToDate":"2026-07-21T00:00:00.0000000","TotalDays":4,"Status":"Pending","AppliedOn":"2026-06-13T18:16:13.0904676","ApprovedBy":null,"ApproverName":null,"ApprovedOn":null,"$type":"LeaveDto"}]
2026-06-14 16:49:55.175 +05:30 [INF] HTTP GET /api/v1/leaves/employee/6 responded 200 in 29.1207 ms
2026-06-14 16:49:55.200 +05:30 [INF] HTTP GET /api/v1/leaves/pending responded 200 in 52.6238 ms
2026-06-14 16:49:58.392 +05:30 [INF] HTTP OPTIONS /api/v1/leaves/approve-reject responded 204 in 0.0726 ms
2026-06-14 16:49:58.531 +05:30 [INF] WMS Request: ApproveLeaveCommand {"Dto":{"LeaveId":13,"ApproverId":6,"Action":"Approve","Remarks":null,"$type":"ApproveRejectLeaveDto"},"$type":"ApproveLeaveCommand"}
2026-06-14 16:49:58.669 +05:30 [INF] WMS Response: ApproveLeaveCommand {"LeaveId":13,"EmpId":8,"EmployeeName":"","LeaveType":"Casual","Reason":"i am going on a trip","FromDate":"2026-08-06T00:00:00.0000000","ToDate":"2026-08-16T00:00:00.0000000","TotalDays":11,"Status":"Approved","AppliedOn":"2026-06-14T10:05:27.3963461","ApprovedBy":6,"ApproverName":null,"ApprovedOn":"2026-06-14T11:19:58.6373126Z","$type":"LeaveDto"}
2026-06-14 16:49:58.682 +05:30 [INF] HTTP POST /api/v1/leaves/approve-reject responded 200 in 285.2242 ms
2026-06-14 16:49:58.685 +05:30 [INF] WMS Request: GetPendingLeavesQuery {"$type":"GetPendingLeavesQuery"}
2026-06-14 16:49:58.697 +05:30 [INF] WMS Response: GetPendingLeavesQuery [{"LeaveId":12,"EmpId":1,"EmployeeName":"Hardik Patel","LeaveType":"Earned","Reason":"hdtdyuyiuih","FromDate":"2026-07-18T00:00:00.0000000","ToDate":"2026-07-21T00:00:00.0000000","TotalDays":4,"Status":"Pending","AppliedOn":"2026-06-13T18:16:13.0904676","ApprovedBy":null,"ApproverName":null,"ApprovedOn":null,"$type":"LeaveDto"}]
2026-06-14 16:49:58.708 +05:30 [INF] HTTP GET /api/v1/leaves/pending responded 200 in 23.2605 ms
2026-06-14 16:50:10.881 +05:30 [INF] HTTP OPTIONS /api/v1/auth/logout responded 204 in 0.0433 ms
2026-06-14 16:50:10.886 +05:30 [INF] WMS Request: LogoutCommand {"Username":"admin","$type":"LogoutCommand"}
2026-06-14 16:50:10.905 +05:30 [INF] WMS Response: LogoutCommand {"$type":"Unit"}
2026-06-14 16:50:10.910 +05:30 [INF] HTTP POST /api/v1/auth/logout responded 200 in 24.1809 ms
2026-06-14 16:50:19.731 +05:30 [INF] HTTP OPTIONS /api/v1/auth/login responded 204 in 0.0341 ms
2026-06-14 16:50:19.740 +05:30 [INF] WMS Request: LoginCommand {"Username":"harsh","Password":"Harsh@123","$type":"LoginCommand"}
2026-06-14 16:50:20.195 +05:30 [INF] WMS Response: LoginCommand {"AccessToken":"eyJhbGciOiJIUzI1NiIsInR5cCI6IkpXVCJ9.eyJzdWIiOiIzIiwidW5pcXVlX25hbWUiOiJoYXJzaCIsImh0dHA6Ly9zY2hlbWFzLm1pY3Jvc29mdC5jb20vd3MvMjAwOC8wNi9pZGVudGl0eS9jbGFpbXMvcm9sZSI6IkFkbWluIiwiZW1wbG95ZWVJZCI6IjIiLCJqdGkiOiIwN2Y3ZDEwNi0zYjg5LTRjZDAtOWZiZS0yNWM3ZDUxZDkxNTciLCJleHAiOjE3ODE0Mzk2MjAsImlzcyI6IldNUy5BUEkiLCJhdWQiOiJXTVMuQ2xpZW50In0.8df2KHqzsGkNEhA0EbenmeVijIA1mqWeiE28vLcqAOY","RefreshToken":"Jw/Gi+qZdujS6efEq7YNs35MMkyNKR7/Pf1il/VUx2mW/UXoIFcsgF+PWcoj+wOe08I9EnJR5SrNZwYDXf5mKQ==","ExpiresAt":"2026-06-14T12:20:20.1957674Z","Username":"harsh","Role":"Admin","EmployeeId":2,"$type":"LoginResponse"}
2026-06-14 16:50:20.200 +05:30 [INF] HTTP POST /api/v1/auth/login responded 200 in 464.5886 ms
2026-06-14 16:50:20.215 +05:30 [INF] HTTP OPTIONS /api/v1/dashboard/summary responded 204 in 0.0380 ms
2026-06-14 16:50:20.223 +05:30 [INF] WMS Request: GetDashboardSummaryQuery {"$type":"GetDashboardSummaryQuery"}
2026-06-14 16:50:20.332 +05:30 [INF] WMS Response: GetDashboardSummaryQuery {"TotalEmployees":8,"ActiveEmployees":6,"TotalDepartments":4,"TotalProjects":4,"ActiveProjects":3,"TotalClients":4,"TodayAttendanceCount":3,"PendingLeaves":1,"AttendanceTrend":[{"Date":"Jun 08","Present":1,"Absent":0,"WFH":1,"WFO":0,"$type":"AttendanceTrendDto"},{"Date":"Jun 09","Present":1,"Absent":0,"WFH":0,"WFO":1,"$type":"AttendanceTrendDto"},{"Date":"Jun 10","Present":1,"Absent":0,"WFH":1,"WFO":0,"$type":"AttendanceTrendDto"},{"Date":"Jun 11","Present":1,"Absent":0,"WFH":0,"WFO":1,"$type":"AttendanceTrendDto"},{"Date":"Jun 12","Present":1,"Absent":0,"WFH":1,"WFO":0,"$type":"AttendanceTrendDto"},{"Date":"Jun 13","Present":3,"Absent":0,"WFH":1,"WFO":2,"$type":"AttendanceTrendDto"},{"Date":"Jun 14","Present":3,"Absent":0,"WFH":2,"WFO":1,"$type":"AttendanceTrendDto"}],"LeaveTrend":[{"Month":"2/2026","Approved":1,"Pending":0,"Rejected":0,"$type":"LeaveTrendDto"},{"Month":"3/2026","Approved":0,"Pending":0,"Rejected":1,"$type":"LeaveTrendDto"},{"Month":"4/2026","Approved":0,"Pending":0,"Rejected":1,"$type":"LeaveTrendDto"},{"Month":"5/2026","Approved":1,"Pending":0,"Rejected":0,"$type":"LeaveTrendDto"},{"Month":"6/2026","Approved":5,"Pending":1,"Rejected":2,"$type":"LeaveTrendDto"}],"DepartmentDistribution":[{"DepartmentName":"Finance","EmployeeCount":2,"$type":"DepartmentDistributionDto"},{"DepartmentName":"Operations","EmployeeCount":2,"$type":"DepartmentDistributionDto"},{"DepartmentName":"AI-DS","EmployeeCount":1,"$type":"DepartmentDistributionDto"},{"DepartmentName":"HR","EmployeeCount":1,"$type":"DepartmentDistributionDto"}],"ProjectStatusDistribution":[{"Status":"Active","Count":3,"$type":"ProjectStatusDto"},{"Status":"Completed","Count":1,"$type":"ProjectStatusDto"}],"RecentAnnouncements":[{"AnnouncementId":3,"Title":"Meeting","Message":"Monthly review meeting","CreatedBy":0,"CreatedByName":"Hardik Patel","CreatedOn":"2026-06-13T02:26:06.7300000","IsActive":true,"$type":"AnnouncementDto"},{"AnnouncementId":4,"Title":"Policy Update","Message":"New HR policy released","CreatedBy":0,"CreatedByName":"Hardik Patel","CreatedOn":"2026-06-13T02:26:06.7300000","IsActive":true,"$type":"AnnouncementDto"},{"AnnouncementId":5,"Title":"Training","Message":"AI training scheduled","CreatedBy":0,"CreatedByName":"Hardik Patel","CreatedOn":"2026-06-13T02:26:06.7300000","IsActive":true,"$type":"AnnouncementDto"}],"$type":"DashboardSummaryDto"}
2026-06-14 16:50:20.467 +05:30 [INF] HTTP GET /api/v1/dashboard/summary responded 200 in 243.8264 ms
2026-06-14 16:50:24.684 +05:30 [INF] HTTP OPTIONS /api/v1/leaves/employee/2 responded 204 in 0.0460 ms
2026-06-14 16:50:24.686 +05:30 [INF] HTTP OPTIONS /api/v1/leaves/pending responded 204 in 0.1607 ms
2026-06-14 16:50:24.698 +05:30 [INF] WMS Request: GetLeavesByEmployeeQuery {"EmployeeId":2,"PageNumber":1,"PageSize":10,"$type":"GetLeavesByEmployeeQuery"}
2026-06-14 16:50:24.702 +05:30 [INF] WMS Request: GetPendingLeavesQuery {"$type":"GetPendingLeavesQuery"}
2026-06-14 16:50:24.731 +05:30 [INF] WMS Response: GetLeavesByEmployeeQuery {"Items":[{"LeaveId":9,"EmpId":2,"EmployeeName":"","LeaveType":"Casual","Reason":"i am sick","FromDate":"2026-06-18T13:45:07.3270000","ToDate":"2026-06-20T13:45:07.3270000","TotalDays":3,"Status":"Approved","AppliedOn":"2026-06-13T13:45:50.6688118","ApprovedBy":6,"ApproverName":null,"ApprovedOn":"2026-06-13T13:46:48.9289380","$type":"LeaveDto"}],"TotalCount":1,"PageNumber":1,"PageSize":10,"TotalPages":1,"HasPreviousPage":false,"HasNextPage":false,"$type":"PagedResult`1"}
2026-06-14 16:50:24.733 +05:30 [INF] WMS Response: GetPendingLeavesQuery [{"LeaveId":12,"EmpId":1,"EmployeeName":"Hardik Patel","LeaveType":"Earned","Reason":"hdtdyuyiuih","FromDate":"2026-07-18T00:00:00.0000000","ToDate":"2026-07-21T00:00:00.0000000","TotalDays":4,"Status":"Pending","AppliedOn":"2026-06-13T18:16:13.0904676","ApprovedBy":null,"ApproverName":null,"ApprovedOn":null,"$type":"LeaveDto"}]
2026-06-14 16:50:24.767 +05:30 [INF] HTTP GET /api/v1/leaves/employee/2 responded 200 in 71.1327 ms
2026-06-14 16:50:24.786 +05:30 [INF] HTTP GET /api/v1/leaves/pending responded 200 in 83.7531 ms
2026-06-14 16:50:27.894 +05:30 [INF] HTTP OPTIONS /api/v1/leaves/approve-reject responded 204 in 0.0375 ms
2026-06-14 16:50:27.905 +05:30 [INF] WMS Request: ApproveLeaveCommand {"Dto":{"LeaveId":12,"ApproverId":2,"Action":"Approve","Remarks":null,"$type":"ApproveRejectLeaveDto"},"$type":"ApproveLeaveCommand"}
2026-06-14 16:50:27.974 +05:30 [INF] WMS Response: ApproveLeaveCommand {"LeaveId":12,"EmpId":1,"EmployeeName":"","LeaveType":"Earned","Reason":"hdtdyuyiuih","FromDate":"2026-07-18T00:00:00.0000000","ToDate":"2026-07-21T00:00:00.0000000","TotalDays":4,"Status":"Approved","AppliedOn":"2026-06-13T18:16:13.0904676","ApprovedBy":2,"ApproverName":null,"ApprovedOn":"2026-06-14T11:20:27.9655482Z","$type":"LeaveDto"}
2026-06-14 16:50:27.993 +05:30 [INF] HTTP POST /api/v1/leaves/approve-reject responded 200 in 91.7848 ms
2026-06-14 16:50:28.000 +05:30 [INF] WMS Request: GetPendingLeavesQuery {"$type":"GetPendingLeavesQuery"}
2026-06-14 16:50:28.041 +05:30 [INF] WMS Response: GetPendingLeavesQuery []
2026-06-14 16:50:28.044 +05:30 [INF] HTTP GET /api/v1/leaves/pending responded 200 in 44.9849 ms
2026-06-14 16:51:36.552 +05:30 [INF] HTTP OPTIONS /api/v1/projects responded 204 in 1.4175 ms
2026-06-14 16:51:36.584 +05:30 [INF] WMS Request: GetProjectsQuery {"Search":null,"Status":null,"ClientId":null,"PageNumber":1,"PageSize":10,"$type":"GetProjectsQuery"}
2026-06-14 16:51:36.728 +05:30 [INF] WMS Response: GetProjectsQuery {"Items":[{"ProjectId":7,"ProjectName":"CRM","ClientId":3,"ClientName":"Microsoft","StartDate":"2026-06-13T00:00:00.0000000","EndDate":"2026-06-27T00:00:00.0000000","Status":"Active","AllocatedEmployeeCount":1,"CreatedOn":"2026-06-13T17:02:39.7969376","$type":"ProjectDto"},{"ProjectId":2,"ProjectName":"HR Portal","ClientId":3,"ClientName":"Microsoft","StartDate":"2026-01-01T00:00:00.0000000","EndDate":"2026-12-31T00:00:00.0000000","Status":"Active","AllocatedEmployeeCount":3,"CreatedOn":"2026-06-13T02:30:31.6900000","$type":"ProjectDto"},{"ProjectId":3,"ProjectName":"Employee App","ClientId":6,"ClientName":"Google","StartDate":"2026-02-01T00:00:00.0000000","EndDate":"2026-11-30T00:00:00.0000000","Status":"Active","AllocatedEmployeeCount":1,"CreatedOn":"2026-06-13T02:30:31.6900000","$type":"ProjectDto"},{"ProjectId":4,"ProjectName":"Finance Dashboard","ClientId":7,"ClientName":"string","StartDate":"2026-03-01T00:00:00.0000000","EndDate":"2026-10-31T00:00:00.0000000","Status":"Completed","AllocatedEmployeeCount":1,"CreatedOn":"2026-06-13T02:30:31.6900000","$type":"ProjectDto"}],"TotalCount":4,"PageNumber":1,"PageSize":10,"TotalPages":1,"HasPreviousPage":false,"HasNextPage":false,"$type":"PagedResult`1"}
2026-06-14 16:51:36.800 +05:30 [INF] HTTP GET /api/v1/projects responded 200 in 229.7017 ms
2026-06-14 16:51:38.226 +05:30 [INF] HTTP OPTIONS /api/v1/clients responded 204 in 0.1051 ms
2026-06-14 16:51:38.235 +05:30 [INF] WMS Request: GetClientsQuery {"Search":null,"PageNumber":1,"PageSize":10,"$type":"GetClientsQuery"}
2026-06-14 16:51:38.261 +05:30 [INF] WMS Response: GetClientsQuery {"Items":[{"ClientId":6,"ClientName":"Google","ClientAddress":"California","ClientPhoneNumber":9876543211,"ClientLocation":"USA","Status":true,"CreatedOn":"2026-06-13T02:24:32.4966667","$type":"ClientDto"},{"ClientId":8,"ClientName":"Infosys","ClientAddress":"Bangalore","ClientPhoneNumber":9876543213,"ClientLocation":"India","Status":true,"CreatedOn":"2026-06-13T02:24:32.4966667","$type":"ClientDto"},{"ClientId":3,"ClientName":"Microsoft","ClientAddress":"Redmond","ClientPhoneNumber":9876543210,"ClientLocation":"USA","Status":true,"CreatedOn":"2026-06-13T02:20:16.9833333","$type":"ClientDto"},{"ClientId":7,"ClientName":"string","ClientAddress":"string","ClientPhoneNumber":0,"ClientLocation":"string","Status":true,"CreatedOn":"2026-06-13T02:24:32.4966667","$type":"ClientDto"}],"TotalCount":4,"PageNumber":1,"PageSize":10,"TotalPages":1,"HasPreviousPage":false,"HasNextPage":false,"$type":"PagedResult`1"}
2026-06-14 16:51:38.304 +05:30 [INF] HTTP GET /api/v1/clients responded 200 in 71.8343 ms
2026-06-14 16:51:40.226 +05:30 [INF] HTTP OPTIONS /api/v1/allocations responded 204 in 0.0445 ms
2026-06-14 16:51:40.239 +05:30 [INF] WMS Request: GetAllocationsQuery {"EmpId":null,"ProjectId":null,"Status":null,"PageNumber":1,"PageSize":10,"$type":"GetAllocationsQuery"}
2026-06-14 16:51:40.301 +05:30 [INF] WMS Response: GetAllocationsQuery {"Items":[{"AllocationId":8,"EmpId":5,"EmployeeName":"lakshya sharma","DepartmentName":"Operations","ProjectId":7,"ProjectName":"CRM","AssignedOn":"2026-08-15T00:00:00.0000000","Status":true,"CreatedBy":"","CreateDate":"2026-06-13T23:49:50.9229903","UpdatedBy":null,"UpdatedDate":null,"$type":"AllocationDto"},{"AllocationId":6,"EmpId":3,"EmployeeName":"hardik maloo","DepartmentName":"AI-DS","ProjectId":2,"ProjectName":"HR Portal","AssignedOn":"2026-06-29T00:00:00.0000000","Status":false,"CreatedBy":"","CreateDate":"2026-06-13T17:43:55.7346527","UpdatedBy":"admin","UpdatedDate":"2026-06-13T18:29:43.0918397","$type":"AllocationDto"},{"AllocationId":7,"EmpId":2,"EmployeeName":"harsh rathore","DepartmentName":"Finance","ProjectId":2,"ProjectName":"HR Portal","AssignedOn":"2026-06-22T00:00:00.0000000","Status":true,"CreatedBy":"","CreateDate":"2026-06-13T17:52:25.6705390","UpdatedBy":null,"UpdatedDate":null,"$type":"AllocationDto"},{"AllocationId":3,"EmpId":1,"EmployeeName":"Hardik Patel","DepartmentName":"HR","ProjectId":2,"ProjectName":"HR Portal","AssignedOn":"2026-06-13T02:32:33.3600000","Status":true,"CreatedBy":"Admin","CreateDate":"2026-06-13T02:32:33.3600000","UpdatedBy":null,"UpdatedDate":null,"$type":"AllocationDto"},{"AllocationId":4,"EmpId":1,"EmployeeName":"Hardik Patel","DepartmentName":"HR","ProjectId":3,"ProjectName":"Employee App","AssignedOn":"2026-06-13T02:32:33.3600000","Status":false,"CreatedBy":"Admin","CreateDate":"2026-06-13T02:32:33.3600000","UpdatedBy":null,"UpdatedDate":"2026-06-13T17:29:12.8824343","$type":"AllocationDto"},{"AllocationId":5,"EmpId":1,"EmployeeName":"Hardik Patel","DepartmentName":"HR","ProjectId":4,"ProjectName":"Finance Dashboard","AssignedOn":"2026-06-13T02:32:33.3600000","Status":false,"CreatedBy":"Admin","CreateDate":"2026-06-13T02:32:33.3600000","UpdatedBy":null,"UpdatedDate":"2026-06-13T17:29:05.4585258","$type":"AllocationDto"}],"TotalCount":6,"PageNumber":1,"PageSize":10,"TotalPages":1,"HasPreviousPage":false,"HasNextPage":false,"$type":"PagedResult`1"}
2026-06-14 16:51:40.392 +05:30 [INF] HTTP GET /api/v1/allocations responded 200 in 155.2922 ms
2026-06-14 16:51:43.242 +05:30 [INF] HTTP OPTIONS /api/v1/employees responded 204 in 0.0894 ms
2026-06-14 16:51:43.243 +05:30 [INF] HTTP OPTIONS /api/v1/projects responded 204 in 0.1256 ms
2026-06-14 16:51:43.256 +05:30 [INF] WMS Request: GetEmployeesQuery {"Search":null,"DepartmentId":null,"RoleId":null,"Status":null,"PageNumber":1,"PageSize":100,"$type":"GetEmployeesQuery"}
2026-06-14 16:51:43.262 +05:30 [INF] WMS Request: GetProjectsQuery {"Search":null,"Status":null,"ClientId":null,"PageNumber":1,"PageSize":100,"$type":"GetProjectsQuery"}
2026-06-14 16:51:43.301 +05:30 [INF] WMS Response: GetEmployeesQuery {"Items":[{"EmployeeId":4,"FirstName":"aditya","LastName":"batwara","FullName":"aditya batwara","Email":"aditya21@gmail.com","PhoneNumber":"7414040730","Gender":"Male","DOB":"2004-02-21T00:00:00.0000000","DOJ":"2026-04-07T00:00:00.0000000","DepartmentId":5,"DepartmentName":"AI-DS","RoleId":3,"RoleName":"Employee","Status":"Inactive","CreatedOn":"2026-06-12T23:12:11.5907684","UpdatedOn":"2026-06-13T12:36:11.3585878","$type":"EmployeeDto"},{"EmployeeId":8,"FirstName":"Arin","LastName":"saraf","FullName":"Arin saraf","Email":"arinsunar@gmail.com","PhoneNumber":"8945625347","Gender":"Male","DOB":"2004-01-04T00:00:00.0000000","DOJ":"2026-05-14T00:00:00.0000000","DepartmentId":3,"DepartmentName":"Finance","RoleId":3,"RoleName":"Employee","Status":"Active","CreatedOn":"2026-06-14T09:47:10.1921159","UpdatedOn":null,"$type":"EmployeeDto"},{"EmployeeId":3,"FirstName":"hardik","LastName":"maloo","FullName":"hardik maloo","Email":"hardikmaloo21@gmail.com","PhoneNumber":"8107663009","Gender":"Male","DOB":"2004-06-21T00:00:00.0000000","DOJ":"2026-06-04T00:00:00.0000000","DepartmentId":5,"DepartmentName":"AI-DS","RoleId":3,"RoleName":"Employee","Status":"Active","CreatedOn":"2026-06-12T23:10:13.1851457","UpdatedOn":null,"$type":"EmployeeDto"},{"EmployeeId":1,"FirstName":"Hardik","LastName":"Patel","FullName":"Hardik Patel","Email":"hardik@test.com","PhoneNumber":"7737131410","Gender":"Male","DOB":"2004-06-21T00:00:00.0000000","DOJ":"2026-06-08T00:00:00.0000000","DepartmentId":1,"DepartmentName":"HR","RoleId":2,"RoleName":"Manager","Status":"Inactive","CreatedOn":"2026-06-11T15:03:58.6936554","UpdatedOn":"2026-06-13T23:49:09.2801027","$type":"EmployeeDto"},{"EmployeeId":2,"FirstName":"harsh","LastName":"rathore","FullName":"harsh rathore","Email":"harsh@gmail.com","PhoneNumber":"7976681235","Gender":"Male","DOB":"2005-07-03T00:00:00.0000000","DOJ":"2026-06-12T00:00:00.0000000","DepartmentId":3,"DepartmentName":"Finance","RoleId":1,"RoleName":"Admin","Status":"Active","CreatedOn":"2026-06-12T21:25:47.5693795","UpdatedOn":"2026-06-12T23:08:27.1985056","$type":"EmployeeDto"},{"EmployeeId":5,"FirstName":"lakshya","LastName":"sharma","FullName":"lakshya sharma","Email":"lakshya@gmail.com","PhoneNumber":"8946456765","Gender":"Male","DOB":"2005-03-14T00:00:00.0000000","DOJ":"2026-04-08T00:00:00.0000000","DepartmentId":4,"DepartmentName":"Operations","RoleId":3,"RoleName":"Employee","Status":"Active","CreatedOn":"2026-06-13T08:09:44.8928080","UpdatedOn":null,"$type":"EmployeeDto"},{"EmployeeId":7,"FirstName":"pulkit","LastName":"jain","FullName":"pulkit jain","Email":"pulkitjain@gmail.com","PhoneNumber":"7894561230","Gender":"Male","DOB":"2004-04-14T00:00:00.0000000","DOJ":"2026-06-14T00:00:00.0000000","DepartmentId":4,"DepartmentName":"Operations","RoleId":3,"RoleName":"Employee","Status":"Active","CreatedOn":"2026-06-14T06:41:11.1355668","UpdatedOn":null,"$type":"EmployeeDto"},{"EmployeeId":6,"FirstName":"System","LastName":"Admin","FullName":"System Admin","Email":"admin@wms.com","PhoneNumber":"9999999999","Gender":"Male","DOB":"1990-01-01T00:00:00.0000000","DOJ":"2026-06-13T19:06:47.4733333","DepartmentId":1,"DepartmentName":"HR","RoleId":1,"RoleName":"Admin","Status":"Active","CreatedOn":"2026-06-13T19:06:47.4733333","UpdatedOn":null,"$type":"EmployeeDto"}],"TotalCount":8,"PageNumber":1,"PageSize":100,"TotalPages":1,"HasPreviousPage":false,"HasNextPage":false,"$type":"PagedResult`1"}
2026-06-14 16:51:43.307 +05:30 [INF] WMS Response: GetProjectsQuery {"Items":[{"ProjectId":7,"ProjectName":"CRM","ClientId":3,"ClientName":"Microsoft","StartDate":"2026-06-13T00:00:00.0000000","EndDate":"2026-06-27T00:00:00.0000000","Status":"Active","AllocatedEmployeeCount":1,"CreatedOn":"2026-06-13T17:02:39.7969376","$type":"ProjectDto"},{"ProjectId":2,"ProjectName":"HR Portal","ClientId":3,"ClientName":"Microsoft","StartDate":"2026-01-01T00:00:00.0000000","EndDate":"2026-12-31T00:00:00.0000000","Status":"Active","AllocatedEmployeeCount":3,"CreatedOn":"2026-06-13T02:30:31.6900000","$type":"ProjectDto"},{"ProjectId":3,"ProjectName":"Employee App","ClientId":6,"ClientName":"Google","StartDate":"2026-02-01T00:00:00.0000000","EndDate":"2026-11-30T00:00:00.0000000","Status":"Active","AllocatedEmployeeCount":1,"CreatedOn":"2026-06-13T02:30:31.6900000","$type":"ProjectDto"},{"ProjectId":4,"ProjectName":"Finance Dashboard","ClientId":7,"ClientName":"string","StartDate":"2026-03-01T00:00:00.0000000","EndDate":"2026-10-31T00:00:00.0000000","Status":"Completed","AllocatedEmployeeCount":1,"CreatedOn":"2026-06-13T02:30:31.6900000","$type":"ProjectDto"}],"TotalCount":4,"PageNumber":1,"PageSize":100,"TotalPages":1,"HasPreviousPage":false,"HasNextPage":false,"$type":"PagedResult`1"}
2026-06-14 16:51:43.462 +05:30 [INF] HTTP GET /api/v1/employees responded 200 in 209.2306 ms
2026-06-14 16:51:43.509 +05:30 [INF] HTTP GET /api/v1/projects responded 200 in 253.3779 ms
2026-06-14 16:51:54.820 +05:30 [INF] HTTP OPTIONS /api/v1/allocations/assign responded 204 in 0.7204 ms
2026-06-14 16:51:54.845 +05:30 [INF] WMS Request: AssignEmployeeCommand {"Dto":{"EmpId":7,"ProjectId":3,"AssignedOn":"2026-06-14T00:00:00.0000000","CreatedBy":"","$type":"AssignEmployeeDto"},"$type":"AssignEmployeeCommand"}
2026-06-14 16:51:54.990 +05:30 [INF] WMS Response: AssignEmployeeCommand {"AllocationId":9,"EmpId":7,"EmployeeName":"pulkit jain","DepartmentName":"Operations","ProjectId":3,"ProjectName":"Employee App","AssignedOn":"2026-06-14T00:00:00.0000000","Status":true,"CreatedBy":"","CreateDate":"2026-06-14T11:21:54.9114683Z","UpdatedBy":null,"UpdatedDate":null,"$type":"AllocationDto"}
2026-06-14 16:51:55.012 +05:30 [INF] HTTP POST /api/v1/allocations/assign responded 200 in 183.5568 ms
2026-06-14 16:51:55.034 +05:30 [INF] HTTP OPTIONS /api/v1/allocations responded 204 in 0.0402 ms
2026-06-14 16:51:55.047 +05:30 [INF] WMS Request: GetAllocationsQuery {"EmpId":null,"ProjectId":null,"Status":null,"PageNumber":1,"PageSize":10,"$type":"GetAllocationsQuery"}
2026-06-14 16:51:55.084 +05:30 [INF] WMS Response: GetAllocationsQuery {"Items":[{"AllocationId":8,"EmpId":5,"EmployeeName":"lakshya sharma","DepartmentName":"Operations","ProjectId":7,"ProjectName":"CRM","AssignedOn":"2026-08-15T00:00:00.0000000","Status":true,"CreatedBy":"","CreateDate":"2026-06-13T23:49:50.9229903","UpdatedBy":null,"UpdatedDate":null,"$type":"AllocationDto"},{"AllocationId":6,"EmpId":3,"EmployeeName":"hardik maloo","DepartmentName":"AI-DS","ProjectId":2,"ProjectName":"HR Portal","AssignedOn":"2026-06-29T00:00:00.0000000","Status":false,"CreatedBy":"","CreateDate":"2026-06-13T17:43:55.7346527","UpdatedBy":"admin","UpdatedDate":"2026-06-13T18:29:43.0918397","$type":"AllocationDto"},{"AllocationId":7,"EmpId":2,"EmployeeName":"harsh rathore","DepartmentName":"Finance","ProjectId":2,"ProjectName":"HR Portal","AssignedOn":"2026-06-22T00:00:00.0000000","Status":true,"CreatedBy":"","CreateDate":"2026-06-13T17:52:25.6705390","UpdatedBy":null,"UpdatedDate":null,"$type":"AllocationDto"},{"AllocationId":9,"EmpId":7,"EmployeeName":"pulkit jain","DepartmentName":"Operations","ProjectId":3,"ProjectName":"Employee App","AssignedOn":"2026-06-14T00:00:00.0000000","Status":true,"CreatedBy":"","CreateDate":"2026-06-14T11:21:54.9114683","UpdatedBy":null,"UpdatedDate":null,"$type":"AllocationDto"},{"AllocationId":3,"EmpId":1,"EmployeeName":"Hardik Patel","DepartmentName":"HR","ProjectId":2,"ProjectName":"HR Portal","AssignedOn":"2026-06-13T02:32:33.3600000","Status":true,"CreatedBy":"Admin","CreateDate":"2026-06-13T02:32:33.3600000","UpdatedBy":null,"UpdatedDate":null,"$type":"AllocationDto"},{"AllocationId":4,"EmpId":1,"EmployeeName":"Hardik Patel","DepartmentName":"HR","ProjectId":3,"ProjectName":"Employee App","AssignedOn":"2026-06-13T02:32:33.3600000","Status":false,"CreatedBy":"Admin","CreateDate":"2026-06-13T02:32:33.3600000","UpdatedBy":null,"UpdatedDate":"2026-06-13T17:29:12.8824343","$type":"AllocationDto"},{"AllocationId":5,"EmpId":1,"EmployeeName":"Hardik Patel","DepartmentName":"HR","ProjectId":4,"ProjectName":"Finance Dashboard","AssignedOn":"2026-06-13T02:32:33.3600000","Status":false,"CreatedBy":"Admin","CreateDate":"2026-06-13T02:32:33.3600000","UpdatedBy":null,"UpdatedDate":"2026-06-13T17:29:05.4585258","$type":"AllocationDto"}],"TotalCount":7,"PageNumber":1,"PageSize":10,"TotalPages":1,"HasPreviousPage":false,"HasNextPage":false,"$type":"PagedResult`1"}
2026-06-14 16:51:55.206 +05:30 [INF] HTTP GET /api/v1/allocations responded 200 in 161.9191 ms
2026-06-14 16:52:06.843 +05:30 [INF] HTTP OPTIONS /api/v1/auth/logout responded 204 in 0.0462 ms
2026-06-14 16:52:06.851 +05:30 [INF] WMS Request: LogoutCommand {"Username":"harsh","$type":"LogoutCommand"}
2026-06-14 16:52:06.883 +05:30 [INF] WMS Response: LogoutCommand {"$type":"Unit"}
2026-06-14 16:52:06.885 +05:30 [INF] HTTP POST /api/v1/auth/logout responded 200 in 36.7940 ms
2026-06-14 16:52:18.806 +05:30 [INF] HTTP OPTIONS /api/v1/auth/login responded 204 in 0.0349 ms
2026-06-14 16:52:18.825 +05:30 [INF] WMS Request: LoginCommand {"Username":"pulkit","Password":"Pulkit@123","$type":"LoginCommand"}
2026-06-14 16:52:19.221 +05:30 [INF] WMS Response: LoginCommand {"AccessToken":"eyJhbGciOiJIUzI1NiIsInR5cCI6IkpXVCJ9.eyJzdWIiOiI3IiwidW5pcXVlX25hbWUiOiJwdWxraXQiLCJodHRwOi8vc2NoZW1hcy5taWNyb3NvZnQuY29tL3dzLzIwMDgvMDYvaWRlbnRpdHkvY2xhaW1zL3JvbGUiOiJFbXBsb3llZSIsImVtcGxveWVlSWQiOiI3IiwianRpIjoiYTNkZWE4NWYtMDM1YS00NjhmLTgyNjYtZDIxYzFlZjdlMDM1IiwiZXhwIjoxNzgxNDM5NzM5LCJpc3MiOiJXTVMuQVBJIiwiYXVkIjoiV01TLkNsaWVudCJ9.E-vS2MJU-H1p7pBLDyV_96V3nq0DM2puLfNGovbX_Dc","RefreshToken":"3Hk/MP7I6XrgDoQ/NlPzPEgLPyUXMpeBXtal0+3tMWtLZ5o2RfzcHukvA6vHehtf/tjuoBafdQNgQKyK8cYVfg==","ExpiresAt":"2026-06-14T12:22:19.2218533Z","Username":"pulkit","Role":"Employee","EmployeeId":7,"$type":"LoginResponse"}
2026-06-14 16:52:19.236 +05:30 [INF] HTTP POST /api/v1/auth/login responded 200 in 418.8335 ms
2026-06-14 16:52:19.251 +05:30 [INF] HTTP OPTIONS /api/v1/attendance/employee/7/monthly responded 204 in 0.0378 ms
2026-06-14 16:52:19.254 +05:30 [INF] HTTP OPTIONS /api/v1/leaves/employee/7 responded 204 in 0.0311 ms
2026-06-14 16:52:19.259 +05:30 [INF] WMS Request: GetMonthlyAttendanceQuery {"EmployeeId":7,"Year":2026,"Month":6,"$type":"GetMonthlyAttendanceQuery"}
2026-06-14 16:52:19.262 +05:30 [INF] WMS Request: GetLeavesByEmployeeQuery {"EmployeeId":7,"PageNumber":1,"PageSize":10,"$type":"GetLeavesByEmployeeQuery"}
2026-06-14 16:52:19.283 +05:30 [INF] WMS Response: GetLeavesByEmployeeQuery {"Items":[],"TotalCount":0,"PageNumber":1,"PageSize":10,"TotalPages":0,"HasPreviousPage":false,"HasNextPage":false,"$type":"PagedResult`1"}
2026-06-14 16:52:19.285 +05:30 [INF] WMS Response: GetMonthlyAttendanceQuery [{"AttendanceId":11,"EmpId":7,"EmployeeName":null,"CheckIn":"2026-06-14T09:29:31.4453900","CheckOut":"2026-06-14T09:29:42.4411016","TotalHours":0,"WorkMode":"WFH","AttendanceDate":"2026-06-14T00:00:00.0000000","Status":"Complete","$type":"AttendanceDto"}]
2026-06-14 16:52:19.293 +05:30 [INF] HTTP GET /api/v1/leaves/employee/7 responded 200 in 31.6716 ms
2026-06-14 16:52:19.305 +05:30 [INF] HTTP GET /api/v1/attendance/employee/7/monthly responded 200 in 46.5442 ms
2026-06-14 16:52:24.409 +05:30 [INF] HTTP OPTIONS /api/v1/attendance/employee/7/monthly responded 204 in 0.0459 ms
2026-06-14 16:52:24.423 +05:30 [INF] WMS Request: GetMonthlyAttendanceQuery {"EmployeeId":7,"Year":2026,"Month":6,"$type":"GetMonthlyAttendanceQuery"}
2026-06-14 16:52:24.449 +05:30 [INF] WMS Response: GetMonthlyAttendanceQuery [{"AttendanceId":11,"EmpId":7,"EmployeeName":null,"CheckIn":"2026-06-14T09:29:31.4453900","CheckOut":"2026-06-14T09:29:42.4411016","TotalHours":0,"WorkMode":"WFH","AttendanceDate":"2026-06-14T00:00:00.0000000","Status":"Complete","$type":"AttendanceDto"}]
2026-06-14 16:52:24.472 +05:30 [INF] HTTP GET /api/v1/attendance/employee/7/monthly responded 200 in 51.0615 ms
2026-06-14 16:52:25.283 +05:30 [INF] HTTP OPTIONS /api/v1/leaves/employee/7 responded 204 in 0.0484 ms
2026-06-14 16:52:25.293 +05:30 [INF] WMS Request: GetLeavesByEmployeeQuery {"EmployeeId":7,"PageNumber":1,"PageSize":10,"$type":"GetLeavesByEmployeeQuery"}
2026-06-14 16:52:25.314 +05:30 [INF] WMS Response: GetLeavesByEmployeeQuery {"Items":[],"TotalCount":0,"PageNumber":1,"PageSize":10,"TotalPages":0,"HasPreviousPage":false,"HasNextPage":false,"$type":"PagedResult`1"}
2026-06-14 16:52:25.326 +05:30 [INF] HTTP GET /api/v1/leaves/employee/7 responded 200 in 34.3723 ms
2026-06-14 16:52:27.724 +05:30 [INF] WMS Request: GetMonthlyAttendanceQuery {"EmployeeId":7,"Year":2026,"Month":6,"$type":"GetMonthlyAttendanceQuery"}
2026-06-14 16:52:27.740 +05:30 [INF] WMS Response: GetMonthlyAttendanceQuery [{"AttendanceId":11,"EmpId":7,"EmployeeName":null,"CheckIn":"2026-06-14T09:29:31.4453900","CheckOut":"2026-06-14T09:29:42.4411016","TotalHours":0,"WorkMode":"WFH","AttendanceDate":"2026-06-14T00:00:00.0000000","Status":"Complete","$type":"AttendanceDto"}]
2026-06-14 16:52:27.750 +05:30 [INF] HTTP GET /api/v1/attendance/employee/7/monthly responded 200 in 27.2474 ms
2026-06-14 16:52:29.813 +05:30 [INF] HTTP OPTIONS /api/v1/attendance/employee/7/monthly responded 204 in 0.0463 ms
2026-06-14 16:52:29.813 +05:30 [INF] WMS Request: GetLeavesByEmployeeQuery {"EmployeeId":7,"PageNumber":1,"PageSize":10,"$type":"GetLeavesByEmployeeQuery"}
2026-06-14 16:52:29.827 +05:30 [INF] WMS Request: GetMonthlyAttendanceQuery {"EmployeeId":7,"Year":2026,"Month":6,"$type":"GetMonthlyAttendanceQuery"}
2026-06-14 16:52:29.849 +05:30 [INF] WMS Response: GetLeavesByEmployeeQuery {"Items":[],"TotalCount":0,"PageNumber":1,"PageSize":10,"TotalPages":0,"HasPreviousPage":false,"HasNextPage":false,"$type":"PagedResult`1"}
2026-06-14 16:52:29.856 +05:30 [INF] WMS Response: GetMonthlyAttendanceQuery [{"AttendanceId":11,"EmpId":7,"EmployeeName":null,"CheckIn":"2026-06-14T09:29:31.4453900","CheckOut":"2026-06-14T09:29:42.4411016","TotalHours":0,"WorkMode":"WFH","AttendanceDate":"2026-06-14T00:00:00.0000000","Status":"Complete","$type":"AttendanceDto"}]
2026-06-14 16:52:29.861 +05:30 [INF] HTTP GET /api/v1/leaves/employee/7 responded 200 in 47.9988 ms
2026-06-14 16:52:29.872 +05:30 [INF] HTTP GET /api/v1/attendance/employee/7/monthly responded 200 in 46.0666 ms
2026-06-14 16:52:31.078 +05:30 [INF] HTTP OPTIONS /api/v1/leaves/employee/7 responded 204 in 0.0405 ms
2026-06-14 16:52:31.090 +05:30 [INF] WMS Request: GetLeavesByEmployeeQuery {"EmployeeId":7,"PageNumber":1,"PageSize":10,"$type":"GetLeavesByEmployeeQuery"}
2026-06-14 16:52:31.114 +05:30 [INF] WMS Response: GetLeavesByEmployeeQuery {"Items":[],"TotalCount":0,"PageNumber":1,"PageSize":10,"TotalPages":0,"HasPreviousPage":false,"HasNextPage":false,"$type":"PagedResult`1"}
2026-06-14 16:52:31.132 +05:30 [INF] HTTP GET /api/v1/leaves/employee/7 responded 200 in 42.3178 ms
2026-06-14 16:52:33.058 +05:30 [INF] HTTP OPTIONS /api/v1/announcements responded 204 in 0.0284 ms
2026-06-14 16:52:33.073 +05:30 [INF] WMS Request: GetAnnouncementsQuery {"IsActive":null,"PageNumber":1,"PageSize":10,"$type":"GetAnnouncementsQuery"}
2026-06-14 16:52:33.103 +05:30 [INF] WMS Response: GetAnnouncementsQuery {"Items":[{"AnnouncementId":2,"Title":"Holiday","Message":"Office holiday next week yesss","CreatedBy":1,"CreatedByName":"Hardik Patel","CreatedOn":"2026-06-13T02:26:06.7300000","IsActive":false,"$type":"AnnouncementDto"},{"AnnouncementId":3,"Title":"Meeting","Message":"Monthly review meeting","CreatedBy":1,"CreatedByName":"Hardik Patel","CreatedOn":"2026-06-13T02:26:06.7300000","IsActive":true,"$type":"AnnouncementDto"},{"AnnouncementId":4,"Title":"Policy Update","Message":"New HR policy released","CreatedBy":1,"CreatedByName":"Hardik Patel","CreatedOn":"2026-06-13T02:26:06.7300000","IsActive":true,"$type":"AnnouncementDto"},{"AnnouncementId":5,"Title":"Training","Message":"AI training scheduled","CreatedBy":1,"CreatedByName":"Hardik Patel","CreatedOn":"2026-06-13T02:26:06.7300000","IsActive":true,"$type":"AnnouncementDto"}],"TotalCount":4,"PageNumber":1,"PageSize":10,"TotalPages":1,"HasPreviousPage":false,"HasNextPage":false,"$type":"PagedResult`1"}
2026-06-14 16:52:33.146 +05:30 [INF] HTTP GET /api/v1/announcements responded 200 in 75.0613 ms
2026-06-14 16:53:24.480 +05:30 [INF] HTTP OPTIONS /api/v1/attendance/employee/7/monthly responded 204 in 0.0250 ms
2026-06-14 16:53:24.482 +05:30 [INF] HTTP OPTIONS /api/v1/leaves/employee/7 responded 204 in 0.0360 ms
2026-06-14 16:53:24.488 +05:30 [INF] WMS Request: GetMonthlyAttendanceQuery {"EmployeeId":7,"Year":2026,"Month":6,"$type":"GetMonthlyAttendanceQuery"}
2026-06-14 16:53:24.492 +05:30 [INF] WMS Request: GetLeavesByEmployeeQuery {"EmployeeId":7,"PageNumber":1,"PageSize":10,"$type":"GetLeavesByEmployeeQuery"}
2026-06-14 16:53:24.507 +05:30 [INF] WMS Response: GetMonthlyAttendanceQuery [{"AttendanceId":11,"EmpId":7,"EmployeeName":null,"CheckIn":"2026-06-14T09:29:31.4453900","CheckOut":"2026-06-14T09:29:42.4411016","TotalHours":0,"WorkMode":"WFH","AttendanceDate":"2026-06-14T00:00:00.0000000","Status":"Complete","$type":"AttendanceDto"}]
2026-06-14 16:53:24.513 +05:30 [INF] WMS Response: GetLeavesByEmployeeQuery {"Items":[],"TotalCount":0,"PageNumber":1,"PageSize":10,"TotalPages":0,"HasPreviousPage":false,"HasNextPage":false,"$type":"PagedResult`1"}
2026-06-14 16:53:24.516 +05:30 [INF] HTTP GET /api/v1/attendance/employee/7/monthly responded 200 in 28.8646 ms
2026-06-14 16:53:24.526 +05:30 [INF] HTTP GET /api/v1/leaves/employee/7 responded 200 in 33.9034 ms
2026-06-14 16:53:32.913 +05:30 [INF] HTTP OPTIONS /api/v1/leaves/employee/7 responded 204 in 0.0580 ms
2026-06-14 16:53:32.922 +05:30 [INF] WMS Request: GetLeavesByEmployeeQuery {"EmployeeId":7,"PageNumber":1,"PageSize":10,"$type":"GetLeavesByEmployeeQuery"}
2026-06-14 16:53:32.942 +05:30 [INF] WMS Response: GetLeavesByEmployeeQuery {"Items":[],"TotalCount":0,"PageNumber":1,"PageSize":10,"TotalPages":0,"HasPreviousPage":false,"HasNextPage":false,"$type":"PagedResult`1"}
2026-06-14 16:53:32.958 +05:30 [INF] HTTP GET /api/v1/leaves/employee/7 responded 200 in 36.7631 ms
2026-06-14 16:53:51.649 +05:30 [INF] HTTP OPTIONS /api/v1/leaves/apply responded 204 in 0.1145 ms
2026-06-14 16:53:51.671 +05:30 [INF] WMS Request: ApplyLeaveCommand {"Dto":{"EmpId":7,"LeaveType":"Sick","Reason":"hgvddb","FromDate":"2026-08-07T00:00:00.0000000","ToDate":"2026-08-09T00:00:00.0000000","$type":"ApplyLeaveDto"},"$type":"ApplyLeaveCommand"}
2026-06-14 16:53:51.729 +05:30 [INF] WMS Response: ApplyLeaveCommand {"LeaveId":14,"EmpId":7,"EmployeeName":"","LeaveType":"Sick","Reason":"hgvddb","FromDate":"2026-08-07T00:00:00.0000000","ToDate":"2026-08-09T00:00:00.0000000","TotalDays":3,"Status":"Pending","AppliedOn":"2026-06-14T11:23:51.7171746Z","ApprovedBy":null,"ApproverName":null,"ApprovedOn":null,"$type":"LeaveDto"}
2026-06-14 16:53:51.743 +05:30 [INF] HTTP POST /api/v1/leaves/apply responded 200 in 82.5166 ms
2026-06-14 16:53:51.759 +05:30 [INF] HTTP OPTIONS /api/v1/leaves/employee/7 responded 204 in 0.0284 ms
2026-06-14 16:53:51.768 +05:30 [INF] WMS Request: GetLeavesByEmployeeQuery {"EmployeeId":7,"PageNumber":1,"PageSize":10,"$type":"GetLeavesByEmployeeQuery"}
2026-06-14 16:53:51.787 +05:30 [INF] WMS Response: GetLeavesByEmployeeQuery {"Items":[{"LeaveId":14,"EmpId":7,"EmployeeName":"","LeaveType":"Sick","Reason":"hgvddb","FromDate":"2026-08-07T00:00:00.0000000","ToDate":"2026-08-09T00:00:00.0000000","TotalDays":3,"Status":"Pending","AppliedOn":"2026-06-14T11:23:51.7171746","ApprovedBy":null,"ApproverName":null,"ApprovedOn":null,"$type":"LeaveDto"}],"TotalCount":1,"PageNumber":1,"PageSize":10,"TotalPages":1,"HasPreviousPage":false,"HasNextPage":false,"$type":"PagedResult`1"}
2026-06-14 16:53:51.806 +05:30 [INF] HTTP GET /api/v1/leaves/employee/7 responded 200 in 40.2386 ms
2026-06-14 16:54:00.924 +05:30 [INF] HTTP OPTIONS /api/v1/attendance/employee/7/monthly responded 204 in 0.0348 ms
2026-06-14 16:54:00.927 +05:30 [INF] HTTP OPTIONS /api/v1/leaves/employee/7 responded 204 in 0.0288 ms
2026-06-14 16:54:00.932 +05:30 [INF] WMS Request: GetMonthlyAttendanceQuery {"EmployeeId":7,"Year":2026,"Month":6,"$type":"GetMonthlyAttendanceQuery"}
2026-06-14 16:54:00.944 +05:30 [INF] WMS Request: GetLeavesByEmployeeQuery {"EmployeeId":7,"PageNumber":1,"PageSize":10,"$type":"GetLeavesByEmployeeQuery"}
2026-06-14 16:54:00.974 +05:30 [INF] WMS Response: GetMonthlyAttendanceQuery [{"AttendanceId":11,"EmpId":7,"EmployeeName":null,"CheckIn":"2026-06-14T09:29:31.4453900","CheckOut":"2026-06-14T09:29:42.4411016","TotalHours":0,"WorkMode":"WFH","AttendanceDate":"2026-06-14T00:00:00.0000000","Status":"Complete","$type":"AttendanceDto"}]
2026-06-14 16:54:00.975 +05:30 [INF] WMS Response: GetLeavesByEmployeeQuery {"Items":[{"LeaveId":14,"EmpId":7,"EmployeeName":"","LeaveType":"Sick","Reason":"hgvddb","FromDate":"2026-08-07T00:00:00.0000000","ToDate":"2026-08-09T00:00:00.0000000","TotalDays":3,"Status":"Pending","AppliedOn":"2026-06-14T11:23:51.7171746","ApprovedBy":null,"ApproverName":null,"ApprovedOn":null,"$type":"LeaveDto"}],"TotalCount":1,"PageNumber":1,"PageSize":10,"TotalPages":1,"HasPreviousPage":false,"HasNextPage":false,"$type":"PagedResult`1"}
2026-06-14 16:54:00.983 +05:30 [INF] HTTP GET /api/v1/attendance/employee/7/monthly responded 200 in 51.1003 ms
2026-06-14 16:54:01.005 +05:30 [INF] HTTP GET /api/v1/leaves/employee/7 responded 200 in 65.6950 ms
2026-06-14 16:55:01.961 +05:30 [INF] HTTP OPTIONS /api/v1/attendance/employee/7/monthly responded 204 in 0.1107 ms
2026-06-14 16:55:01.973 +05:30 [INF] WMS Request: GetMonthlyAttendanceQuery {"EmployeeId":7,"Year":2026,"Month":6,"$type":"GetMonthlyAttendanceQuery"}
2026-06-14 16:55:01.998 +05:30 [INF] WMS Response: GetMonthlyAttendanceQuery [{"AttendanceId":11,"EmpId":7,"EmployeeName":null,"CheckIn":"2026-06-14T09:29:31.4453900","CheckOut":"2026-06-14T09:29:42.4411016","TotalHours":0,"WorkMode":"WFH","AttendanceDate":"2026-06-14T00:00:00.0000000","Status":"Complete","$type":"AttendanceDto"}]
2026-06-14 16:55:02.017 +05:30 [INF] HTTP GET /api/v1/attendance/employee/7/monthly responded 200 in 45.1121 ms
2026-06-14 16:55:06.946 +05:30 [INF] HTTP OPTIONS /api/v1/attendance/check-in responded 204 in 0.1138 ms
2026-06-14 16:55:06.958 +05:30 [INF] WMS Request: CheckInCommand {"Dto":{"EmpId":7,"WorkMode":"WFH","$type":"CheckInDto"},"$type":"CheckInCommand"}
2026-06-14 16:55:06.992 +05:30 [ERR] HTTP POST /api/v1/attendance/check-in responded 500 in 41.1544 ms
WMS.Application.Common.Exceptions.ConflictException: Employee has already checked in today.
   at WMS.Application.Features.Attendance.Commands.CheckInCommandHandler.Handle(CheckInCommand request, CancellationToken ct) in C:\Users\Hardik\Desktop\WMS-Solution\src\WMS.Application\Features\Attendance\Commands\CheckInCommand.cs:line 25
   at WMS.Application.Common.Behaviours.PerformanceBehaviour`2.Handle(TRequest request, RequestHandlerDelegate`1 next, CancellationToken ct) in C:\Users\Hardik\Desktop\WMS-Solution\src\WMS.Application\Common\Behaviours\PerformanceBehaviour.cs:line 22
   at WMS.Application.Common.Behaviours.ValidationBehaviour`2.Handle(TRequest request, RequestHandlerDelegate`1 next, CancellationToken ct) in C:\Users\Hardik\Desktop\WMS-Solution\src\WMS.Application\Common\Behaviours\ValidationBehaviour.cs:line 20
   at WMS.Application.Common.Behaviours.LoggingBehaviour`2.Handle(TRequest request, RequestHandlerDelegate`1 next, CancellationToken ct) in C:\Users\Hardik\Desktop\WMS-Solution\src\WMS.Application\Common\Behaviours\LoggingBehaviour.cs:line 22
   at WMS.API.Controllers.v1.AttendanceController.CheckIn(CheckInDto dto, CancellationToken ct) in C:\Users\Hardik\Desktop\WMS-Solution\src\WMS.API\Controllers\v1\AttendanceController.cs:line 25
   at Microsoft.AspNetCore.Mvc.Infrastructure.ActionMethodExecutor.TaskOfIActionResultExecutor.Execute(ActionContext actionContext, IActionResultTypeMapper mapper, ObjectMethodExecutor executor, Object controller, Object[] arguments)
   at Microsoft.AspNetCore.Mvc.Infrastructure.ControllerActionInvoker.<InvokeActionMethodAsync>g__Awaited|12_0(ControllerActionInvoker invoker, ValueTask`1 actionResultValueTask)
   at Microsoft.AspNetCore.Mvc.Infrastructure.ControllerActionInvoker.<InvokeNextActionFilterAsync>g__Awaited|10_0(ControllerActionInvoker invoker, Task lastTask, State next, Scope scope, Object state, Boolean isCompleted)
   at Microsoft.AspNetCore.Mvc.Infrastructure.ControllerActionInvoker.Rethrow(ActionExecutedContextSealed context)
   at Microsoft.AspNetCore.Mvc.Infrastructure.ControllerActionInvoker.Next(State& next, Scope& scope, Object& state, Boolean& isCompleted)
   at Microsoft.AspNetCore.Mvc.Infrastructure.ControllerActionInvoker.<InvokeInnerFilterAsync>g__Awaited|13_0(ControllerActionInvoker invoker, Task lastTask, State next, Scope scope, Object state, Boolean isCompleted)
   at Microsoft.AspNetCore.Mvc.Infrastructure.ResourceInvoker.<InvokeFilterPipelineAsync>g__Awaited|20_0(ResourceInvoker invoker, Task lastTask, State next, Scope scope, Object state, Boolean isCompleted)
   at Microsoft.AspNetCore.Mvc.Infrastructure.ResourceInvoker.<InvokeAsync>g__Awaited|17_0(ResourceInvoker invoker, Task task, IDisposable scope)
   at Microsoft.AspNetCore.Mvc.Infrastructure.ResourceInvoker.<InvokeAsync>g__Awaited|17_0(ResourceInvoker invoker, Task task, IDisposable scope)
   at Microsoft.AspNetCore.Authorization.AuthorizationMiddleware.Invoke(HttpContext context)
   at Microsoft.AspNetCore.Authentication.AuthenticationMiddleware.Invoke(HttpContext context)
   at Serilog.AspNetCore.RequestLoggingMiddleware.Invoke(HttpContext httpContext)
2026-06-14 16:55:07.055 +05:30 [ERR] An unhandled exception occurred: Employee has already checked in today.
WMS.Application.Common.Exceptions.ConflictException: Employee has already checked in today.
   at WMS.Application.Features.Attendance.Commands.CheckInCommandHandler.Handle(CheckInCommand request, CancellationToken ct) in C:\Users\Hardik\Desktop\WMS-Solution\src\WMS.Application\Features\Attendance\Commands\CheckInCommand.cs:line 25
   at WMS.Application.Common.Behaviours.PerformanceBehaviour`2.Handle(TRequest request, RequestHandlerDelegate`1 next, CancellationToken ct) in C:\Users\Hardik\Desktop\WMS-Solution\src\WMS.Application\Common\Behaviours\PerformanceBehaviour.cs:line 22
   at WMS.Application.Common.Behaviours.ValidationBehaviour`2.Handle(TRequest request, RequestHandlerDelegate`1 next, CancellationToken ct) in C:\Users\Hardik\Desktop\WMS-Solution\src\WMS.Application\Common\Behaviours\ValidationBehaviour.cs:line 20
   at WMS.Application.Common.Behaviours.LoggingBehaviour`2.Handle(TRequest request, RequestHandlerDelegate`1 next, CancellationToken ct) in C:\Users\Hardik\Desktop\WMS-Solution\src\WMS.Application\Common\Behaviours\LoggingBehaviour.cs:line 22
   at WMS.API.Controllers.v1.AttendanceController.CheckIn(CheckInDto dto, CancellationToken ct) in C:\Users\Hardik\Desktop\WMS-Solution\src\WMS.API\Controllers\v1\AttendanceController.cs:line 25
   at Microsoft.AspNetCore.Mvc.Infrastructure.ActionMethodExecutor.TaskOfIActionResultExecutor.Execute(ActionContext actionContext, IActionResultTypeMapper mapper, ObjectMethodExecutor executor, Object controller, Object[] arguments)
   at Microsoft.AspNetCore.Mvc.Infrastructure.ControllerActionInvoker.<InvokeActionMethodAsync>g__Awaited|12_0(ControllerActionInvoker invoker, ValueTask`1 actionResultValueTask)
   at Microsoft.AspNetCore.Mvc.Infrastructure.ControllerActionInvoker.<InvokeNextActionFilterAsync>g__Awaited|10_0(ControllerActionInvoker invoker, Task lastTask, State next, Scope scope, Object state, Boolean isCompleted)
   at Microsoft.AspNetCore.Mvc.Infrastructure.ControllerActionInvoker.Rethrow(ActionExecutedContextSealed context)
   at Microsoft.AspNetCore.Mvc.Infrastructure.ControllerActionInvoker.Next(State& next, Scope& scope, Object& state, Boolean& isCompleted)
   at Microsoft.AspNetCore.Mvc.Infrastructure.ControllerActionInvoker.<InvokeInnerFilterAsync>g__Awaited|13_0(ControllerActionInvoker invoker, Task lastTask, State next, Scope scope, Object state, Boolean isCompleted)
   at Microsoft.AspNetCore.Mvc.Infrastructure.ResourceInvoker.<InvokeFilterPipelineAsync>g__Awaited|20_0(ResourceInvoker invoker, Task lastTask, State next, Scope scope, Object state, Boolean isCompleted)
   at Microsoft.AspNetCore.Mvc.Infrastructure.ResourceInvoker.<InvokeAsync>g__Awaited|17_0(ResourceInvoker invoker, Task task, IDisposable scope)
   at Microsoft.AspNetCore.Mvc.Infrastructure.ResourceInvoker.<InvokeAsync>g__Awaited|17_0(ResourceInvoker invoker, Task task, IDisposable scope)
   at Microsoft.AspNetCore.Authorization.AuthorizationMiddleware.Invoke(HttpContext context)
   at Microsoft.AspNetCore.Authentication.AuthenticationMiddleware.Invoke(HttpContext context)
   at Serilog.AspNetCore.RequestLoggingMiddleware.Invoke(HttpContext httpContext)
   at Swashbuckle.AspNetCore.SwaggerUI.SwaggerUIMiddleware.Invoke(HttpContext httpContext)
   at Swashbuckle.AspNetCore.Swagger.SwaggerMiddleware.Invoke(HttpContext httpContext, ISwaggerProvider swaggerProvider)
   at WMS.API.Middleware.GlobalExceptionMiddleware.InvokeAsync(HttpContext context) in C:\Users\Hardik\Desktop\WMS-Solution\src\WMS.API\Middleware\GlobalExceptionMiddleware.cs:line 26
2026-06-14 16:57:23.934 +05:30 [INF] HTTP OPTIONS /api/v1/leaves/employee/7 responded 204 in 4.1209 ms
2026-06-14 16:57:24.008 +05:30 [INF] WMS Request: GetLeavesByEmployeeQuery {"EmployeeId":7,"PageNumber":1,"PageSize":10,"$type":"GetLeavesByEmployeeQuery"}
2026-06-14 16:57:24.289 +05:30 [INF] WMS Response: GetLeavesByEmployeeQuery {"Items":[{"LeaveId":14,"EmpId":7,"EmployeeName":"","LeaveType":"Sick","Reason":"hgvddb","FromDate":"2026-08-07T00:00:00.0000000","ToDate":"2026-08-09T00:00:00.0000000","TotalDays":3,"Status":"Pending","AppliedOn":"2026-06-14T11:23:51.7171746","ApprovedBy":null,"ApproverName":null,"ApprovedOn":null,"$type":"LeaveDto"}],"TotalCount":1,"PageNumber":1,"PageSize":10,"TotalPages":1,"HasPreviousPage":false,"HasNextPage":false,"$type":"PagedResult`1"}
2026-06-14 16:57:24.321 +05:30 [INF] HTTP GET /api/v1/leaves/employee/7 responded 200 in 355.4518 ms
2026-06-14 16:57:25.474 +05:30 [INF] HTTP OPTIONS /api/v1/announcements responded 204 in 0.0465 ms
2026-06-14 16:57:25.487 +05:30 [INF] WMS Request: GetAnnouncementsQuery {"IsActive":null,"PageNumber":1,"PageSize":10,"$type":"GetAnnouncementsQuery"}
2026-06-14 16:57:25.562 +05:30 [INF] WMS Response: GetAnnouncementsQuery {"Items":[{"AnnouncementId":2,"Title":"Holiday","Message":"Office holiday next week yesss","CreatedBy":1,"CreatedByName":"Hardik Patel","CreatedOn":"2026-06-13T02:26:06.7300000","IsActive":false,"$type":"AnnouncementDto"},{"AnnouncementId":3,"Title":"Meeting","Message":"Monthly review meeting","CreatedBy":1,"CreatedByName":"Hardik Patel","CreatedOn":"2026-06-13T02:26:06.7300000","IsActive":true,"$type":"AnnouncementDto"},{"AnnouncementId":4,"Title":"Policy Update","Message":"New HR policy released","CreatedBy":1,"CreatedByName":"Hardik Patel","CreatedOn":"2026-06-13T02:26:06.7300000","IsActive":true,"$type":"AnnouncementDto"},{"AnnouncementId":5,"Title":"Training","Message":"AI training scheduled","CreatedBy":1,"CreatedByName":"Hardik Patel","CreatedOn":"2026-06-13T02:26:06.7300000","IsActive":true,"$type":"AnnouncementDto"}],"TotalCount":4,"PageNumber":1,"PageSize":10,"TotalPages":1,"HasPreviousPage":false,"HasNextPage":false,"$type":"PagedResult`1"}
2026-06-14 16:57:25.621 +05:30 [INF] HTTP GET /api/v1/announcements responded 200 in 138.4060 ms
2026-06-14 16:57:26.404 +05:30 [INF] HTTP OPTIONS /api/v1/attendance/employee/7/monthly responded 204 in 0.0328 ms
2026-06-14 16:57:26.410 +05:30 [INF] WMS Request: GetLeavesByEmployeeQuery {"EmployeeId":7,"PageNumber":1,"PageSize":10,"$type":"GetLeavesByEmployeeQuery"}
2026-06-14 16:57:26.412 +05:30 [INF] WMS Request: GetMonthlyAttendanceQuery {"EmployeeId":7,"Year":2026,"Month":6,"$type":"GetMonthlyAttendanceQuery"}
2026-06-14 16:57:26.437 +05:30 [INF] WMS Response: GetLeavesByEmployeeQuery {"Items":[{"LeaveId":14,"EmpId":7,"EmployeeName":"","LeaveType":"Sick","Reason":"hgvddb","FromDate":"2026-08-07T00:00:00.0000000","ToDate":"2026-08-09T00:00:00.0000000","TotalDays":3,"Status":"Pending","AppliedOn":"2026-06-14T11:23:51.7171746","ApprovedBy":null,"ApproverName":null,"ApprovedOn":null,"$type":"LeaveDto"}],"TotalCount":1,"PageNumber":1,"PageSize":10,"TotalPages":1,"HasPreviousPage":false,"HasNextPage":false,"$type":"PagedResult`1"}
2026-06-14 16:57:26.462 +05:30 [INF] HTTP GET /api/v1/leaves/employee/7 responded 200 in 52.6080 ms
2026-06-14 16:57:26.463 +05:30 [INF] WMS Response: GetMonthlyAttendanceQuery [{"AttendanceId":11,"EmpId":7,"EmployeeName":null,"CheckIn":"2026-06-14T09:29:31.4453900","CheckOut":"2026-06-14T09:29:42.4411016","TotalHours":0,"WorkMode":"WFH","AttendanceDate":"2026-06-14T00:00:00.0000000","Status":"Complete","$type":"AttendanceDto"}]
2026-06-14 16:57:26.475 +05:30 [INF] HTTP GET /api/v1/attendance/employee/7/monthly responded 200 in 65.1938 ms
2026-06-14 17:02:34.405 +05:30 [INF] HTTP OPTIONS /api/v1/attendance/employee/7/monthly responded 204 in 1.5598 ms
2026-06-14 17:02:34.405 +05:30 [INF] HTTP OPTIONS /api/v1/leaves/employee/7 responded 204 in 1.5244 ms
2026-06-14 17:02:34.453 +05:30 [INF] WMS Request: GetLeavesByEmployeeQuery {"EmployeeId":7,"PageNumber":1,"PageSize":10,"$type":"GetLeavesByEmployeeQuery"}
2026-06-14 17:02:34.453 +05:30 [INF] WMS Request: GetMonthlyAttendanceQuery {"EmployeeId":7,"Year":2026,"Month":6,"$type":"GetMonthlyAttendanceQuery"}
2026-06-14 17:02:34.786 +05:30 [INF] WMS Response: GetMonthlyAttendanceQuery [{"AttendanceId":11,"EmpId":7,"EmployeeName":null,"CheckIn":"2026-06-14T09:29:31.4453900","CheckOut":"2026-06-14T09:29:42.4411016","TotalHours":0,"WorkMode":"WFH","AttendanceDate":"2026-06-14T00:00:00.0000000","Status":"Complete","$type":"AttendanceDto"}]
2026-06-14 17:02:34.807 +05:30 [INF] HTTP GET /api/v1/attendance/employee/7/monthly responded 200 in 379.8937 ms
2026-06-14 17:02:34.848 +05:30 [INF] WMS Response: GetLeavesByEmployeeQuery {"Items":[{"LeaveId":14,"EmpId":7,"EmployeeName":"","LeaveType":"Sick","Reason":"hgvddb","FromDate":"2026-08-07T00:00:00.0000000","ToDate":"2026-08-09T00:00:00.0000000","TotalDays":3,"Status":"Pending","AppliedOn":"2026-06-14T11:23:51.7171746","ApprovedBy":null,"ApproverName":null,"ApprovedOn":null,"$type":"LeaveDto"}],"TotalCount":1,"PageNumber":1,"PageSize":10,"TotalPages":1,"HasPreviousPage":false,"HasNextPage":false,"$type":"PagedResult`1"}
2026-06-14 17:02:34.874 +05:30 [INF] HTTP GET /api/v1/leaves/employee/7 responded 200 in 447.8295 ms
2026-06-14 17:03:32.022 +05:30 [INF] HTTP OPTIONS /api/v1/auth/login responded 204 in 3.2767 ms
2026-06-14 17:03:32.078 +05:30 [INF] WMS Request: LoginCommand {"Username":"pulkit","Password":"Pulkit@123","$type":"LoginCommand"}
2026-06-14 17:03:32.839 +05:30 [WRN] WMS Long Running Request: LoginCommand (735ms) {"Username":"pulkit","Password":"Pulkit@123","$type":"LoginCommand"}
2026-06-14 17:03:32.850 +05:30 [INF] WMS Response: LoginCommand {"AccessToken":"eyJhbGciOiJIUzI1NiIsInR5cCI6IkpXVCJ9.eyJzdWIiOiI3IiwidW5pcXVlX25hbWUiOiJwdWxraXQiLCJodHRwOi8vc2NoZW1hcy5taWNyb3NvZnQuY29tL3dzLzIwMDgvMDYvaWRlbnRpdHkvY2xhaW1zL3JvbGUiOiJFbXBsb3llZSIsImVtcGxveWVlSWQiOiI3IiwianRpIjoiNWQxODFjYjctYjRkYy00NjA3LWJkYzQtMGViNzQyMDI2NDE4IiwiZXhwIjoxNzgxNDQwNDEyLCJpc3MiOiJXTVMuQVBJIiwiYXVkIjoiV01TLkNsaWVudCJ9.O4BaXJVnmRdCpjHZH9IH0blvZQF4wefuoe_vNXawCg4","RefreshToken":"0XDcDI6H+hosnXOBJh6gvc7I3O2vJKOIgQ3p9stmMdfqNqjmAjMY/cJNZCs2OCrdUAqaXoaLQ4HhP8hhiFUChQ==","ExpiresAt":"2026-06-14T12:33:32.8372669Z","Username":"pulkit","Role":"Employee","EmployeeId":7,"$type":"LoginResponse"}
2026-06-14 17:03:32.870 +05:30 [INF] HTTP POST /api/v1/auth/login responded 200 in 833.9252 ms
2026-06-14 17:03:32.917 +05:30 [INF] HTTP OPTIONS /api/v1/attendance/employee/7/monthly responded 204 in 0.0428 ms
2026-06-14 17:03:32.926 +05:30 [INF] HTTP OPTIONS /api/v1/leaves/employee/7 responded 204 in 0.0540 ms
2026-06-14 17:03:32.935 +05:30 [INF] WMS Request: GetLeavesByEmployeeQuery {"EmployeeId":7,"PageNumber":1,"PageSize":10,"$type":"GetLeavesByEmployeeQuery"}
2026-06-14 17:03:32.935 +05:30 [INF] WMS Request: GetMonthlyAttendanceQuery {"EmployeeId":7,"Year":2026,"Month":6,"$type":"GetMonthlyAttendanceQuery"}
2026-06-14 17:03:32.982 +05:30 [INF] WMS Response: GetMonthlyAttendanceQuery [{"AttendanceId":11,"EmpId":7,"EmployeeName":null,"CheckIn":"2026-06-14T09:29:31.4453900","CheckOut":"2026-06-14T09:29:42.4411016","TotalHours":0,"WorkMode":"WFH","AttendanceDate":"2026-06-14T00:00:00.0000000","Status":"Complete","$type":"AttendanceDto"}]
2026-06-14 17:03:32.997 +05:30 [INF] HTTP GET /api/v1/attendance/employee/7/monthly responded 200 in 65.4687 ms
2026-06-14 17:03:33.020 +05:30 [INF] WMS Response: GetLeavesByEmployeeQuery {"Items":[{"LeaveId":14,"EmpId":7,"EmployeeName":"","LeaveType":"Sick","Reason":"hgvddb","FromDate":"2026-08-07T00:00:00.0000000","ToDate":"2026-08-09T00:00:00.0000000","TotalDays":3,"Status":"Pending","AppliedOn":"2026-06-14T11:23:51.7171746","ApprovedBy":null,"ApproverName":null,"ApprovedOn":null,"$type":"LeaveDto"}],"TotalCount":1,"PageNumber":1,"PageSize":10,"TotalPages":1,"HasPreviousPage":false,"HasNextPage":false,"$type":"PagedResult`1"}
2026-06-14 17:03:33.040 +05:30 [INF] HTTP GET /api/v1/leaves/employee/7 responded 200 in 106.1983 ms
2026-06-14 17:30:55.570 +05:30 [INF] HTTP OPTIONS /api/v1/auth/login responded 204 in 2.3747 ms
2026-06-14 17:30:55.622 +05:30 [INF] WMS Request: LoginCommand {"Username":"pulkit","Password":"Pulkit@123","$type":"LoginCommand"}
2026-06-14 17:30:56.513 +05:30 [WRN] WMS Long Running Request: LoginCommand (882ms) {"Username":"pulkit","Password":"Pulkit@123","$type":"LoginCommand"}
2026-06-14 17:30:56.519 +05:30 [INF] WMS Response: LoginCommand {"AccessToken":"eyJhbGciOiJIUzI1NiIsInR5cCI6IkpXVCJ9.eyJzdWIiOiI3IiwidW5pcXVlX25hbWUiOiJwdWxraXQiLCJodHRwOi8vc2NoZW1hcy5taWNyb3NvZnQuY29tL3dzLzIwMDgvMDYvaWRlbnRpdHkvY2xhaW1zL3JvbGUiOiJFbXBsb3llZSIsImVtcGxveWVlSWQiOiI3IiwianRpIjoiYjk4MTNlYWMtMWNjYi00ZDVhLWFlOGItMTQ4ZGE4NzkzMzZiIiwiZXhwIjoxNzgxNDQyMDU2LCJpc3MiOiJXTVMuQVBJIiwiYXVkIjoiV01TLkNsaWVudCJ9.13-PFePMgalEKoh9FUuZAoEqgzdgCvvr8CoG6hk4-WI","RefreshToken":"NZzTxD58hokE/zF05WKmgPEwbuBJ5Mo1zr5TQODXOjKomWbGo1zSoRIK5evZik8IBBl7RSiVNufQb+SH7tKvQQ==","ExpiresAt":"2026-06-14T13:00:56.5126969Z","Username":"pulkit","Role":"Employee","EmployeeId":7,"$type":"LoginResponse"}
2026-06-14 17:30:56.527 +05:30 [INF] HTTP POST /api/v1/auth/login responded 200 in 936.1376 ms
2026-06-14 17:30:56.601 +05:30 [INF] HTTP OPTIONS /api/v1/attendance/employee/7/monthly responded 204 in 0.0505 ms
2026-06-14 17:30:56.605 +05:30 [INF] HTTP OPTIONS /api/v1/leaves/employee/7 responded 204 in 0.0344 ms
2026-06-14 17:30:56.610 +05:30 [INF] WMS Request: GetMonthlyAttendanceQuery {"EmployeeId":7,"Year":2026,"Month":6,"$type":"GetMonthlyAttendanceQuery"}
2026-06-14 17:30:56.612 +05:30 [INF] WMS Request: GetLeavesByEmployeeQuery {"EmployeeId":7,"PageNumber":1,"PageSize":10,"$type":"GetLeavesByEmployeeQuery"}
2026-06-14 17:30:56.633 +05:30 [INF] WMS Response: GetMonthlyAttendanceQuery [{"AttendanceId":11,"EmpId":7,"EmployeeName":null,"CheckIn":"2026-06-14T09:29:31.4453900","CheckOut":"2026-06-14T09:29:42.4411016","TotalHours":0,"WorkMode":"WFH","AttendanceDate":"2026-06-14T00:00:00.0000000","Status":"Complete","$type":"AttendanceDto"}]
2026-06-14 17:30:56.645 +05:30 [INF] HTTP GET /api/v1/attendance/employee/7/monthly responded 200 in 37.4300 ms
2026-06-14 17:30:56.673 +05:30 [INF] WMS Response: GetLeavesByEmployeeQuery {"Items":[{"LeaveId":14,"EmpId":7,"EmployeeName":"","LeaveType":"Sick","Reason":"hgvddb","FromDate":"2026-08-07T00:00:00.0000000","ToDate":"2026-08-09T00:00:00.0000000","TotalDays":3,"Status":"Pending","AppliedOn":"2026-06-14T11:23:51.7171746","ApprovedBy":null,"ApproverName":null,"ApprovedOn":null,"$type":"LeaveDto"}],"TotalCount":1,"PageNumber":1,"PageSize":10,"TotalPages":1,"HasPreviousPage":false,"HasNextPage":false,"$type":"PagedResult`1"}
2026-06-14 17:30:56.707 +05:30 [INF] HTTP GET /api/v1/leaves/employee/7 responded 200 in 96.0920 ms
2026-06-14 17:31:00.445 +05:30 [INF] HTTP OPTIONS /api/v1/announcements responded 204 in 0.0437 ms
2026-06-14 17:31:00.455 +05:30 [INF] WMS Request: GetAnnouncementsQuery {"IsActive":null,"PageNumber":1,"PageSize":10,"$type":"GetAnnouncementsQuery"}
2026-06-14 17:31:00.499 +05:30 [INF] WMS Response: GetAnnouncementsQuery {"Items":[{"AnnouncementId":2,"Title":"Holiday","Message":"Office holiday next week yesss","CreatedBy":1,"CreatedByName":"Hardik Patel","CreatedOn":"2026-06-13T02:26:06.7300000","IsActive":false,"$type":"AnnouncementDto"},{"AnnouncementId":3,"Title":"Meeting","Message":"Monthly review meeting","CreatedBy":1,"CreatedByName":"Hardik Patel","CreatedOn":"2026-06-13T02:26:06.7300000","IsActive":true,"$type":"AnnouncementDto"},{"AnnouncementId":4,"Title":"Policy Update","Message":"New HR policy released","CreatedBy":1,"CreatedByName":"Hardik Patel","CreatedOn":"2026-06-13T02:26:06.7300000","IsActive":true,"$type":"AnnouncementDto"},{"AnnouncementId":5,"Title":"Training","Message":"AI training scheduled","CreatedBy":1,"CreatedByName":"Hardik Patel","CreatedOn":"2026-06-13T02:26:06.7300000","IsActive":true,"$type":"AnnouncementDto"}],"TotalCount":4,"PageNumber":1,"PageSize":10,"TotalPages":1,"HasPreviousPage":false,"HasNextPage":false,"$type":"PagedResult`1"}
2026-06-14 17:31:00.543 +05:30 [INF] HTTP GET /api/v1/announcements responded 200 in 90.7953 ms
2026-06-14 17:31:19.876 +05:30 [INF] HTTP OPTIONS /api/v1/auth/login responded 204 in 0.0263 ms
2026-06-14 17:31:19.881 +05:30 [INF] WMS Request: LoginCommand {"Username":"pulkit","Password":"Pulkit@123","$type":"LoginCommand"}
2026-06-14 17:31:20.297 +05:30 [INF] WMS Response: LoginCommand {"AccessToken":"eyJhbGciOiJIUzI1NiIsInR5cCI6IkpXVCJ9.eyJzdWIiOiI3IiwidW5pcXVlX25hbWUiOiJwdWxraXQiLCJodHRwOi8vc2NoZW1hcy5taWNyb3NvZnQuY29tL3dzLzIwMDgvMDYvaWRlbnRpdHkvY2xhaW1zL3JvbGUiOiJFbXBsb3llZSIsImVtcGxveWVlSWQiOiI3IiwianRpIjoiM2Y1MWZlMTQtYTViYS00M2I0LWJmM2UtMTM3NmUxZTM0ODg1IiwiZXhwIjoxNzgxNDQyMDgwLCJpc3MiOiJXTVMuQVBJIiwiYXVkIjoiV01TLkNsaWVudCJ9.ah6t9smiSs82VPW2BS5nswnHtfhujJ1sEhGFul1y8eg","RefreshToken":"ucU/KhovfXf0BX1RtP3FjyWLB/Ck0Bqp8jzo+r5i4xjZMnWvn8nZ4GxNIHE1uLlnDs+fublOcQ+AjsMD5CdgmQ==","ExpiresAt":"2026-06-14T13:01:20.2979413Z","Username":"pulkit","Role":"Employee","EmployeeId":7,"$type":"LoginResponse"}
2026-06-14 17:31:20.305 +05:30 [INF] HTTP POST /api/v1/auth/login responded 200 in 425.0351 ms
2026-06-14 17:31:20.341 +05:30 [INF] HTTP OPTIONS /api/v1/attendance/employee/7/monthly responded 204 in 0.0208 ms
2026-06-14 17:31:20.344 +05:30 [INF] HTTP OPTIONS /api/v1/leaves/employee/7 responded 204 in 0.0322 ms
2026-06-14 17:31:20.349 +05:30 [INF] WMS Request: GetMonthlyAttendanceQuery {"EmployeeId":7,"Year":2026,"Month":6,"$type":"GetMonthlyAttendanceQuery"}
2026-06-14 17:31:20.353 +05:30 [INF] WMS Request: GetLeavesByEmployeeQuery {"EmployeeId":7,"PageNumber":1,"PageSize":10,"$type":"GetLeavesByEmployeeQuery"}
2026-06-14 17:31:20.369 +05:30 [INF] WMS Response: GetMonthlyAttendanceQuery [{"AttendanceId":11,"EmpId":7,"EmployeeName":null,"CheckIn":"2026-06-14T09:29:31.4453900","CheckOut":"2026-06-14T09:29:42.4411016","TotalHours":0,"WorkMode":"WFH","AttendanceDate":"2026-06-14T00:00:00.0000000","Status":"Complete","$type":"AttendanceDto"}]
2026-06-14 17:31:20.375 +05:30 [INF] WMS Response: GetLeavesByEmployeeQuery {"Items":[{"LeaveId":14,"EmpId":7,"EmployeeName":"","LeaveType":"Sick","Reason":"hgvddb","FromDate":"2026-08-07T00:00:00.0000000","ToDate":"2026-08-09T00:00:00.0000000","TotalDays":3,"Status":"Pending","AppliedOn":"2026-06-14T11:23:51.7171746","ApprovedBy":null,"ApproverName":null,"ApprovedOn":null,"$type":"LeaveDto"}],"TotalCount":1,"PageNumber":1,"PageSize":10,"TotalPages":1,"HasPreviousPage":false,"HasNextPage":false,"$type":"PagedResult`1"}
2026-06-14 17:31:20.380 +05:30 [INF] HTTP GET /api/v1/attendance/employee/7/monthly responded 200 in 31.4138 ms
2026-06-14 17:31:20.401 +05:30 [INF] HTTP GET /api/v1/leaves/employee/7 responded 200 in 47.7945 ms
2026-06-14 17:31:23.995 +05:30 [INF] HTTP OPTIONS /api/v1/announcements responded 204 in 0.0269 ms
2026-06-14 17:31:24.002 +05:30 [INF] WMS Request: GetAnnouncementsQuery {"IsActive":null,"PageNumber":1,"PageSize":10,"$type":"GetAnnouncementsQuery"}
2026-06-14 17:31:24.021 +05:30 [INF] WMS Response: GetAnnouncementsQuery {"Items":[{"AnnouncementId":2,"Title":"Holiday","Message":"Office holiday next week yesss","CreatedBy":1,"CreatedByName":"Hardik Patel","CreatedOn":"2026-06-13T02:26:06.7300000","IsActive":false,"$type":"AnnouncementDto"},{"AnnouncementId":3,"Title":"Meeting","Message":"Monthly review meeting","CreatedBy":1,"CreatedByName":"Hardik Patel","CreatedOn":"2026-06-13T02:26:06.7300000","IsActive":true,"$type":"AnnouncementDto"},{"AnnouncementId":4,"Title":"Policy Update","Message":"New HR policy released","CreatedBy":1,"CreatedByName":"Hardik Patel","CreatedOn":"2026-06-13T02:26:06.7300000","IsActive":true,"$type":"AnnouncementDto"},{"AnnouncementId":5,"Title":"Training","Message":"AI training scheduled","CreatedBy":1,"CreatedByName":"Hardik Patel","CreatedOn":"2026-06-13T02:26:06.7300000","IsActive":true,"$type":"AnnouncementDto"}],"TotalCount":4,"PageNumber":1,"PageSize":10,"TotalPages":1,"HasPreviousPage":false,"HasNextPage":false,"$type":"PagedResult`1"}
2026-06-14 17:31:24.058 +05:30 [INF] HTTP GET /api/v1/announcements responded 200 in 55.9866 ms
2026-06-14 17:33:30.992 +05:30 [INF] WMS Request: LoginCommand {"Username":"pulkit","Password":"Pulkit@123","$type":"LoginCommand"}
2026-06-14 17:33:31.684 +05:30 [WRN] WMS Long Running Request: LoginCommand (677ms) {"Username":"pulkit","Password":"Pulkit@123","$type":"LoginCommand"}
2026-06-14 17:33:31.693 +05:30 [INF] WMS Response: LoginCommand {"AccessToken":"eyJhbGciOiJIUzI1NiIsInR5cCI6IkpXVCJ9.eyJzdWIiOiI3IiwidW5pcXVlX25hbWUiOiJwdWxraXQiLCJodHRwOi8vc2NoZW1hcy5taWNyb3NvZnQuY29tL3dzLzIwMDgvMDYvaWRlbnRpdHkvY2xhaW1zL3JvbGUiOiJFbXBsb3llZSIsImVtcGxveWVlSWQiOiI3IiwianRpIjoiZGEzYTRjYjktZjkzMC00NDRkLWE5NjAtNDljMDZiOWI0ZjIwIiwiZXhwIjoxNzgxNDQyMjExLCJpc3MiOiJXTVMuQVBJIiwiYXVkIjoiV01TLkNsaWVudCJ9.r-OAkWtUTEEamea04RQSmjXSTwqlC-jHGZRJo0h70nk","RefreshToken":"UYKNokPr6tpo1HvF9IcFpq0rEYBnuLkzgnl5OgoYPggDY3lE34OoMTfbYbwYSqstRd3RqL3Yptun6qxQ1GA99Q==","ExpiresAt":"2026-06-14T13:03:31.6836500Z","Username":"pulkit","Role":"Employee","EmployeeId":7,"$type":"LoginResponse"}
2026-06-14 17:33:31.711 +05:30 [INF] HTTP POST /api/v1/Auth/login responded 200 in 749.1874 ms
2026-06-14 17:38:14.310 +05:30 [WRN] As of ""2026-06-14T12:07:59.6840282+00:00"", the heartbeat has been running for ""00:00:02.0798092"" which is longer than ""00:00:01"". This could be caused by thread pool starvation.
2026-06-14 18:01:32.963 +05:30 [INF] HTTP OPTIONS /api/v1/auth/login responded 204 in 3.6339 ms
2026-06-14 18:01:33.023 +05:30 [INF] WMS Request: LoginCommand {"Username":"admin","Password":"Admin@123","$type":"LoginCommand"}
2026-06-14 18:01:33.861 +05:30 [WRN] WMS Long Running Request: LoginCommand (824ms) {"Username":"admin","Password":"Admin@123","$type":"LoginCommand"}
2026-06-14 18:01:33.871 +05:30 [INF] WMS Response: LoginCommand {"AccessToken":"eyJhbGciOiJIUzI1NiIsInR5cCI6IkpXVCJ9.eyJzdWIiOiIxIiwidW5pcXVlX25hbWUiOiJhZG1pbiIsImh0dHA6Ly9zY2hlbWFzLm1pY3Jvc29mdC5jb20vd3MvMjAwOC8wNi9pZGVudGl0eS9jbGFpbXMvcm9sZSI6IkFkbWluIiwiZW1wbG95ZWVJZCI6IjYiLCJqdGkiOiI4NGE5NDU4NS0zMTZmLTRjYjYtYjNjOC1kNzI0MTM0Zjg3ZjYiLCJleHAiOjE3ODE0NDM4OTMsImlzcyI6IldNUy5BUEkiLCJhdWQiOiJXTVMuQ2xpZW50In0.oyRjHhiF5zRm5gnnBallNGEbSWp_39jcedlX5Onwe5E","RefreshToken":"XOdV9j+f/oD85oduD/GR3oyoYloMMWVcMRXlCvJ3LIUnNDaWg3cQcGfD+Z4zN0McJWFpV64KNiFNrh+orPcBkA==","ExpiresAt":"2026-06-14T13:31:33.8597618Z","Username":"admin","Role":"Admin","EmployeeId":6,"$type":"LoginResponse"}
2026-06-14 18:01:33.890 +05:30 [INF] HTTP POST /api/v1/auth/login responded 200 in 908.9040 ms
2026-06-14 18:01:34.029 +05:30 [INF] HTTP OPTIONS /api/v1/dashboard/summary responded 204 in 0.0427 ms
2026-06-14 18:01:34.056 +05:30 [INF] WMS Request: GetDashboardSummaryQuery {"$type":"GetDashboardSummaryQuery"}
2026-06-14 18:01:34.294 +05:30 [INF] WMS Response: GetDashboardSummaryQuery {"TotalEmployees":8,"ActiveEmployees":6,"TotalDepartments":4,"TotalProjects":4,"ActiveProjects":3,"TotalClients":4,"TodayAttendanceCount":3,"PendingLeaves":1,"AttendanceTrend":[{"Date":"Jun 08","Present":1,"Absent":0,"WFH":1,"WFO":0,"$type":"AttendanceTrendDto"},{"Date":"Jun 09","Present":1,"Absent":0,"WFH":0,"WFO":1,"$type":"AttendanceTrendDto"},{"Date":"Jun 10","Present":1,"Absent":0,"WFH":1,"WFO":0,"$type":"AttendanceTrendDto"},{"Date":"Jun 11","Present":1,"Absent":0,"WFH":0,"WFO":1,"$type":"AttendanceTrendDto"},{"Date":"Jun 12","Present":1,"Absent":0,"WFH":1,"WFO":0,"$type":"AttendanceTrendDto"},{"Date":"Jun 13","Present":3,"Absent":0,"WFH":1,"WFO":2,"$type":"AttendanceTrendDto"},{"Date":"Jun 14","Present":3,"Absent":0,"WFH":2,"WFO":1,"$type":"AttendanceTrendDto"}],"LeaveTrend":[{"Month":"2/2026","Approved":1,"Pending":0,"Rejected":0,"$type":"LeaveTrendDto"},{"Month":"3/2026","Approved":0,"Pending":0,"Rejected":1,"$type":"LeaveTrendDto"},{"Month":"4/2026","Approved":0,"Pending":0,"Rejected":1,"$type":"LeaveTrendDto"},{"Month":"5/2026","Approved":1,"Pending":0,"Rejected":0,"$type":"LeaveTrendDto"},{"Month":"6/2026","Approved":6,"Pending":1,"Rejected":2,"$type":"LeaveTrendDto"}],"DepartmentDistribution":[{"DepartmentName":"Finance","EmployeeCount":2,"$type":"DepartmentDistributionDto"},{"DepartmentName":"Operations","EmployeeCount":2,"$type":"DepartmentDistributionDto"},{"DepartmentName":"AI-DS","EmployeeCount":1,"$type":"DepartmentDistributionDto"},{"DepartmentName":"HR","EmployeeCount":1,"$type":"DepartmentDistributionDto"}],"ProjectStatusDistribution":[{"Status":"Active","Count":3,"$type":"ProjectStatusDto"},{"Status":"Completed","Count":1,"$type":"ProjectStatusDto"}],"RecentAnnouncements":[{"AnnouncementId":3,"Title":"Meeting","Message":"Monthly review meeting","CreatedBy":0,"CreatedByName":"Hardik Patel","CreatedOn":"2026-06-13T02:26:06.7300000","IsActive":true,"$type":"AnnouncementDto"},{"AnnouncementId":4,"Title":"Policy Update","Message":"New HR policy released","CreatedBy":0,"CreatedByName":"Hardik Patel","CreatedOn":"2026-06-13T02:26:06.7300000","IsActive":true,"$type":"AnnouncementDto"},{"AnnouncementId":5,"Title":"Training","Message":"AI training scheduled","CreatedBy":0,"CreatedByName":"Hardik Patel","CreatedOn":"2026-06-13T02:26:06.7300000","IsActive":true,"$type":"AnnouncementDto"}],"$type":"DashboardSummaryDto"}
2026-06-14 18:01:34.392 +05:30 [INF] HTTP GET /api/v1/dashboard/summary responded 200 in 343.2486 ms
2026-06-14 18:01:52.582 +05:30 [INF] HTTP OPTIONS /api/v1/auth/change-password responded 204 in 0.1433 ms
2026-06-14 18:01:53.006 +05:30 [INF] HTTP POST /api/v1/auth/change-password responded 400 in 417.4996 ms
2026-06-14 18:02:13.405 +05:30 [INF] HTTP OPTIONS /api/v1/dashboard/summary responded 204 in 0.0263 ms
2026-06-14 18:02:13.411 +05:30 [INF] WMS Request: GetDashboardSummaryQuery {"$type":"GetDashboardSummaryQuery"}
2026-06-14 18:02:13.492 +05:30 [INF] WMS Response: GetDashboardSummaryQuery {"TotalEmployees":8,"ActiveEmployees":6,"TotalDepartments":4,"TotalProjects":4,"ActiveProjects":3,"TotalClients":4,"TodayAttendanceCount":3,"PendingLeaves":1,"AttendanceTrend":[{"Date":"Jun 08","Present":1,"Absent":0,"WFH":1,"WFO":0,"$type":"AttendanceTrendDto"},{"Date":"Jun 09","Present":1,"Absent":0,"WFH":0,"WFO":1,"$type":"AttendanceTrendDto"},{"Date":"Jun 10","Present":1,"Absent":0,"WFH":1,"WFO":0,"$type":"AttendanceTrendDto"},{"Date":"Jun 11","Present":1,"Absent":0,"WFH":0,"WFO":1,"$type":"AttendanceTrendDto"},{"Date":"Jun 12","Present":1,"Absent":0,"WFH":1,"WFO":0,"$type":"AttendanceTrendDto"},{"Date":"Jun 13","Present":3,"Absent":0,"WFH":1,"WFO":2,"$type":"AttendanceTrendDto"},{"Date":"Jun 14","Present":3,"Absent":0,"WFH":2,"WFO":1,"$type":"AttendanceTrendDto"}],"LeaveTrend":[{"Month":"2/2026","Approved":1,"Pending":0,"Rejected":0,"$type":"LeaveTrendDto"},{"Month":"3/2026","Approved":0,"Pending":0,"Rejected":1,"$type":"LeaveTrendDto"},{"Month":"4/2026","Approved":0,"Pending":0,"Rejected":1,"$type":"LeaveTrendDto"},{"Month":"5/2026","Approved":1,"Pending":0,"Rejected":0,"$type":"LeaveTrendDto"},{"Month":"6/2026","Approved":6,"Pending":1,"Rejected":2,"$type":"LeaveTrendDto"}],"DepartmentDistribution":[{"DepartmentName":"Finance","EmployeeCount":2,"$type":"DepartmentDistributionDto"},{"DepartmentName":"Operations","EmployeeCount":2,"$type":"DepartmentDistributionDto"},{"DepartmentName":"AI-DS","EmployeeCount":1,"$type":"DepartmentDistributionDto"},{"DepartmentName":"HR","EmployeeCount":1,"$type":"DepartmentDistributionDto"}],"ProjectStatusDistribution":[{"Status":"Active","Count":3,"$type":"ProjectStatusDto"},{"Status":"Completed","Count":1,"$type":"ProjectStatusDto"}],"RecentAnnouncements":[{"AnnouncementId":3,"Title":"Meeting","Message":"Monthly review meeting","CreatedBy":0,"CreatedByName":"Hardik Patel","CreatedOn":"2026-06-13T02:26:06.7300000","IsActive":true,"$type":"AnnouncementDto"},{"AnnouncementId":4,"Title":"Policy Update","Message":"New HR policy released","CreatedBy":0,"CreatedByName":"Hardik Patel","CreatedOn":"2026-06-13T02:26:06.7300000","IsActive":true,"$type":"AnnouncementDto"},{"AnnouncementId":5,"Title":"Training","Message":"AI training scheduled","CreatedBy":0,"CreatedByName":"Hardik Patel","CreatedOn":"2026-06-13T02:26:06.7300000","IsActive":true,"$type":"AnnouncementDto"}],"$type":"DashboardSummaryDto"}
2026-06-14 18:02:13.620 +05:30 [INF] HTTP GET /api/v1/dashboard/summary responded 200 in 209.3806 ms
2026-06-14 18:02:15.422 +05:30 [INF] HTTP OPTIONS /api/v1/departments responded 204 in 0.0269 ms
2026-06-14 18:02:15.424 +05:30 [INF] HTTP OPTIONS /api/v1/employees responded 204 in 0.0338 ms
2026-06-14 18:02:15.431 +05:30 [INF] WMS Request: GetDepartmentsQuery {"$type":"GetDepartmentsQuery"}
2026-06-14 18:02:15.433 +05:30 [INF] WMS Request: GetEmployeesQuery {"Search":null,"DepartmentId":null,"RoleId":null,"Status":"Active","PageNumber":1,"PageSize":10,"$type":"GetEmployeesQuery"}
2026-06-14 18:02:15.465 +05:30 [INF] WMS Response: GetDepartmentsQuery [{"DepartmentId":1,"DepartmentName":"HR","Description":"Human Resourcesss","EmployeeCount":2,"CreatedOn":"2024-01-01T00:00:00.0000000","$type":"DepartmentDto"},{"DepartmentId":3,"DepartmentName":"Finance","Description":"Finance & Accounts","EmployeeCount":2,"CreatedOn":"2024-01-01T00:00:00.0000000","$type":"DepartmentDto"},{"DepartmentId":4,"DepartmentName":"Operations","Description":"Business Operations","EmployeeCount":2,"CreatedOn":"2024-01-01T00:00:00.0000000","$type":"DepartmentDto"},{"DepartmentId":5,"DepartmentName":"AI-DS","Description":"artificial intelligence and data science","EmployeeCount":2,"CreatedOn":"2026-06-11T15:03:13.6443056","$type":"DepartmentDto"}]
2026-06-14 18:02:15.493 +05:30 [INF] HTTP GET /api/v1/departments responded 200 in 64.9675 ms
2026-06-14 18:02:15.498 +05:30 [INF] WMS Response: GetEmployeesQuery {"Items":[{"EmployeeId":8,"FirstName":"Arin","LastName":"saraf","FullName":"Arin saraf","Email":"arinsunar@gmail.com","PhoneNumber":"8945625347","Gender":"Male","DOB":"2004-01-04T00:00:00.0000000","DOJ":"2026-05-14T00:00:00.0000000","DepartmentId":3,"DepartmentName":"Finance","RoleId":3,"RoleName":"Employee","Status":"Active","CreatedOn":"2026-06-14T09:47:10.1921159","UpdatedOn":null,"$type":"EmployeeDto"},{"EmployeeId":3,"FirstName":"hardik","LastName":"maloo","FullName":"hardik maloo","Email":"hardikmaloo21@gmail.com","PhoneNumber":"8107663009","Gender":"Male","DOB":"2004-06-21T00:00:00.0000000","DOJ":"2026-06-04T00:00:00.0000000","DepartmentId":5,"DepartmentName":"AI-DS","RoleId":3,"RoleName":"Employee","Status":"Active","CreatedOn":"2026-06-12T23:10:13.1851457","UpdatedOn":null,"$type":"EmployeeDto"},{"EmployeeId":2,"FirstName":"harsh","LastName":"rathore","FullName":"harsh rathore","Email":"harsh@gmail.com","PhoneNumber":"7976681235","Gender":"Male","DOB":"2005-07-03T00:00:00.0000000","DOJ":"2026-06-12T00:00:00.0000000","DepartmentId":3,"DepartmentName":"Finance","RoleId":1,"RoleName":"Admin","Status":"Active","CreatedOn":"2026-06-12T21:25:47.5693795","UpdatedOn":"2026-06-12T23:08:27.1985056","$type":"EmployeeDto"},{"EmployeeId":5,"FirstName":"lakshya","LastName":"sharma","FullName":"lakshya sharma","Email":"lakshya@gmail.com","PhoneNumber":"8946456765","Gender":"Male","DOB":"2005-03-14T00:00:00.0000000","DOJ":"2026-04-08T00:00:00.0000000","DepartmentId":4,"DepartmentName":"Operations","RoleId":3,"RoleName":"Employee","Status":"Active","CreatedOn":"2026-06-13T08:09:44.8928080","UpdatedOn":null,"$type":"EmployeeDto"},{"EmployeeId":7,"FirstName":"pulkit","LastName":"jain","FullName":"pulkit jain","Email":"pulkitjain@gmail.com","PhoneNumber":"7894561230","Gender":"Male","DOB":"2004-04-14T00:00:00.0000000","DOJ":"2026-06-14T00:00:00.0000000","DepartmentId":4,"DepartmentName":"Operations","RoleId":3,"RoleName":"Employee","Status":"Active","CreatedOn":"2026-06-14T06:41:11.1355668","UpdatedOn":null,"$type":"EmployeeDto"},{"EmployeeId":6,"FirstName":"System","LastName":"Admin","FullName":"System Admin","Email":"admin@wms.com","PhoneNumber":"9999999999","Gender":"Male","DOB":"1990-01-01T00:00:00.0000000","DOJ":"2026-06-13T19:06:47.4733333","DepartmentId":1,"DepartmentName":"HR","RoleId":1,"RoleName":"Admin","Status":"Active","CreatedOn":"2026-06-13T19:06:47.4733333","UpdatedOn":null,"$type":"EmployeeDto"}],"TotalCount":6,"PageNumber":1,"PageSize":10,"TotalPages":1,"HasPreviousPage":false,"HasNextPage":false,"$type":"PagedResult`1"}
2026-06-14 18:02:15.599 +05:30 [INF] HTTP GET /api/v1/employees responded 200 in 168.8713 ms
2026-06-14 18:02:16.620 +05:30 [INF] WMS Request: GetDashboardSummaryQuery {"$type":"GetDashboardSummaryQuery"}
2026-06-14 18:02:16.720 +05:30 [INF] WMS Response: GetDashboardSummaryQuery {"TotalEmployees":8,"ActiveEmployees":6,"TotalDepartments":4,"TotalProjects":4,"ActiveProjects":3,"TotalClients":4,"TodayAttendanceCount":3,"PendingLeaves":1,"AttendanceTrend":[{"Date":"Jun 08","Present":1,"Absent":0,"WFH":1,"WFO":0,"$type":"AttendanceTrendDto"},{"Date":"Jun 09","Present":1,"Absent":0,"WFH":0,"WFO":1,"$type":"AttendanceTrendDto"},{"Date":"Jun 10","Present":1,"Absent":0,"WFH":1,"WFO":0,"$type":"AttendanceTrendDto"},{"Date":"Jun 11","Present":1,"Absent":0,"WFH":0,"WFO":1,"$type":"AttendanceTrendDto"},{"Date":"Jun 12","Present":1,"Absent":0,"WFH":1,"WFO":0,"$type":"AttendanceTrendDto"},{"Date":"Jun 13","Present":3,"Absent":0,"WFH":1,"WFO":2,"$type":"AttendanceTrendDto"},{"Date":"Jun 14","Present":3,"Absent":0,"WFH":2,"WFO":1,"$type":"AttendanceTrendDto"}],"LeaveTrend":[{"Month":"2/2026","Approved":1,"Pending":0,"Rejected":0,"$type":"LeaveTrendDto"},{"Month":"3/2026","Approved":0,"Pending":0,"Rejected":1,"$type":"LeaveTrendDto"},{"Month":"4/2026","Approved":0,"Pending":0,"Rejected":1,"$type":"LeaveTrendDto"},{"Month":"5/2026","Approved":1,"Pending":0,"Rejected":0,"$type":"LeaveTrendDto"},{"Month":"6/2026","Approved":6,"Pending":1,"Rejected":2,"$type":"LeaveTrendDto"}],"DepartmentDistribution":[{"DepartmentName":"Finance","EmployeeCount":2,"$type":"DepartmentDistributionDto"},{"DepartmentName":"Operations","EmployeeCount":2,"$type":"DepartmentDistributionDto"},{"DepartmentName":"AI-DS","EmployeeCount":1,"$type":"DepartmentDistributionDto"},{"DepartmentName":"HR","EmployeeCount":1,"$type":"DepartmentDistributionDto"}],"ProjectStatusDistribution":[{"Status":"Active","Count":3,"$type":"ProjectStatusDto"},{"Status":"Completed","Count":1,"$type":"ProjectStatusDto"}],"RecentAnnouncements":[{"AnnouncementId":3,"Title":"Meeting","Message":"Monthly review meeting","CreatedBy":0,"CreatedByName":"Hardik Patel","CreatedOn":"2026-06-13T02:26:06.7300000","IsActive":true,"$type":"AnnouncementDto"},{"AnnouncementId":4,"Title":"Policy Update","Message":"New HR policy released","CreatedBy":0,"CreatedByName":"Hardik Patel","CreatedOn":"2026-06-13T02:26:06.7300000","IsActive":true,"$type":"AnnouncementDto"},{"AnnouncementId":5,"Title":"Training","Message":"AI training scheduled","CreatedBy":0,"CreatedByName":"Hardik Patel","CreatedOn":"2026-06-13T02:26:06.7300000","IsActive":true,"$type":"AnnouncementDto"}],"$type":"DashboardSummaryDto"}
2026-06-14 18:02:16.828 +05:30 [INF] HTTP GET /api/v1/dashboard/summary responded 200 in 209.0593 ms
2026-06-14 18:02:18.996 +05:30 [INF] WMS Request: GetDepartmentsQuery {"$type":"GetDepartmentsQuery"}
2026-06-14 18:02:18.997 +05:30 [INF] WMS Request: GetEmployeesQuery {"Search":null,"DepartmentId":null,"RoleId":null,"Status":"Active","PageNumber":1,"PageSize":10,"$type":"GetEmployeesQuery"}
2026-06-14 18:02:19.016 +05:30 [INF] WMS Response: GetDepartmentsQuery [{"DepartmentId":1,"DepartmentName":"HR","Description":"Human Resourcesss","EmployeeCount":2,"CreatedOn":"2024-01-01T00:00:00.0000000","$type":"DepartmentDto"},{"DepartmentId":3,"DepartmentName":"Finance","Description":"Finance & Accounts","EmployeeCount":2,"CreatedOn":"2024-01-01T00:00:00.0000000","$type":"DepartmentDto"},{"DepartmentId":4,"DepartmentName":"Operations","Description":"Business Operations","EmployeeCount":2,"CreatedOn":"2024-01-01T00:00:00.0000000","$type":"DepartmentDto"},{"DepartmentId":5,"DepartmentName":"AI-DS","Description":"artificial intelligence and data science","EmployeeCount":2,"CreatedOn":"2026-06-11T15:03:13.6443056","$type":"DepartmentDto"}]
2026-06-14 18:02:19.034 +05:30 [INF] WMS Response: GetEmployeesQuery {"Items":[{"EmployeeId":8,"FirstName":"Arin","LastName":"saraf","FullName":"Arin saraf","Email":"arinsunar@gmail.com","PhoneNumber":"8945625347","Gender":"Male","DOB":"2004-01-04T00:00:00.0000000","DOJ":"2026-05-14T00:00:00.0000000","DepartmentId":3,"DepartmentName":"Finance","RoleId":3,"RoleName":"Employee","Status":"Active","CreatedOn":"2026-06-14T09:47:10.1921159","UpdatedOn":null,"$type":"EmployeeDto"},{"EmployeeId":3,"FirstName":"hardik","LastName":"maloo","FullName":"hardik maloo","Email":"hardikmaloo21@gmail.com","PhoneNumber":"8107663009","Gender":"Male","DOB":"2004-06-21T00:00:00.0000000","DOJ":"2026-06-04T00:00:00.0000000","DepartmentId":5,"DepartmentName":"AI-DS","RoleId":3,"RoleName":"Employee","Status":"Active","CreatedOn":"2026-06-12T23:10:13.1851457","UpdatedOn":null,"$type":"EmployeeDto"},{"EmployeeId":2,"FirstName":"harsh","LastName":"rathore","FullName":"harsh rathore","Email":"harsh@gmail.com","PhoneNumber":"7976681235","Gender":"Male","DOB":"2005-07-03T00:00:00.0000000","DOJ":"2026-06-12T00:00:00.0000000","DepartmentId":3,"DepartmentName":"Finance","RoleId":1,"RoleName":"Admin","Status":"Active","CreatedOn":"2026-06-12T21:25:47.5693795","UpdatedOn":"2026-06-12T23:08:27.1985056","$type":"EmployeeDto"},{"EmployeeId":5,"FirstName":"lakshya","LastName":"sharma","FullName":"lakshya sharma","Email":"lakshya@gmail.com","PhoneNumber":"8946456765","Gender":"Male","DOB":"2005-03-14T00:00:00.0000000","DOJ":"2026-04-08T00:00:00.0000000","DepartmentId":4,"DepartmentName":"Operations","RoleId":3,"RoleName":"Employee","Status":"Active","CreatedOn":"2026-06-13T08:09:44.8928080","UpdatedOn":null,"$type":"EmployeeDto"},{"EmployeeId":7,"FirstName":"pulkit","LastName":"jain","FullName":"pulkit jain","Email":"pulkitjain@gmail.com","PhoneNumber":"7894561230","Gender":"Male","DOB":"2004-04-14T00:00:00.0000000","DOJ":"2026-06-14T00:00:00.0000000","DepartmentId":4,"DepartmentName":"Operations","RoleId":3,"RoleName":"Employee","Status":"Active","CreatedOn":"2026-06-14T06:41:11.1355668","UpdatedOn":null,"$type":"EmployeeDto"},{"EmployeeId":6,"FirstName":"System","LastName":"Admin","FullName":"System Admin","Email":"admin@wms.com","PhoneNumber":"9999999999","Gender":"Male","DOB":"1990-01-01T00:00:00.0000000","DOJ":"2026-06-13T19:06:47.4733333","DepartmentId":1,"DepartmentName":"HR","RoleId":1,"RoleName":"Admin","Status":"Active","CreatedOn":"2026-06-13T19:06:47.4733333","UpdatedOn":null,"$type":"EmployeeDto"}],"TotalCount":6,"PageNumber":1,"PageSize":10,"TotalPages":1,"HasPreviousPage":false,"HasNextPage":false,"$type":"PagedResult`1"}
2026-06-14 18:02:19.046 +05:30 [INF] HTTP GET /api/v1/departments responded 200 in 49.8882 ms
2026-06-14 18:02:19.163 +05:30 [INF] HTTP GET /api/v1/employees responded 200 in 166.4725 ms
2026-06-14 18:02:20.877 +05:30 [INF] HTTP OPTIONS /api/v1/departments responded 204 in 0.0322 ms
2026-06-14 18:02:20.883 +05:30 [INF] WMS Request: GetDepartmentsQuery {"$type":"GetDepartmentsQuery"}
2026-06-14 18:02:20.898 +05:30 [INF] WMS Response: GetDepartmentsQuery [{"DepartmentId":1,"DepartmentName":"HR","Description":"Human Resourcesss","EmployeeCount":2,"CreatedOn":"2024-01-01T00:00:00.0000000","$type":"DepartmentDto"},{"DepartmentId":3,"DepartmentName":"Finance","Description":"Finance & Accounts","EmployeeCount":2,"CreatedOn":"2024-01-01T00:00:00.0000000","$type":"DepartmentDto"},{"DepartmentId":4,"DepartmentName":"Operations","Description":"Business Operations","EmployeeCount":2,"CreatedOn":"2024-01-01T00:00:00.0000000","$type":"DepartmentDto"},{"DepartmentId":5,"DepartmentName":"AI-DS","Description":"artificial intelligence and data science","EmployeeCount":2,"CreatedOn":"2026-06-11T15:03:13.6443056","$type":"DepartmentDto"}]
2026-06-14 18:02:20.921 +05:30 [INF] HTTP GET /api/v1/departments responded 200 in 38.5947 ms
2026-06-14 18:02:22.500 +05:30 [INF] HTTP OPTIONS /api/v1/employees responded 204 in 0.0373 ms
2026-06-14 18:02:22.500 +05:30 [INF] HTTP OPTIONS /api/v1/attendance/today responded 204 in 0.0374 ms
2026-06-14 18:02:22.514 +05:30 [INF] WMS Request: GetEmployeesQuery {"Search":null,"DepartmentId":null,"RoleId":null,"Status":null,"PageNumber":1,"PageSize":500,"$type":"GetEmployeesQuery"}
2026-06-14 18:02:22.519 +05:30 [INF] WMS Request: GetTodayAttendanceQuery {"$type":"GetTodayAttendanceQuery"}
2026-06-14 18:02:22.559 +05:30 [INF] WMS Response: GetEmployeesQuery {"Items":[{"EmployeeId":4,"FirstName":"aditya","LastName":"batwara","FullName":"aditya batwara","Email":"aditya21@gmail.com","PhoneNumber":"7414040730","Gender":"Male","DOB":"2004-02-21T00:00:00.0000000","DOJ":"2026-04-07T00:00:00.0000000","DepartmentId":5,"DepartmentName":"AI-DS","RoleId":3,"RoleName":"Employee","Status":"Inactive","CreatedOn":"2026-06-12T23:12:11.5907684","UpdatedOn":"2026-06-13T12:36:11.3585878","$type":"EmployeeDto"},{"EmployeeId":8,"FirstName":"Arin","LastName":"saraf","FullName":"Arin saraf","Email":"arinsunar@gmail.com","PhoneNumber":"8945625347","Gender":"Male","DOB":"2004-01-04T00:00:00.0000000","DOJ":"2026-05-14T00:00:00.0000000","DepartmentId":3,"DepartmentName":"Finance","RoleId":3,"RoleName":"Employee","Status":"Active","CreatedOn":"2026-06-14T09:47:10.1921159","UpdatedOn":null,"$type":"EmployeeDto"},{"EmployeeId":3,"FirstName":"hardik","LastName":"maloo","FullName":"hardik maloo","Email":"hardikmaloo21@gmail.com","PhoneNumber":"8107663009","Gender":"Male","DOB":"2004-06-21T00:00:00.0000000","DOJ":"2026-06-04T00:00:00.0000000","DepartmentId":5,"DepartmentName":"AI-DS","RoleId":3,"RoleName":"Employee","Status":"Active","CreatedOn":"2026-06-12T23:10:13.1851457","UpdatedOn":null,"$type":"EmployeeDto"},{"EmployeeId":1,"FirstName":"Hardik","LastName":"Patel","FullName":"Hardik Patel","Email":"hardik@test.com","PhoneNumber":"7737131410","Gender":"Male","DOB":"2004-06-21T00:00:00.0000000","DOJ":"2026-06-08T00:00:00.0000000","DepartmentId":1,"DepartmentName":"HR","RoleId":2,"RoleName":"Manager","Status":"Inactive","CreatedOn":"2026-06-11T15:03:58.6936554","UpdatedOn":"2026-06-13T23:49:09.2801027","$type":"EmployeeDto"},{"EmployeeId":2,"FirstName":"harsh","LastName":"rathore","FullName":"harsh rathore","Email":"harsh@gmail.com","PhoneNumber":"7976681235","Gender":"Male","DOB":"2005-07-03T00:00:00.0000000","DOJ":"2026-06-12T00:00:00.0000000","DepartmentId":3,"DepartmentName":"Finance","RoleId":1,"RoleName":"Admin","Status":"Active","CreatedOn":"2026-06-12T21:25:47.5693795","UpdatedOn":"2026-06-12T23:08:27.1985056","$type":"EmployeeDto"},{"EmployeeId":5,"FirstName":"lakshya","LastName":"sharma","FullName":"lakshya sharma","Email":"lakshya@gmail.com","PhoneNumber":"8946456765","Gender":"Male","DOB":"2005-03-14T00:00:00.0000000","DOJ":"2026-04-08T00:00:00.0000000","DepartmentId":4,"DepartmentName":"Operations","RoleId":3,"RoleName":"Employee","Status":"Active","CreatedOn":"2026-06-13T08:09:44.8928080","UpdatedOn":null,"$type":"EmployeeDto"},{"EmployeeId":7,"FirstName":"pulkit","LastName":"jain","FullName":"pulkit jain","Email":"pulkitjain@gmail.com","PhoneNumber":"7894561230","Gender":"Male","DOB":"2004-04-14T00:00:00.0000000","DOJ":"2026-06-14T00:00:00.0000000","DepartmentId":4,"DepartmentName":"Operations","RoleId":3,"RoleName":"Employee","Status":"Active","CreatedOn":"2026-06-14T06:41:11.1355668","UpdatedOn":null,"$type":"EmployeeDto"},{"EmployeeId":6,"FirstName":"System","LastName":"Admin","FullName":"System Admin","Email":"admin@wms.com","PhoneNumber":"9999999999","Gender":"Male","DOB":"1990-01-01T00:00:00.0000000","DOJ":"2026-06-13T19:06:47.4733333","DepartmentId":1,"DepartmentName":"HR","RoleId":1,"RoleName":"Admin","Status":"Active","CreatedOn":"2026-06-13T19:06:47.4733333","UpdatedOn":null,"$type":"EmployeeDto"}],"TotalCount":8,"PageNumber":1,"PageSize":500,"TotalPages":1,"HasPreviousPage":false,"HasNextPage":false,"$type":"PagedResult`1"}
2026-06-14 18:02:22.570 +05:30 [INF] WMS Response: GetTodayAttendanceQuery [{"AttendanceId":13,"EmpId":8,"EmployeeName":"Arin saraf","CheckIn":"2026-06-14T09:47:35.2231167","CheckOut":"2026-06-14T09:51:22.2789122","TotalHours":0.06,"WorkMode":"WFH","AttendanceDate":"2026-06-14T00:00:00.0000000","Status":"Complete","$type":"AttendanceDto"},{"AttendanceId":12,"EmpId":5,"EmployeeName":"lakshya sharma","CheckIn":"2026-06-14T09:37:15.6955527","CheckOut":null,"TotalHours":null,"WorkMode":"WFO","AttendanceDate":"2026-06-14T00:00:00.0000000","Status":"In Progress","$type":"AttendanceDto"},{"AttendanceId":11,"EmpId":7,"EmployeeName":"pulkit jain","CheckIn":"2026-06-14T09:29:31.4453900","CheckOut":"2026-06-14T09:29:42.4411016","TotalHours":0,"WorkMode":"WFH","AttendanceDate":"2026-06-14T00:00:00.0000000","Status":"Complete","$type":"AttendanceDto"}]
2026-06-14 18:02:22.693 +05:30 [INF] HTTP GET /api/v1/employees responded 200 in 182.8913 ms
2026-06-14 18:02:22.719 +05:30 [INF] HTTP GET /api/v1/attendance/today responded 200 in 202.5240 ms
2026-06-14 18:02:24.670 +05:30 [INF] HTTP OPTIONS /api/v1/leaves/employee/6 responded 204 in 0.0390 ms
2026-06-14 18:02:24.670 +05:30 [INF] HTTP OPTIONS /api/v1/leaves/pending responded 204 in 0.0296 ms
2026-06-14 18:02:24.681 +05:30 [INF] WMS Request: GetLeavesByEmployeeQuery {"EmployeeId":6,"PageNumber":1,"PageSize":10,"$type":"GetLeavesByEmployeeQuery"}
2026-06-14 18:02:24.683 +05:30 [INF] WMS Request: GetPendingLeavesQuery {"$type":"GetPendingLeavesQuery"}
2026-06-14 18:02:24.702 +05:30 [INF] WMS Response: GetLeavesByEmployeeQuery {"Items":[],"TotalCount":0,"PageNumber":1,"PageSize":10,"TotalPages":0,"HasPreviousPage":false,"HasNextPage":false,"$type":"PagedResult`1"}
2026-06-14 18:02:24.708 +05:30 [INF] WMS Response: GetPendingLeavesQuery [{"LeaveId":14,"EmpId":7,"EmployeeName":"pulkit jain","LeaveType":"Sick","Reason":"hgvddb","FromDate":"2026-08-07T00:00:00.0000000","ToDate":"2026-08-09T00:00:00.0000000","TotalDays":3,"Status":"Pending","AppliedOn":"2026-06-14T11:23:51.7171746","ApprovedBy":null,"ApproverName":null,"ApprovedOn":null,"$type":"LeaveDto"}]
2026-06-14 18:02:24.712 +05:30 [INF] HTTP GET /api/v1/leaves/employee/6 responded 200 in 32.9342 ms
2026-06-14 18:02:24.729 +05:30 [INF] HTTP GET /api/v1/leaves/pending responded 200 in 46.7095 ms
2026-06-14 18:02:29.133 +05:30 [INF] HTTP OPTIONS /api/v1/projects responded 204 in 0.0433 ms
2026-06-14 18:02:29.142 +05:30 [INF] WMS Request: GetProjectsQuery {"Search":null,"Status":null,"ClientId":null,"PageNumber":1,"PageSize":10,"$type":"GetProjectsQuery"}
2026-06-14 18:02:29.174 +05:30 [INF] WMS Response: GetProjectsQuery {"Items":[{"ProjectId":7,"ProjectName":"CRM","ClientId":3,"ClientName":"Microsoft","StartDate":"2026-06-13T00:00:00.0000000","EndDate":"2026-06-27T00:00:00.0000000","Status":"Active","AllocatedEmployeeCount":1,"CreatedOn":"2026-06-13T17:02:39.7969376","$type":"ProjectDto"},{"ProjectId":2,"ProjectName":"HR Portal","ClientId":3,"ClientName":"Microsoft","StartDate":"2026-01-01T00:00:00.0000000","EndDate":"2026-12-31T00:00:00.0000000","Status":"Active","AllocatedEmployeeCount":4,"CreatedOn":"2026-06-13T02:30:31.6900000","$type":"ProjectDto"},{"ProjectId":3,"ProjectName":"Employee App","ClientId":6,"ClientName":"Google","StartDate":"2026-02-01T00:00:00.0000000","EndDate":"2026-11-30T00:00:00.0000000","Status":"Active","AllocatedEmployeeCount":2,"CreatedOn":"2026-06-13T02:30:31.6900000","$type":"ProjectDto"},{"ProjectId":4,"ProjectName":"Finance Dashboard","ClientId":7,"ClientName":"string","StartDate":"2026-03-01T00:00:00.0000000","EndDate":"2026-10-31T00:00:00.0000000","Status":"Completed","AllocatedEmployeeCount":1,"CreatedOn":"2026-06-13T02:30:31.6900000","$type":"ProjectDto"}],"TotalCount":4,"PageNumber":1,"PageSize":10,"TotalPages":1,"HasPreviousPage":false,"HasNextPage":false,"$type":"PagedResult`1"}
2026-06-14 18:02:29.217 +05:30 [INF] HTTP GET /api/v1/projects responded 200 in 77.3171 ms
2026-06-14 18:02:30.342 +05:30 [INF] HTTP OPTIONS /api/v1/allocations responded 204 in 0.0270 ms
2026-06-14 18:02:30.351 +05:30 [INF] WMS Request: GetAllocationsQuery {"EmpId":null,"ProjectId":null,"Status":null,"PageNumber":1,"PageSize":10,"$type":"GetAllocationsQuery"}
2026-06-14 18:02:30.398 +05:30 [INF] WMS Response: GetAllocationsQuery {"Items":[{"AllocationId":8,"EmpId":5,"EmployeeName":"lakshya sharma","DepartmentName":"Operations","ProjectId":7,"ProjectName":"CRM","AssignedOn":"2026-08-15T00:00:00.0000000","Status":true,"CreatedBy":"","CreateDate":"2026-06-13T23:49:50.9229903","UpdatedBy":null,"UpdatedDate":null,"$type":"AllocationDto"},{"AllocationId":6,"EmpId":3,"EmployeeName":"hardik maloo","DepartmentName":"AI-DS","ProjectId":2,"ProjectName":"HR Portal","AssignedOn":"2026-06-29T00:00:00.0000000","Status":false,"CreatedBy":"","CreateDate":"2026-06-13T17:43:55.7346527","UpdatedBy":"admin","UpdatedDate":"2026-06-13T18:29:43.0918397","$type":"AllocationDto"},{"AllocationId":7,"EmpId":2,"EmployeeName":"harsh rathore","DepartmentName":"Finance","ProjectId":2,"ProjectName":"HR Portal","AssignedOn":"2026-06-22T00:00:00.0000000","Status":true,"CreatedBy":"","CreateDate":"2026-06-13T17:52:25.6705390","UpdatedBy":null,"UpdatedDate":null,"$type":"AllocationDto"},{"AllocationId":10,"EmpId":7,"EmployeeName":"pulkit jain","DepartmentName":"Operations","ProjectId":2,"ProjectName":"HR Portal","AssignedOn":"2026-06-14T17:29:52.7566667","Status":true,"CreatedBy":"Admin","CreateDate":"2026-06-14T17:29:52.7566667","UpdatedBy":null,"UpdatedDate":null,"$type":"AllocationDto"},{"AllocationId":9,"EmpId":7,"EmployeeName":"pulkit jain","DepartmentName":"Operations","ProjectId":3,"ProjectName":"Employee App","AssignedOn":"2026-06-14T00:00:00.0000000","Status":true,"CreatedBy":"","CreateDate":"2026-06-14T11:21:54.9114683","UpdatedBy":null,"UpdatedDate":null,"$type":"AllocationDto"},{"AllocationId":3,"EmpId":1,"EmployeeName":"Hardik Patel","DepartmentName":"HR","ProjectId":2,"ProjectName":"HR Portal","AssignedOn":"2026-06-13T02:32:33.3600000","Status":true,"CreatedBy":"Admin","CreateDate":"2026-06-13T02:32:33.3600000","UpdatedBy":null,"UpdatedDate":null,"$type":"AllocationDto"},{"AllocationId":4,"EmpId":1,"EmployeeName":"Hardik Patel","DepartmentName":"HR","ProjectId":3,"ProjectName":"Employee App","AssignedOn":"2026-06-13T02:32:33.3600000","Status":false,"CreatedBy":"Admin","CreateDate":"2026-06-13T02:32:33.3600000","UpdatedBy":null,"UpdatedDate":"2026-06-13T17:29:12.8824343","$type":"AllocationDto"},{"AllocationId":5,"EmpId":1,"EmployeeName":"Hardik Patel","DepartmentName":"HR","ProjectId":4,"ProjectName":"Finance Dashboard","AssignedOn":"2026-06-13T02:32:33.3600000","Status":false,"CreatedBy":"Admin","CreateDate":"2026-06-13T02:32:33.3600000","UpdatedBy":null,"UpdatedDate":"2026-06-13T17:29:05.4585258","$type":"AllocationDto"}],"TotalCount":8,"PageNumber":1,"PageSize":10,"TotalPages":1,"HasPreviousPage":false,"HasNextPage":false,"$type":"PagedResult`1"}
2026-06-14 18:02:30.548 +05:30 [INF] HTTP GET /api/v1/allocations responded 200 in 199.2291 ms
2026-06-14 18:02:31.300 +05:30 [INF] HTTP OPTIONS /api/v1/clients responded 204 in 0.0405 ms
2026-06-14 18:02:31.314 +05:30 [INF] WMS Request: GetClientsQuery {"Search":null,"PageNumber":1,"PageSize":10,"$type":"GetClientsQuery"}
2026-06-14 18:02:31.333 +05:30 [INF] WMS Response: GetClientsQuery {"Items":[{"ClientId":6,"ClientName":"Google","ClientAddress":"California","ClientPhoneNumber":9876543211,"ClientLocation":"USA","Status":true,"CreatedOn":"2026-06-13T02:24:32.4966667","$type":"ClientDto"},{"ClientId":8,"ClientName":"Infosys","ClientAddress":"Bangalore","ClientPhoneNumber":9876543213,"ClientLocation":"India","Status":true,"CreatedOn":"2026-06-13T02:24:32.4966667","$type":"ClientDto"},{"ClientId":3,"ClientName":"Microsoft","ClientAddress":"Redmond","ClientPhoneNumber":9876543210,"ClientLocation":"USA","Status":true,"CreatedOn":"2026-06-13T02:20:16.9833333","$type":"ClientDto"},{"ClientId":7,"ClientName":"string","ClientAddress":"string","ClientPhoneNumber":0,"ClientLocation":"string","Status":true,"CreatedOn":"2026-06-13T02:24:32.4966667","$type":"ClientDto"}],"TotalCount":4,"PageNumber":1,"PageSize":10,"TotalPages":1,"HasPreviousPage":false,"HasNextPage":false,"$type":"PagedResult`1"}
2026-06-14 18:02:31.378 +05:30 [INF] HTTP GET /api/v1/clients responded 200 in 66.3641 ms
2026-06-14 18:02:32.392 +05:30 [INF] HTTP OPTIONS /api/v1/announcements responded 204 in 0.0269 ms
2026-06-14 18:02:32.401 +05:30 [INF] WMS Request: GetAnnouncementsQuery {"IsActive":null,"PageNumber":1,"PageSize":10,"$type":"GetAnnouncementsQuery"}
2026-06-14 18:02:32.428 +05:30 [INF] WMS Response: GetAnnouncementsQuery {"Items":[{"AnnouncementId":2,"Title":"Holiday","Message":"Office holiday next week yesss","CreatedBy":1,"CreatedByName":"Hardik Patel","CreatedOn":"2026-06-13T02:26:06.7300000","IsActive":false,"$type":"AnnouncementDto"},{"AnnouncementId":3,"Title":"Meeting","Message":"Monthly review meeting","CreatedBy":1,"CreatedByName":"Hardik Patel","CreatedOn":"2026-06-13T02:26:06.7300000","IsActive":true,"$type":"AnnouncementDto"},{"AnnouncementId":4,"Title":"Policy Update","Message":"New HR policy released","CreatedBy":1,"CreatedByName":"Hardik Patel","CreatedOn":"2026-06-13T02:26:06.7300000","IsActive":true,"$type":"AnnouncementDto"},{"AnnouncementId":5,"Title":"Training","Message":"AI training scheduled","CreatedBy":1,"CreatedByName":"Hardik Patel","CreatedOn":"2026-06-13T02:26:06.7300000","IsActive":true,"$type":"AnnouncementDto"}],"TotalCount":4,"PageNumber":1,"PageSize":10,"TotalPages":1,"HasPreviousPage":false,"HasNextPage":false,"$type":"PagedResult`1"}
2026-06-14 18:02:32.490 +05:30 [INF] HTTP GET /api/v1/announcements responded 200 in 90.6114 ms
2026-06-14 18:02:39.684 +05:30 [INF] HTTP OPTIONS /api/v1/announcements responded 204 in 0.1099 ms
2026-06-14 18:02:39.697 +05:30 [INF] WMS Request: GetAnnouncementsQuery {"IsActive":null,"PageNumber":1,"PageSize":10,"$type":"GetAnnouncementsQuery"}
2026-06-14 18:02:39.723 +05:30 [INF] WMS Response: GetAnnouncementsQuery {"Items":[{"AnnouncementId":2,"Title":"Holiday","Message":"Office holiday next week yesss","CreatedBy":1,"CreatedByName":"Hardik Patel","CreatedOn":"2026-06-13T02:26:06.7300000","IsActive":false,"$type":"AnnouncementDto"},{"AnnouncementId":3,"Title":"Meeting","Message":"Monthly review meeting","CreatedBy":1,"CreatedByName":"Hardik Patel","CreatedOn":"2026-06-13T02:26:06.7300000","IsActive":true,"$type":"AnnouncementDto"},{"AnnouncementId":4,"Title":"Policy Update","Message":"New HR policy released","CreatedBy":1,"CreatedByName":"Hardik Patel","CreatedOn":"2026-06-13T02:26:06.7300000","IsActive":true,"$type":"AnnouncementDto"},{"AnnouncementId":5,"Title":"Training","Message":"AI training scheduled","CreatedBy":1,"CreatedByName":"Hardik Patel","CreatedOn":"2026-06-13T02:26:06.7300000","IsActive":true,"$type":"AnnouncementDto"}],"TotalCount":4,"PageNumber":1,"PageSize":10,"TotalPages":1,"HasPreviousPage":false,"HasNextPage":false,"$type":"PagedResult`1"}
2026-06-14 18:02:39.780 +05:30 [INF] HTTP GET /api/v1/announcements responded 200 in 83.9860 ms
2026-06-14 18:02:42.742 +05:30 [INF] HTTP OPTIONS /api/v1/allocations responded 204 in 0.0373 ms
2026-06-14 18:02:42.751 +05:30 [INF] WMS Request: GetAllocationsQuery {"EmpId":null,"ProjectId":null,"Status":null,"PageNumber":1,"PageSize":10,"$type":"GetAllocationsQuery"}
2026-06-14 18:02:42.784 +05:30 [INF] WMS Response: GetAllocationsQuery {"Items":[{"AllocationId":8,"EmpId":5,"EmployeeName":"lakshya sharma","DepartmentName":"Operations","ProjectId":7,"ProjectName":"CRM","AssignedOn":"2026-08-15T00:00:00.0000000","Status":true,"CreatedBy":"","CreateDate":"2026-06-13T23:49:50.9229903","UpdatedBy":null,"UpdatedDate":null,"$type":"AllocationDto"},{"AllocationId":6,"EmpId":3,"EmployeeName":"hardik maloo","DepartmentName":"AI-DS","ProjectId":2,"ProjectName":"HR Portal","AssignedOn":"2026-06-29T00:00:00.0000000","Status":false,"CreatedBy":"","CreateDate":"2026-06-13T17:43:55.7346527","UpdatedBy":"admin","UpdatedDate":"2026-06-13T18:29:43.0918397","$type":"AllocationDto"},{"AllocationId":7,"EmpId":2,"EmployeeName":"harsh rathore","DepartmentName":"Finance","ProjectId":2,"ProjectName":"HR Portal","AssignedOn":"2026-06-22T00:00:00.0000000","Status":true,"CreatedBy":"","CreateDate":"2026-06-13T17:52:25.6705390","UpdatedBy":null,"UpdatedDate":null,"$type":"AllocationDto"},{"AllocationId":10,"EmpId":7,"EmployeeName":"pulkit jain","DepartmentName":"Operations","ProjectId":2,"ProjectName":"HR Portal","AssignedOn":"2026-06-14T17:29:52.7566667","Status":true,"CreatedBy":"Admin","CreateDate":"2026-06-14T17:29:52.7566667","UpdatedBy":null,"UpdatedDate":null,"$type":"AllocationDto"},{"AllocationId":9,"EmpId":7,"EmployeeName":"pulkit jain","DepartmentName":"Operations","ProjectId":3,"ProjectName":"Employee App","AssignedOn":"2026-06-14T00:00:00.0000000","Status":true,"CreatedBy":"","CreateDate":"2026-06-14T11:21:54.9114683","UpdatedBy":null,"UpdatedDate":null,"$type":"AllocationDto"},{"AllocationId":3,"EmpId":1,"EmployeeName":"Hardik Patel","DepartmentName":"HR","ProjectId":2,"ProjectName":"HR Portal","AssignedOn":"2026-06-13T02:32:33.3600000","Status":true,"CreatedBy":"Admin","CreateDate":"2026-06-13T02:32:33.3600000","UpdatedBy":null,"UpdatedDate":null,"$type":"AllocationDto"},{"AllocationId":4,"EmpId":1,"EmployeeName":"Hardik Patel","DepartmentName":"HR","ProjectId":3,"ProjectName":"Employee App","AssignedOn":"2026-06-13T02:32:33.3600000","Status":false,"CreatedBy":"Admin","CreateDate":"2026-06-13T02:32:33.3600000","UpdatedBy":null,"UpdatedDate":"2026-06-13T17:29:12.8824343","$type":"AllocationDto"},{"AllocationId":5,"EmpId":1,"EmployeeName":"Hardik Patel","DepartmentName":"HR","ProjectId":4,"ProjectName":"Finance Dashboard","AssignedOn":"2026-06-13T02:32:33.3600000","Status":false,"CreatedBy":"Admin","CreateDate":"2026-06-13T02:32:33.3600000","UpdatedBy":null,"UpdatedDate":"2026-06-13T17:29:05.4585258","$type":"AllocationDto"}],"TotalCount":8,"PageNumber":1,"PageSize":10,"TotalPages":1,"HasPreviousPage":false,"HasNextPage":false,"$type":"PagedResult`1"}
2026-06-14 18:02:42.891 +05:30 [INF] HTTP GET /api/v1/allocations responded 200 in 139.7037 ms
2026-06-14 18:02:44.674 +05:30 [INF] HTTP OPTIONS /api/v1/employees responded 204 in 0.0379 ms
2026-06-14 18:02:44.674 +05:30 [INF] HTTP OPTIONS /api/v1/projects responded 204 in 0.0270 ms
2026-06-14 18:02:44.681 +05:30 [INF] WMS Request: GetEmployeesQuery {"Search":null,"DepartmentId":null,"RoleId":null,"Status":null,"PageNumber":1,"PageSize":100,"$type":"GetEmployeesQuery"}
2026-06-14 18:02:44.685 +05:30 [INF] WMS Request: GetProjectsQuery {"Search":null,"Status":null,"ClientId":null,"PageNumber":1,"PageSize":100,"$type":"GetProjectsQuery"}
2026-06-14 18:02:44.717 +05:30 [INF] WMS Response: GetEmployeesQuery {"Items":[{"EmployeeId":4,"FirstName":"aditya","LastName":"batwara","FullName":"aditya batwara","Email":"aditya21@gmail.com","PhoneNumber":"7414040730","Gender":"Male","DOB":"2004-02-21T00:00:00.0000000","DOJ":"2026-04-07T00:00:00.0000000","DepartmentId":5,"DepartmentName":"AI-DS","RoleId":3,"RoleName":"Employee","Status":"Inactive","CreatedOn":"2026-06-12T23:12:11.5907684","UpdatedOn":"2026-06-13T12:36:11.3585878","$type":"EmployeeDto"},{"EmployeeId":8,"FirstName":"Arin","LastName":"saraf","FullName":"Arin saraf","Email":"arinsunar@gmail.com","PhoneNumber":"8945625347","Gender":"Male","DOB":"2004-01-04T00:00:00.0000000","DOJ":"2026-05-14T00:00:00.0000000","DepartmentId":3,"DepartmentName":"Finance","RoleId":3,"RoleName":"Employee","Status":"Active","CreatedOn":"2026-06-14T09:47:10.1921159","UpdatedOn":null,"$type":"EmployeeDto"},{"EmployeeId":3,"FirstName":"hardik","LastName":"maloo","FullName":"hardik maloo","Email":"hardikmaloo21@gmail.com","PhoneNumber":"8107663009","Gender":"Male","DOB":"2004-06-21T00:00:00.0000000","DOJ":"2026-06-04T00:00:00.0000000","DepartmentId":5,"DepartmentName":"AI-DS","RoleId":3,"RoleName":"Employee","Status":"Active","CreatedOn":"2026-06-12T23:10:13.1851457","UpdatedOn":null,"$type":"EmployeeDto"},{"EmployeeId":1,"FirstName":"Hardik","LastName":"Patel","FullName":"Hardik Patel","Email":"hardik@test.com","PhoneNumber":"7737131410","Gender":"Male","DOB":"2004-06-21T00:00:00.0000000","DOJ":"2026-06-08T00:00:00.0000000","DepartmentId":1,"DepartmentName":"HR","RoleId":2,"RoleName":"Manager","Status":"Inactive","CreatedOn":"2026-06-11T15:03:58.6936554","UpdatedOn":"2026-06-13T23:49:09.2801027","$type":"EmployeeDto"},{"EmployeeId":2,"FirstName":"harsh","LastName":"rathore","FullName":"harsh rathore","Email":"harsh@gmail.com","PhoneNumber":"7976681235","Gender":"Male","DOB":"2005-07-03T00:00:00.0000000","DOJ":"2026-06-12T00:00:00.0000000","DepartmentId":3,"DepartmentName":"Finance","RoleId":1,"RoleName":"Admin","Status":"Active","CreatedOn":"2026-06-12T21:25:47.5693795","UpdatedOn":"2026-06-12T23:08:27.1985056","$type":"EmployeeDto"},{"EmployeeId":5,"FirstName":"lakshya","LastName":"sharma","FullName":"lakshya sharma","Email":"lakshya@gmail.com","PhoneNumber":"8946456765","Gender":"Male","DOB":"2005-03-14T00:00:00.0000000","DOJ":"2026-04-08T00:00:00.0000000","DepartmentId":4,"DepartmentName":"Operations","RoleId":3,"RoleName":"Employee","Status":"Active","CreatedOn":"2026-06-13T08:09:44.8928080","UpdatedOn":null,"$type":"EmployeeDto"},{"EmployeeId":7,"FirstName":"pulkit","LastName":"jain","FullName":"pulkit jain","Email":"pulkitjain@gmail.com","PhoneNumber":"7894561230","Gender":"Male","DOB":"2004-04-14T00:00:00.0000000","DOJ":"2026-06-14T00:00:00.0000000","DepartmentId":4,"DepartmentName":"Operations","RoleId":3,"RoleName":"Employee","Status":"Active","CreatedOn":"2026-06-14T06:41:11.1355668","UpdatedOn":null,"$type":"EmployeeDto"},{"EmployeeId":6,"FirstName":"System","LastName":"Admin","FullName":"System Admin","Email":"admin@wms.com","PhoneNumber":"9999999999","Gender":"Male","DOB":"1990-01-01T00:00:00.0000000","DOJ":"2026-06-13T19:06:47.4733333","DepartmentId":1,"DepartmentName":"HR","RoleId":1,"RoleName":"Admin","Status":"Active","CreatedOn":"2026-06-13T19:06:47.4733333","UpdatedOn":null,"$type":"EmployeeDto"}],"TotalCount":8,"PageNumber":1,"PageSize":100,"TotalPages":1,"HasPreviousPage":false,"HasNextPage":false,"$type":"PagedResult`1"}
2026-06-14 18:02:44.724 +05:30 [INF] WMS Response: GetProjectsQuery {"Items":[{"ProjectId":7,"ProjectName":"CRM","ClientId":3,"ClientName":"Microsoft","StartDate":"2026-06-13T00:00:00.0000000","EndDate":"2026-06-27T00:00:00.0000000","Status":"Active","AllocatedEmployeeCount":1,"CreatedOn":"2026-06-13T17:02:39.7969376","$type":"ProjectDto"},{"ProjectId":2,"ProjectName":"HR Portal","ClientId":3,"ClientName":"Microsoft","StartDate":"2026-01-01T00:00:00.0000000","EndDate":"2026-12-31T00:00:00.0000000","Status":"Active","AllocatedEmployeeCount":4,"CreatedOn":"2026-06-13T02:30:31.6900000","$type":"ProjectDto"},{"ProjectId":3,"ProjectName":"Employee App","ClientId":6,"ClientName":"Google","StartDate":"2026-02-01T00:00:00.0000000","EndDate":"2026-11-30T00:00:00.0000000","Status":"Active","AllocatedEmployeeCount":2,"CreatedOn":"2026-06-13T02:30:31.6900000","$type":"ProjectDto"},{"ProjectId":4,"ProjectName":"Finance Dashboard","ClientId":7,"ClientName":"string","StartDate":"2026-03-01T00:00:00.0000000","EndDate":"2026-10-31T00:00:00.0000000","Status":"Completed","AllocatedEmployeeCount":1,"CreatedOn":"2026-06-13T02:30:31.6900000","$type":"ProjectDto"}],"TotalCount":4,"PageNumber":1,"PageSize":100,"TotalPages":1,"HasPreviousPage":false,"HasNextPage":false,"$type":"PagedResult`1"}
2026-06-14 18:02:44.870 +05:30 [INF] HTTP GET /api/v1/employees responded 200 in 189.7122 ms
2026-06-14 18:02:44.917 +05:30 [INF] HTTP GET /api/v1/projects responded 200 in 232.9973 ms
2026-06-14 18:02:46.797 +05:30 [INF] HTTP OPTIONS /api/v1/clients responded 204 in 0.0288 ms
2026-06-14 18:02:46.805 +05:30 [INF] WMS Request: GetClientsQuery {"Search":null,"PageNumber":1,"PageSize":10,"$type":"GetClientsQuery"}
2026-06-14 18:02:46.819 +05:30 [INF] WMS Response: GetClientsQuery {"Items":[{"ClientId":6,"ClientName":"Google","ClientAddress":"California","ClientPhoneNumber":9876543211,"ClientLocation":"USA","Status":true,"CreatedOn":"2026-06-13T02:24:32.4966667","$type":"ClientDto"},{"ClientId":8,"ClientName":"Infosys","ClientAddress":"Bangalore","ClientPhoneNumber":9876543213,"ClientLocation":"India","Status":true,"CreatedOn":"2026-06-13T02:24:32.4966667","$type":"ClientDto"},{"ClientId":3,"ClientName":"Microsoft","ClientAddress":"Redmond","ClientPhoneNumber":9876543210,"ClientLocation":"USA","Status":true,"CreatedOn":"2026-06-13T02:20:16.9833333","$type":"ClientDto"},{"ClientId":7,"ClientName":"string","ClientAddress":"string","ClientPhoneNumber":0,"ClientLocation":"string","Status":true,"CreatedOn":"2026-06-13T02:24:32.4966667","$type":"ClientDto"}],"TotalCount":4,"PageNumber":1,"PageSize":10,"TotalPages":1,"HasPreviousPage":false,"HasNextPage":false,"$type":"PagedResult`1"}
2026-06-14 18:02:46.863 +05:30 [INF] HTTP GET /api/v1/clients responded 200 in 58.4932 ms
2026-06-14 18:02:50.460 +05:30 [INF] WMS Request: GetClientsQuery {"Search":null,"PageNumber":1,"PageSize":10,"$type":"GetClientsQuery"}
2026-06-14 18:02:50.486 +05:30 [INF] WMS Response: GetClientsQuery {"Items":[{"ClientId":6,"ClientName":"Google","ClientAddress":"California","ClientPhoneNumber":9876543211,"ClientLocation":"USA","Status":true,"CreatedOn":"2026-06-13T02:24:32.4966667","$type":"ClientDto"},{"ClientId":8,"ClientName":"Infosys","ClientAddress":"Bangalore","ClientPhoneNumber":9876543213,"ClientLocation":"India","Status":true,"CreatedOn":"2026-06-13T02:24:32.4966667","$type":"ClientDto"},{"ClientId":3,"ClientName":"Microsoft","ClientAddress":"Redmond","ClientPhoneNumber":9876543210,"ClientLocation":"USA","Status":true,"CreatedOn":"2026-06-13T02:20:16.9833333","$type":"ClientDto"},{"ClientId":7,"ClientName":"string","ClientAddress":"string","ClientPhoneNumber":0,"ClientLocation":"string","Status":true,"CreatedOn":"2026-06-13T02:24:32.4966667","$type":"ClientDto"}],"TotalCount":4,"PageNumber":1,"PageSize":10,"TotalPages":1,"HasPreviousPage":false,"HasNextPage":false,"$type":"PagedResult`1"}
2026-06-14 18:02:50.532 +05:30 [INF] HTTP GET /api/v1/clients responded 200 in 73.8502 ms
2026-06-14 18:02:51.583 +05:30 [INF] HTTP OPTIONS /api/v1/projects responded 204 in 0.0373 ms
2026-06-14 18:02:51.596 +05:30 [INF] WMS Request: GetProjectsQuery {"Search":null,"Status":null,"ClientId":null,"PageNumber":1,"PageSize":10,"$type":"GetProjectsQuery"}
2026-06-14 18:02:51.627 +05:30 [INF] WMS Response: GetProjectsQuery {"Items":[{"ProjectId":7,"ProjectName":"CRM","ClientId":3,"ClientName":"Microsoft","StartDate":"2026-06-13T00:00:00.0000000","EndDate":"2026-06-27T00:00:00.0000000","Status":"Active","AllocatedEmployeeCount":1,"CreatedOn":"2026-06-13T17:02:39.7969376","$type":"ProjectDto"},{"ProjectId":2,"ProjectName":"HR Portal","ClientId":3,"ClientName":"Microsoft","StartDate":"2026-01-01T00:00:00.0000000","EndDate":"2026-12-31T00:00:00.0000000","Status":"Active","AllocatedEmployeeCount":4,"CreatedOn":"2026-06-13T02:30:31.6900000","$type":"ProjectDto"},{"ProjectId":3,"ProjectName":"Employee App","ClientId":6,"ClientName":"Google","StartDate":"2026-02-01T00:00:00.0000000","EndDate":"2026-11-30T00:00:00.0000000","Status":"Active","AllocatedEmployeeCount":2,"CreatedOn":"2026-06-13T02:30:31.6900000","$type":"ProjectDto"},{"ProjectId":4,"ProjectName":"Finance Dashboard","ClientId":7,"ClientName":"string","StartDate":"2026-03-01T00:00:00.0000000","EndDate":"2026-10-31T00:00:00.0000000","Status":"Completed","AllocatedEmployeeCount":1,"CreatedOn":"2026-06-13T02:30:31.6900000","$type":"ProjectDto"}],"TotalCount":4,"PageNumber":1,"PageSize":10,"TotalPages":1,"HasPreviousPage":false,"HasNextPage":false,"$type":"PagedResult`1"}
2026-06-14 18:02:51.675 +05:30 [INF] HTTP GET /api/v1/projects responded 200 in 81.7098 ms
2026-06-14 18:02:53.106 +05:30 [INF] HTTP OPTIONS /api/v1/clients responded 204 in 0.0403 ms
2026-06-14 18:02:53.119 +05:30 [INF] WMS Request: GetClientsQuery {"Search":null,"PageNumber":1,"PageSize":100,"$type":"GetClientsQuery"}
2026-06-14 18:02:53.136 +05:30 [INF] WMS Response: GetClientsQuery {"Items":[{"ClientId":6,"ClientName":"Google","ClientAddress":"California","ClientPhoneNumber":9876543211,"ClientLocation":"USA","Status":true,"CreatedOn":"2026-06-13T02:24:32.4966667","$type":"ClientDto"},{"ClientId":8,"ClientName":"Infosys","ClientAddress":"Bangalore","ClientPhoneNumber":9876543213,"ClientLocation":"India","Status":true,"CreatedOn":"2026-06-13T02:24:32.4966667","$type":"ClientDto"},{"ClientId":3,"ClientName":"Microsoft","ClientAddress":"Redmond","ClientPhoneNumber":9876543210,"ClientLocation":"USA","Status":true,"CreatedOn":"2026-06-13T02:20:16.9833333","$type":"ClientDto"},{"ClientId":7,"ClientName":"string","ClientAddress":"string","ClientPhoneNumber":0,"ClientLocation":"string","Status":true,"CreatedOn":"2026-06-13T02:24:32.4966667","$type":"ClientDto"}],"TotalCount":4,"PageNumber":1,"PageSize":100,"TotalPages":1,"HasPreviousPage":false,"HasNextPage":false,"$type":"PagedResult`1"}
2026-06-14 18:02:53.204 +05:30 [INF] HTTP GET /api/v1/clients responded 200 in 85.2969 ms
2026-06-14 18:02:54.659 +05:30 [INF] WMS Request: GetProjectsQuery {"Search":null,"Status":null,"ClientId":null,"PageNumber":1,"PageSize":10,"$type":"GetProjectsQuery"}
2026-06-14 18:02:54.696 +05:30 [INF] WMS Response: GetProjectsQuery {"Items":[{"ProjectId":7,"ProjectName":"CRM","ClientId":3,"ClientName":"Microsoft","StartDate":"2026-06-13T00:00:00.0000000","EndDate":"2026-06-27T00:00:00.0000000","Status":"Active","AllocatedEmployeeCount":1,"CreatedOn":"2026-06-13T17:02:39.7969376","$type":"ProjectDto"},{"ProjectId":2,"ProjectName":"HR Portal","ClientId":3,"ClientName":"Microsoft","StartDate":"2026-01-01T00:00:00.0000000","EndDate":"2026-12-31T00:00:00.0000000","Status":"Active","AllocatedEmployeeCount":4,"CreatedOn":"2026-06-13T02:30:31.6900000","$type":"ProjectDto"},{"ProjectId":3,"ProjectName":"Employee App","ClientId":6,"ClientName":"Google","StartDate":"2026-02-01T00:00:00.0000000","EndDate":"2026-11-30T00:00:00.0000000","Status":"Active","AllocatedEmployeeCount":2,"CreatedOn":"2026-06-13T02:30:31.6900000","$type":"ProjectDto"},{"ProjectId":4,"ProjectName":"Finance Dashboard","ClientId":7,"ClientName":"string","StartDate":"2026-03-01T00:00:00.0000000","EndDate":"2026-10-31T00:00:00.0000000","Status":"Completed","AllocatedEmployeeCount":1,"CreatedOn":"2026-06-13T02:30:31.6900000","$type":"ProjectDto"}],"TotalCount":4,"PageNumber":1,"PageSize":10,"TotalPages":1,"HasPreviousPage":false,"HasNextPage":false,"$type":"PagedResult`1"}
2026-06-14 18:02:54.762 +05:30 [INF] HTTP GET /api/v1/projects responded 200 in 103.3562 ms
2026-06-14 18:02:56.266 +05:30 [INF] HTTP OPTIONS /api/v1/leaves/employee/6 responded 204 in 0.0272 ms
2026-06-14 18:02:56.266 +05:30 [INF] HTTP OPTIONS /api/v1/leaves/pending responded 204 in 0.0251 ms
2026-06-14 18:02:56.273 +05:30 [INF] WMS Request: GetLeavesByEmployeeQuery {"EmployeeId":6,"PageNumber":1,"PageSize":10,"$type":"GetLeavesByEmployeeQuery"}
2026-06-14 18:02:56.275 +05:30 [INF] WMS Request: GetPendingLeavesQuery {"$type":"GetPendingLeavesQuery"}
2026-06-14 18:02:56.287 +05:30 [INF] WMS Response: GetLeavesByEmployeeQuery {"Items":[],"TotalCount":0,"PageNumber":1,"PageSize":10,"TotalPages":0,"HasPreviousPage":false,"HasNextPage":false,"$type":"PagedResult`1"}
2026-06-14 18:02:56.292 +05:30 [INF] WMS Response: GetPendingLeavesQuery [{"LeaveId":14,"EmpId":7,"EmployeeName":"pulkit jain","LeaveType":"Sick","Reason":"hgvddb","FromDate":"2026-08-07T00:00:00.0000000","ToDate":"2026-08-09T00:00:00.0000000","TotalDays":3,"Status":"Pending","AppliedOn":"2026-06-14T11:23:51.7171746","ApprovedBy":null,"ApproverName":null,"ApprovedOn":null,"$type":"LeaveDto"}]
2026-06-14 18:02:56.298 +05:30 [INF] HTTP GET /api/v1/leaves/employee/6 responded 200 in 25.4579 ms
2026-06-14 18:02:56.309 +05:30 [INF] HTTP GET /api/v1/leaves/pending responded 200 in 33.3947 ms
2026-06-14 18:02:57.696 +05:30 [INF] HTTP OPTIONS /api/v1/attendance/today responded 204 in 0.0495 ms
2026-06-14 18:02:57.697 +05:30 [INF] HTTP OPTIONS /api/v1/employees responded 204 in 0.0459 ms
2026-06-14 18:02:57.706 +05:30 [INF] WMS Request: GetTodayAttendanceQuery {"$type":"GetTodayAttendanceQuery"}
2026-06-14 18:02:57.712 +05:30 [INF] WMS Request: GetEmployeesQuery {"Search":null,"DepartmentId":null,"RoleId":null,"Status":null,"PageNumber":1,"PageSize":500,"$type":"GetEmployeesQuery"}
2026-06-14 18:02:57.734 +05:30 [INF] WMS Response: GetTodayAttendanceQuery [{"AttendanceId":13,"EmpId":8,"EmployeeName":"Arin saraf","CheckIn":"2026-06-14T09:47:35.2231167","CheckOut":"2026-06-14T09:51:22.2789122","TotalHours":0.06,"WorkMode":"WFH","AttendanceDate":"2026-06-14T00:00:00.0000000","Status":"Complete","$type":"AttendanceDto"},{"AttendanceId":12,"EmpId":5,"EmployeeName":"lakshya sharma","CheckIn":"2026-06-14T09:37:15.6955527","CheckOut":null,"TotalHours":null,"WorkMode":"WFO","AttendanceDate":"2026-06-14T00:00:00.0000000","Status":"In Progress","$type":"AttendanceDto"},{"AttendanceId":11,"EmpId":7,"EmployeeName":"pulkit jain","CheckIn":"2026-06-14T09:29:31.4453900","CheckOut":"2026-06-14T09:29:42.4411016","TotalHours":0,"WorkMode":"WFH","AttendanceDate":"2026-06-14T00:00:00.0000000","Status":"Complete","$type":"AttendanceDto"}]
2026-06-14 18:02:57.748 +05:30 [INF] WMS Response: GetEmployeesQuery {"Items":[{"EmployeeId":4,"FirstName":"aditya","LastName":"batwara","FullName":"aditya batwara","Email":"aditya21@gmail.com","PhoneNumber":"7414040730","Gender":"Male","DOB":"2004-02-21T00:00:00.0000000","DOJ":"2026-04-07T00:00:00.0000000","DepartmentId":5,"DepartmentName":"AI-DS","RoleId":3,"RoleName":"Employee","Status":"Inactive","CreatedOn":"2026-06-12T23:12:11.5907684","UpdatedOn":"2026-06-13T12:36:11.3585878","$type":"EmployeeDto"},{"EmployeeId":8,"FirstName":"Arin","LastName":"saraf","FullName":"Arin saraf","Email":"arinsunar@gmail.com","PhoneNumber":"8945625347","Gender":"Male","DOB":"2004-01-04T00:00:00.0000000","DOJ":"2026-05-14T00:00:00.0000000","DepartmentId":3,"DepartmentName":"Finance","RoleId":3,"RoleName":"Employee","Status":"Active","CreatedOn":"2026-06-14T09:47:10.1921159","UpdatedOn":null,"$type":"EmployeeDto"},{"EmployeeId":3,"FirstName":"hardik","LastName":"maloo","FullName":"hardik maloo","Email":"hardikmaloo21@gmail.com","PhoneNumber":"8107663009","Gender":"Male","DOB":"2004-06-21T00:00:00.0000000","DOJ":"2026-06-04T00:00:00.0000000","DepartmentId":5,"DepartmentName":"AI-DS","RoleId":3,"RoleName":"Employee","Status":"Active","CreatedOn":"2026-06-12T23:10:13.1851457","UpdatedOn":null,"$type":"EmployeeDto"},{"EmployeeId":1,"FirstName":"Hardik","LastName":"Patel","FullName":"Hardik Patel","Email":"hardik@test.com","PhoneNumber":"7737131410","Gender":"Male","DOB":"2004-06-21T00:00:00.0000000","DOJ":"2026-06-08T00:00:00.0000000","DepartmentId":1,"DepartmentName":"HR","RoleId":2,"RoleName":"Manager","Status":"Inactive","CreatedOn":"2026-06-11T15:03:58.6936554","UpdatedOn":"2026-06-13T23:49:09.2801027","$type":"EmployeeDto"},{"EmployeeId":2,"FirstName":"harsh","LastName":"rathore","FullName":"harsh rathore","Email":"harsh@gmail.com","PhoneNumber":"7976681235","Gender":"Male","DOB":"2005-07-03T00:00:00.0000000","DOJ":"2026-06-12T00:00:00.0000000","DepartmentId":3,"DepartmentName":"Finance","RoleId":1,"RoleName":"Admin","Status":"Active","CreatedOn":"2026-06-12T21:25:47.5693795","UpdatedOn":"2026-06-12T23:08:27.1985056","$type":"EmployeeDto"},{"EmployeeId":5,"FirstName":"lakshya","LastName":"sharma","FullName":"lakshya sharma","Email":"lakshya@gmail.com","PhoneNumber":"8946456765","Gender":"Male","DOB":"2005-03-14T00:00:00.0000000","DOJ":"2026-04-08T00:00:00.0000000","DepartmentId":4,"DepartmentName":"Operations","RoleId":3,"RoleName":"Employee","Status":"Active","CreatedOn":"2026-06-13T08:09:44.8928080","UpdatedOn":null,"$type":"EmployeeDto"},{"EmployeeId":7,"FirstName":"pulkit","LastName":"jain","FullName":"pulkit jain","Email":"pulkitjain@gmail.com","PhoneNumber":"7894561230","Gender":"Male","DOB":"2004-04-14T00:00:00.0000000","DOJ":"2026-06-14T00:00:00.0000000","DepartmentId":4,"DepartmentName":"Operations","RoleId":3,"RoleName":"Employee","Status":"Active","CreatedOn":"2026-06-14T06:41:11.1355668","UpdatedOn":null,"$type":"EmployeeDto"},{"EmployeeId":6,"FirstName":"System","LastName":"Admin","FullName":"System Admin","Email":"admin@wms.com","PhoneNumber":"9999999999","Gender":"Male","DOB":"1990-01-01T00:00:00.0000000","DOJ":"2026-06-13T19:06:47.4733333","DepartmentId":1,"DepartmentName":"HR","RoleId":1,"RoleName":"Admin","Status":"Active","CreatedOn":"2026-06-13T19:06:47.4733333","UpdatedOn":null,"$type":"EmployeeDto"}],"TotalCount":8,"PageNumber":1,"PageSize":500,"TotalPages":1,"HasPreviousPage":false,"HasNextPage":false,"$type":"PagedResult`1"}
2026-06-14 18:02:57.776 +05:30 [INF] HTTP GET /api/v1/attendance/today responded 200 in 70.2653 ms
2026-06-14 18:02:57.929 +05:30 [INF] HTTP GET /api/v1/employees responded 200 in 217.6153 ms
2026-06-14 18:03:00.271 +05:30 [INF] WMS Request: GetEmployeesQuery {"Search":null,"DepartmentId":null,"RoleId":null,"Status":null,"PageNumber":1,"PageSize":500,"$type":"GetEmployeesQuery"}
2026-06-14 18:03:00.311 +05:30 [INF] WMS Response: GetEmployeesQuery {"Items":[{"EmployeeId":4,"FirstName":"aditya","LastName":"batwara","FullName":"aditya batwara","Email":"aditya21@gmail.com","PhoneNumber":"7414040730","Gender":"Male","DOB":"2004-02-21T00:00:00.0000000","DOJ":"2026-04-07T00:00:00.0000000","DepartmentId":5,"DepartmentName":"AI-DS","RoleId":3,"RoleName":"Employee","Status":"Inactive","CreatedOn":"2026-06-12T23:12:11.5907684","UpdatedOn":"2026-06-13T12:36:11.3585878","$type":"EmployeeDto"},{"EmployeeId":8,"FirstName":"Arin","LastName":"saraf","FullName":"Arin saraf","Email":"arinsunar@gmail.com","PhoneNumber":"8945625347","Gender":"Male","DOB":"2004-01-04T00:00:00.0000000","DOJ":"2026-05-14T00:00:00.0000000","DepartmentId":3,"DepartmentName":"Finance","RoleId":3,"RoleName":"Employee","Status":"Active","CreatedOn":"2026-06-14T09:47:10.1921159","UpdatedOn":null,"$type":"EmployeeDto"},{"EmployeeId":3,"FirstName":"hardik","LastName":"maloo","FullName":"hardik maloo","Email":"hardikmaloo21@gmail.com","PhoneNumber":"8107663009","Gender":"Male","DOB":"2004-06-21T00:00:00.0000000","DOJ":"2026-06-04T00:00:00.0000000","DepartmentId":5,"DepartmentName":"AI-DS","RoleId":3,"RoleName":"Employee","Status":"Active","CreatedOn":"2026-06-12T23:10:13.1851457","UpdatedOn":null,"$type":"EmployeeDto"},{"EmployeeId":1,"FirstName":"Hardik","LastName":"Patel","FullName":"Hardik Patel","Email":"hardik@test.com","PhoneNumber":"7737131410","Gender":"Male","DOB":"2004-06-21T00:00:00.0000000","DOJ":"2026-06-08T00:00:00.0000000","DepartmentId":1,"DepartmentName":"HR","RoleId":2,"RoleName":"Manager","Status":"Inactive","CreatedOn":"2026-06-11T15:03:58.6936554","UpdatedOn":"2026-06-13T23:49:09.2801027","$type":"EmployeeDto"},{"EmployeeId":2,"FirstName":"harsh","LastName":"rathore","FullName":"harsh rathore","Email":"harsh@gmail.com","PhoneNumber":"7976681235","Gender":"Male","DOB":"2005-07-03T00:00:00.0000000","DOJ":"2026-06-12T00:00:00.0000000","DepartmentId":3,"DepartmentName":"Finance","RoleId":1,"RoleName":"Admin","Status":"Active","CreatedOn":"2026-06-12T21:25:47.5693795","UpdatedOn":"2026-06-12T23:08:27.1985056","$type":"EmployeeDto"},{"EmployeeId":5,"FirstName":"lakshya","LastName":"sharma","FullName":"lakshya sharma","Email":"lakshya@gmail.com","PhoneNumber":"8946456765","Gender":"Male","DOB":"2005-03-14T00:00:00.0000000","DOJ":"2026-04-08T00:00:00.0000000","DepartmentId":4,"DepartmentName":"Operations","RoleId":3,"RoleName":"Employee","Status":"Active","CreatedOn":"2026-06-13T08:09:44.8928080","UpdatedOn":null,"$type":"EmployeeDto"},{"EmployeeId":7,"FirstName":"pulkit","LastName":"jain","FullName":"pulkit jain","Email":"pulkitjain@gmail.com","PhoneNumber":"7894561230","Gender":"Male","DOB":"2004-04-14T00:00:00.0000000","DOJ":"2026-06-14T00:00:00.0000000","DepartmentId":4,"DepartmentName":"Operations","RoleId":3,"RoleName":"Employee","Status":"Active","CreatedOn":"2026-06-14T06:41:11.1355668","UpdatedOn":null,"$type":"EmployeeDto"},{"EmployeeId":6,"FirstName":"System","LastName":"Admin","FullName":"System Admin","Email":"admin@wms.com","PhoneNumber":"9999999999","Gender":"Male","DOB":"1990-01-01T00:00:00.0000000","DOJ":"2026-06-13T19:06:47.4733333","DepartmentId":1,"DepartmentName":"HR","RoleId":1,"RoleName":"Admin","Status":"Active","CreatedOn":"2026-06-13T19:06:47.4733333","UpdatedOn":null,"$type":"EmployeeDto"}],"TotalCount":8,"PageNumber":1,"PageSize":500,"TotalPages":1,"HasPreviousPage":false,"HasNextPage":false,"$type":"PagedResult`1"}
2026-06-14 18:03:00.507 +05:30 [INF] HTTP GET /api/v1/employees responded 200 in 236.4880 ms
2026-06-14 18:03:01.378 +05:30 [INF] WMS Request: GetTodayAttendanceQuery {"$type":"GetTodayAttendanceQuery"}
2026-06-14 18:03:01.379 +05:30 [INF] WMS Request: GetEmployeesQuery {"Search":null,"DepartmentId":null,"RoleId":null,"Status":null,"PageNumber":1,"PageSize":500,"$type":"GetEmployeesQuery"}
2026-06-14 18:03:01.400 +05:30 [INF] WMS Response: GetTodayAttendanceQuery [{"AttendanceId":13,"EmpId":8,"EmployeeName":"Arin saraf","CheckIn":"2026-06-14T09:47:35.2231167","CheckOut":"2026-06-14T09:51:22.2789122","TotalHours":0.06,"WorkMode":"WFH","AttendanceDate":"2026-06-14T00:00:00.0000000","Status":"Complete","$type":"AttendanceDto"},{"AttendanceId":12,"EmpId":5,"EmployeeName":"lakshya sharma","CheckIn":"2026-06-14T09:37:15.6955527","CheckOut":null,"TotalHours":null,"WorkMode":"WFO","AttendanceDate":"2026-06-14T00:00:00.0000000","Status":"In Progress","$type":"AttendanceDto"},{"AttendanceId":11,"EmpId":7,"EmployeeName":"pulkit jain","CheckIn":"2026-06-14T09:29:31.4453900","CheckOut":"2026-06-14T09:29:42.4411016","TotalHours":0,"WorkMode":"WFH","AttendanceDate":"2026-06-14T00:00:00.0000000","Status":"Complete","$type":"AttendanceDto"}]
2026-06-14 18:03:01.416 +05:30 [INF] WMS Response: GetEmployeesQuery {"Items":[{"EmployeeId":4,"FirstName":"aditya","LastName":"batwara","FullName":"aditya batwara","Email":"aditya21@gmail.com","PhoneNumber":"7414040730","Gender":"Male","DOB":"2004-02-21T00:00:00.0000000","DOJ":"2026-04-07T00:00:00.0000000","DepartmentId":5,"DepartmentName":"AI-DS","RoleId":3,"RoleName":"Employee","Status":"Inactive","CreatedOn":"2026-06-12T23:12:11.5907684","UpdatedOn":"2026-06-13T12:36:11.3585878","$type":"EmployeeDto"},{"EmployeeId":8,"FirstName":"Arin","LastName":"saraf","FullName":"Arin saraf","Email":"arinsunar@gmail.com","PhoneNumber":"8945625347","Gender":"Male","DOB":"2004-01-04T00:00:00.0000000","DOJ":"2026-05-14T00:00:00.0000000","DepartmentId":3,"DepartmentName":"Finance","RoleId":3,"RoleName":"Employee","Status":"Active","CreatedOn":"2026-06-14T09:47:10.1921159","UpdatedOn":null,"$type":"EmployeeDto"},{"EmployeeId":3,"FirstName":"hardik","LastName":"maloo","FullName":"hardik maloo","Email":"hardikmaloo21@gmail.com","PhoneNumber":"8107663009","Gender":"Male","DOB":"2004-06-21T00:00:00.0000000","DOJ":"2026-06-04T00:00:00.0000000","DepartmentId":5,"DepartmentName":"AI-DS","RoleId":3,"RoleName":"Employee","Status":"Active","CreatedOn":"2026-06-12T23:10:13.1851457","UpdatedOn":null,"$type":"EmployeeDto"},{"EmployeeId":1,"FirstName":"Hardik","LastName":"Patel","FullName":"Hardik Patel","Email":"hardik@test.com","PhoneNumber":"7737131410","Gender":"Male","DOB":"2004-06-21T00:00:00.0000000","DOJ":"2026-06-08T00:00:00.0000000","DepartmentId":1,"DepartmentName":"HR","RoleId":2,"RoleName":"Manager","Status":"Inactive","CreatedOn":"2026-06-11T15:03:58.6936554","UpdatedOn":"2026-06-13T23:49:09.2801027","$type":"EmployeeDto"},{"EmployeeId":2,"FirstName":"harsh","LastName":"rathore","FullName":"harsh rathore","Email":"harsh@gmail.com","PhoneNumber":"7976681235","Gender":"Male","DOB":"2005-07-03T00:00:00.0000000","DOJ":"2026-06-12T00:00:00.0000000","DepartmentId":3,"DepartmentName":"Finance","RoleId":1,"RoleName":"Admin","Status":"Active","CreatedOn":"2026-06-12T21:25:47.5693795","UpdatedOn":"2026-06-12T23:08:27.1985056","$type":"EmployeeDto"},{"EmployeeId":5,"FirstName":"lakshya","LastName":"sharma","FullName":"lakshya sharma","Email":"lakshya@gmail.com","PhoneNumber":"8946456765","Gender":"Male","DOB":"2005-03-14T00:00:00.0000000","DOJ":"2026-04-08T00:00:00.0000000","DepartmentId":4,"DepartmentName":"Operations","RoleId":3,"RoleName":"Employee","Status":"Active","CreatedOn":"2026-06-13T08:09:44.8928080","UpdatedOn":null,"$type":"EmployeeDto"},{"EmployeeId":7,"FirstName":"pulkit","LastName":"jain","FullName":"pulkit jain","Email":"pulkitjain@gmail.com","PhoneNumber":"7894561230","Gender":"Male","DOB":"2004-04-14T00:00:00.0000000","DOJ":"2026-06-14T00:00:00.0000000","DepartmentId":4,"DepartmentName":"Operations","RoleId":3,"RoleName":"Employee","Status":"Active","CreatedOn":"2026-06-14T06:41:11.1355668","UpdatedOn":null,"$type":"EmployeeDto"},{"EmployeeId":6,"FirstName":"System","LastName":"Admin","FullName":"System Admin","Email":"admin@wms.com","PhoneNumber":"9999999999","Gender":"Male","DOB":"1990-01-01T00:00:00.0000000","DOJ":"2026-06-13T19:06:47.4733333","DepartmentId":1,"DepartmentName":"HR","RoleId":1,"RoleName":"Admin","Status":"Active","CreatedOn":"2026-06-13T19:06:47.4733333","UpdatedOn":null,"$type":"EmployeeDto"}],"TotalCount":8,"PageNumber":1,"PageSize":500,"TotalPages":1,"HasPreviousPage":false,"HasNextPage":false,"$type":"PagedResult`1"}
2026-06-14 18:03:01.433 +05:30 [INF] HTTP GET /api/v1/attendance/today responded 200 in 55.2099 ms
2026-06-14 18:03:01.557 +05:30 [INF] HTTP GET /api/v1/employees responded 200 in 178.8922 ms
2026-06-14 18:03:02.738 +05:30 [INF] HTTP OPTIONS /api/v1/departments responded 204 in 0.0421 ms
2026-06-14 18:03:02.750 +05:30 [INF] WMS Request: GetDepartmentsQuery {"$type":"GetDepartmentsQuery"}
2026-06-14 18:03:02.770 +05:30 [INF] WMS Response: GetDepartmentsQuery [{"DepartmentId":1,"DepartmentName":"HR","Description":"Human Resourcesss","EmployeeCount":2,"CreatedOn":"2024-01-01T00:00:00.0000000","$type":"DepartmentDto"},{"DepartmentId":3,"DepartmentName":"Finance","Description":"Finance & Accounts","EmployeeCount":2,"CreatedOn":"2024-01-01T00:00:00.0000000","$type":"DepartmentDto"},{"DepartmentId":4,"DepartmentName":"Operations","Description":"Business Operations","EmployeeCount":2,"CreatedOn":"2024-01-01T00:00:00.0000000","$type":"DepartmentDto"},{"DepartmentId":5,"DepartmentName":"AI-DS","Description":"artificial intelligence and data science","EmployeeCount":2,"CreatedOn":"2026-06-11T15:03:13.6443056","$type":"DepartmentDto"}]
2026-06-14 18:03:02.821 +05:30 [INF] HTTP GET /api/v1/departments responded 200 in 71.7327 ms
2026-06-14 18:03:03.988 +05:30 [INF] HTTP OPTIONS /api/v1/employees responded 204 in 0.0355 ms
2026-06-14 18:03:03.989 +05:30 [INF] WMS Request: GetDepartmentsQuery {"$type":"GetDepartmentsQuery"}
2026-06-14 18:03:03.997 +05:30 [INF] WMS Request: GetEmployeesQuery {"Search":null,"DepartmentId":null,"RoleId":null,"Status":"Active","PageNumber":1,"PageSize":10,"$type":"GetEmployeesQuery"}
2026-06-14 18:03:04.012 +05:30 [INF] WMS Response: GetDepartmentsQuery [{"DepartmentId":1,"DepartmentName":"HR","Description":"Human Resourcesss","EmployeeCount":2,"CreatedOn":"2024-01-01T00:00:00.0000000","$type":"DepartmentDto"},{"DepartmentId":3,"DepartmentName":"Finance","Description":"Finance & Accounts","EmployeeCount":2,"CreatedOn":"2024-01-01T00:00:00.0000000","$type":"DepartmentDto"},{"DepartmentId":4,"DepartmentName":"Operations","Description":"Business Operations","EmployeeCount":2,"CreatedOn":"2024-01-01T00:00:00.0000000","$type":"DepartmentDto"},{"DepartmentId":5,"DepartmentName":"AI-DS","Description":"artificial intelligence and data science","EmployeeCount":2,"CreatedOn":"2026-06-11T15:03:13.6443056","$type":"DepartmentDto"}]
2026-06-14 18:03:04.030 +05:30 [INF] WMS Response: GetEmployeesQuery {"Items":[{"EmployeeId":8,"FirstName":"Arin","LastName":"saraf","FullName":"Arin saraf","Email":"arinsunar@gmail.com","PhoneNumber":"8945625347","Gender":"Male","DOB":"2004-01-04T00:00:00.0000000","DOJ":"2026-05-14T00:00:00.0000000","DepartmentId":3,"DepartmentName":"Finance","RoleId":3,"RoleName":"Employee","Status":"Active","CreatedOn":"2026-06-14T09:47:10.1921159","UpdatedOn":null,"$type":"EmployeeDto"},{"EmployeeId":3,"FirstName":"hardik","LastName":"maloo","FullName":"hardik maloo","Email":"hardikmaloo21@gmail.com","PhoneNumber":"8107663009","Gender":"Male","DOB":"2004-06-21T00:00:00.0000000","DOJ":"2026-06-04T00:00:00.0000000","DepartmentId":5,"DepartmentName":"AI-DS","RoleId":3,"RoleName":"Employee","Status":"Active","CreatedOn":"2026-06-12T23:10:13.1851457","UpdatedOn":null,"$type":"EmployeeDto"},{"EmployeeId":2,"FirstName":"harsh","LastName":"rathore","FullName":"harsh rathore","Email":"harsh@gmail.com","PhoneNumber":"7976681235","Gender":"Male","DOB":"2005-07-03T00:00:00.0000000","DOJ":"2026-06-12T00:00:00.0000000","DepartmentId":3,"DepartmentName":"Finance","RoleId":1,"RoleName":"Admin","Status":"Active","CreatedOn":"2026-06-12T21:25:47.5693795","UpdatedOn":"2026-06-12T23:08:27.1985056","$type":"EmployeeDto"},{"EmployeeId":5,"FirstName":"lakshya","LastName":"sharma","FullName":"lakshya sharma","Email":"lakshya@gmail.com","PhoneNumber":"8946456765","Gender":"Male","DOB":"2005-03-14T00:00:00.0000000","DOJ":"2026-04-08T00:00:00.0000000","DepartmentId":4,"DepartmentName":"Operations","RoleId":3,"RoleName":"Employee","Status":"Active","CreatedOn":"2026-06-13T08:09:44.8928080","UpdatedOn":null,"$type":"EmployeeDto"},{"EmployeeId":7,"FirstName":"pulkit","LastName":"jain","FullName":"pulkit jain","Email":"pulkitjain@gmail.com","PhoneNumber":"7894561230","Gender":"Male","DOB":"2004-04-14T00:00:00.0000000","DOJ":"2026-06-14T00:00:00.0000000","DepartmentId":4,"DepartmentName":"Operations","RoleId":3,"RoleName":"Employee","Status":"Active","CreatedOn":"2026-06-14T06:41:11.1355668","UpdatedOn":null,"$type":"EmployeeDto"},{"EmployeeId":6,"FirstName":"System","LastName":"Admin","FullName":"System Admin","Email":"admin@wms.com","PhoneNumber":"9999999999","Gender":"Male","DOB":"1990-01-01T00:00:00.0000000","DOJ":"2026-06-13T19:06:47.4733333","DepartmentId":1,"DepartmentName":"HR","RoleId":1,"RoleName":"Admin","Status":"Active","CreatedOn":"2026-06-13T19:06:47.4733333","UpdatedOn":null,"$type":"EmployeeDto"}],"TotalCount":6,"PageNumber":1,"PageSize":10,"TotalPages":1,"HasPreviousPage":false,"HasNextPage":false,"$type":"PagedResult`1"}
2026-06-14 18:03:04.046 +05:30 [INF] HTTP GET /api/v1/departments responded 200 in 57.9139 ms
2026-06-14 18:03:04.161 +05:30 [INF] HTTP GET /api/v1/employees responded 200 in 164.7415 ms
2026-06-14 18:03:08.547 +05:30 [INF] HTTP OPTIONS /api/v1/dashboard/summary responded 204 in 0.0268 ms
2026-06-14 18:03:08.553 +05:30 [INF] WMS Request: GetDashboardSummaryQuery {"$type":"GetDashboardSummaryQuery"}
2026-06-14 18:03:08.636 +05:30 [INF] WMS Response: GetDashboardSummaryQuery {"TotalEmployees":8,"ActiveEmployees":6,"TotalDepartments":4,"TotalProjects":4,"ActiveProjects":3,"TotalClients":4,"TodayAttendanceCount":3,"PendingLeaves":1,"AttendanceTrend":[{"Date":"Jun 08","Present":1,"Absent":0,"WFH":1,"WFO":0,"$type":"AttendanceTrendDto"},{"Date":"Jun 09","Present":1,"Absent":0,"WFH":0,"WFO":1,"$type":"AttendanceTrendDto"},{"Date":"Jun 10","Present":1,"Absent":0,"WFH":1,"WFO":0,"$type":"AttendanceTrendDto"},{"Date":"Jun 11","Present":1,"Absent":0,"WFH":0,"WFO":1,"$type":"AttendanceTrendDto"},{"Date":"Jun 12","Present":1,"Absent":0,"WFH":1,"WFO":0,"$type":"AttendanceTrendDto"},{"Date":"Jun 13","Present":3,"Absent":0,"WFH":1,"WFO":2,"$type":"AttendanceTrendDto"},{"Date":"Jun 14","Present":3,"Absent":0,"WFH":2,"WFO":1,"$type":"AttendanceTrendDto"}],"LeaveTrend":[{"Month":"2/2026","Approved":1,"Pending":0,"Rejected":0,"$type":"LeaveTrendDto"},{"Month":"3/2026","Approved":0,"Pending":0,"Rejected":1,"$type":"LeaveTrendDto"},{"Month":"4/2026","Approved":0,"Pending":0,"Rejected":1,"$type":"LeaveTrendDto"},{"Month":"5/2026","Approved":1,"Pending":0,"Rejected":0,"$type":"LeaveTrendDto"},{"Month":"6/2026","Approved":6,"Pending":1,"Rejected":2,"$type":"LeaveTrendDto"}],"DepartmentDistribution":[{"DepartmentName":"Finance","EmployeeCount":2,"$type":"DepartmentDistributionDto"},{"DepartmentName":"Operations","EmployeeCount":2,"$type":"DepartmentDistributionDto"},{"DepartmentName":"AI-DS","EmployeeCount":1,"$type":"DepartmentDistributionDto"},{"DepartmentName":"HR","EmployeeCount":1,"$type":"DepartmentDistributionDto"}],"ProjectStatusDistribution":[{"Status":"Active","Count":3,"$type":"ProjectStatusDto"},{"Status":"Completed","Count":1,"$type":"ProjectStatusDto"}],"RecentAnnouncements":[{"AnnouncementId":3,"Title":"Meeting","Message":"Monthly review meeting","CreatedBy":0,"CreatedByName":"Hardik Patel","CreatedOn":"2026-06-13T02:26:06.7300000","IsActive":true,"$type":"AnnouncementDto"},{"AnnouncementId":4,"Title":"Policy Update","Message":"New HR policy released","CreatedBy":0,"CreatedByName":"Hardik Patel","CreatedOn":"2026-06-13T02:26:06.7300000","IsActive":true,"$type":"AnnouncementDto"},{"AnnouncementId":5,"Title":"Training","Message":"AI training scheduled","CreatedBy":0,"CreatedByName":"Hardik Patel","CreatedOn":"2026-06-13T02:26:06.7300000","IsActive":true,"$type":"AnnouncementDto"}],"$type":"DashboardSummaryDto"}
2026-06-14 18:03:08.746 +05:30 [INF] HTTP GET /api/v1/dashboard/summary responded 200 in 192.9505 ms
2026-06-14 18:05:16.846 +05:30 [WRN] As of ""2026-06-14T12:35:16.7039026+00:00"", the heartbeat has been running for ""00:00:01.2172105"" which is longer than ""00:00:01"". This could be caused by thread pool starvation.
